tenure_months,monthly_charges,total_charges,age,credit_score,support_tickets,login_frequency,avg_session_duration,payment_delay_days,contract_length_months,num_dependents,international_plan,voice_mail_plan,data_usage_gb,roaming_charges,device_protection,paperless_billing,num_referrals,churn_target
62.0,63.12,4028.1,32,652,0,-3.102800801198028,5.582191522677031,6,4.478272658306883,2,0,0,0.9072555617792871,-7.034755434960637,1,0,5,0
9.0,70.25,615.83,61,691,0,5.025054093254297,-1.5722940706159665,7,-0.2201583282225107,2,0,1,-1.8981031658506606,2.1568719548250916,1,1,3,0
41.0,118.41,5221.17,20,650,4,-6.069429960328854,7.991846014241858,4,2.410352012073535,1,0,0,-2.1029864392378887,-5.808922764538286,1,0,1,0
27.0,73.31,2014.53,42,725,4,0.36397870701470036,2.1924941689713653,12,2.0360033030646356,1,1,0,-0.16455713176019252,-1.496705348641978,0,1,1,1
57.0,89.97,5087.1,39,598,3,-3.5980514261103447,2.5236284417139903,6,1.671937619308857,1,1,0,-0.6202640790397012,-3.473985335521971,1,0,2,0
57.0,44.32,2657.04,40,649,2,-2.9830958698698717,0.2547003530022652,4,1.374157044301029,1,0,0,-0.024175209770042082,-3.628637338491446,1,0,0,1
11.0,99.97,1086.32,43,820,0,-4.4252390783051565,1.3603439173830925,2,1.64237231336499,1,0,0,-0.9860984034202479,-4.246923310012024,1,0,0,1
13.0,67.46,940.08,51,757,1,-0.42237002702538556,-5.623848205252767,7,-4.164010823657043,1,0,1,0.608579932347221,-1.2721392603014972,1,1,1,1
37.0,32.13,1177.68,44,574,0,3.3514651710503225,2.8609403789457164,5,0.8577351246020836,1,0,1,-0.14202161796285884,-1.0311098920477855,0,0,1,1
37.0,105.97,3593.18,68,599,1,2.533734945108784,-6.965050488843278,6,2.8087690101587963,1,0,1,2.1698070278561543,7.440104564212611,0,1,5,0
61.0,67.57,3721.25,45,509,1,3.8129003961760866,1.1807962834587251,3,1.0461619482153117,2,0,1,-1.0160229592371257,5.900419389355959,0,1,3,0
48.0,84.49,4117.85,22,657,1,0.3748657895063624,3.543281412269238,1,1.4303294141072351,1,1,1,-1.389915033596411,-1.09473346027097,0,0,3,0
72.0,72.31,4793.65,27,501,0,2.0766632713648163,7.242479414032565,1,3.7300640991886005,1,0,1,1.1346566091250057,-0.23987328929109644,1,0,7,0
7.0,92.37,611.08,24,777,1,2.9510433398555165,6.227822536725005,0,0.6834823949556343,3,0,1,-0.6531590020798669,0.9897247589896868,0,0,5,0
36.0,40.29,1507.25,18,672,2,7.629278965662387,5.5681134837039075,1,-4.524411656634247,2,1,1,-1.5017257732909,-0.3365689726312583,0,0,5,0
9.0,90.26,796.89,71,648,0,5.145600038421105,-2.447223457267618,1,-0.10903558841253358,0,1,1,1.4558233265945553,7.333184154641752,0,1,2,0
16.0,93.86,1544.98,41,506,1,5.385921849109598,3.5155473786404303,3,-3.0224686732971175,0,0,1,-0.7612470525822722,5.138648062443886,0,0,1,0
48.0,82.84,3847.91,37,390,4,6.65886998290755,4.767665800274966,9,-2.184602117029906,0,1,1,0.17420347551279847,5.287265016511053,0,0,3,0
44.0,19.99,908.09,26,577,1,6.276334521299597,4.11681736247174,5,0.81110022793986,2,0,1,-0.9678256029174003,-0.4608706622439319,0,0,2,0
62.0,121.79,7127.66,64,411,3,-2.1913252622844737,0.03199083098278797,6,2.4397538868753643,3,1,1,0.9291307848531186,2.9798708194297934,1,0,0,0
1.0,134.57,144.56,37,697,2,-2.3788660390380136,-0.21568996644403357,1,-5.69406809971842,1,0,1,0.729637707174896,2.63724078901994,1,0,3,1
3.0,149.99,423.34,36,647,2,-2.3130805478257597,1.6069242324026354,1,-3.735886921441697,2,0,0,0.7193713674706166,6.398224960914158,1,1,4,1
44.0,100.65,4047.76,38,643,2,-4.318390315917389,1.6447488847220515,5,2.2655062546053304,2,0,1,-0.41449785388736143,-3.8176788443502043,1,0,0,0
48.0,59.32,2861.57,37,531,1,5.118718188153054,6.8892966476422055,6,1.0005205087297049,2,0,0,-2.0024863660819503,1.979105303031216,1,0,8,0
17.0,108.95,1670.47,31,803,1,-1.13986640189837,0.039994864263280645,4,-1.9639161241275027,1,0,1,-0.3008787545287461,0.23414664110260863,1,1,4,1
26.0,103.03,2828.83,37,685,1,-8.311596042910063,3.9304977765733478,9,2.964545439629001,0,1,0,1.7295397743481464,-9.186252437356805,1,0,3,0
35.0,64.42,2087.1,18,609,2,-0.01657301049229311,11.66834367242992,2,-2.479839146040858,4,1,0,-0.556548896209264,-0.9279616324662984,0,0,3,1
58.0,19.99,1245.97,21,478,1,6.201132454964632,9.097414128759763,4,0.10873066350408722,0,1,1,0.34585583153887217,2.5356372106450835,0,0,6,0
1.0,149.99,154.09,32,723,3,-1.0652159579589722,1.8216982631411438,9,-0.5666297386581546,3,0,1,0.5655645964470789,3.749384818826057,1,1,5,0
1.0,94.35,102.92,80,850,0,-0.48755161547062836,-12.863811133720668,2,-0.12021357005340871,0,1,1,0.0422687815830018,-0.11652374437450744,1,1,4,0
45.0,38.95,1912.45,18,575,2,3.0985473552699156,9.138722754719497,4,-0.5676416057819579,1,0,1,0.39994086532590845,-3.9500928158825226,0,0,5,0
27.0,60.45,1518.65,31,529,2,8.047668544057569,5.055085243156104,2,-2.7023640286224317,2,0,1,-0.3450857593917615,4.025338971236629,1,0,4,0
72.0,68.17,5109.57,23,434,1,-5.078793456999131,2.926643665455927,6,-2.1998452932533783,1,1,0,0.36877494143591194,-0.6815038486687828,1,0,6,1
35.0,124.49,4057.33,62,473,3,1.109364547668286,2.8191668466757167,3,2.5536596076471363,1,0,1,1.9437048246870174,5.034473290656973,1,1,2,0
42.0,23.27,1042.92,55,550,2,5.689649936362849,2.02673033972954,3,-1.132545793098128,2,0,0,0.5768542401333245,1.147765781145747,1,0,5,0
28.0,59.06,1774.18,49,556,2,4.7994644508606195,1.8667748827034325,5,-1.9007475773827052,2,0,0,0.08838207601414509,4.422835578575164,1,1,2,0
42.0,55.23,2413.53,34,732,0,-0.11437549340716302,-5.208527799394844,1,1.7115298345534855,0,0,1,-0.004983470416331116,-2.854788018264269,1,1,4,0
56.0,74.6,3954.82,22,688,2,-0.8927401699580915,5.035714012416479,2,1.72849844284482,2,1,0,-0.10701062148486891,-3.7266963423225854,1,0,5,0
36.0,89.99,3090.12,34,739,1,-1.6449342274377787,2.954703149194247,3,4.142223078306915,3,0,0,-1.5847891907050735,-3.463125744741232,1,0,2,1
1.0,90.95,94.83,39,694,2,2.6393645951372817,5.267523949502658,3,-1.1832637180273387,1,1,1,-0.059568367182019515,2.3017101008177407,1,0,2,0
30.0,127.14,3794.72,28,653,3,-0.40155143547990463,1.8159704838932413,4,-0.3393924072957194,2,1,1,-0.7730509506419584,1.2804059249098354,1,1,1,0
42.0,28.67,1280.35,21,504,3,1.8260476873680895,4.302712878840537,12,-1.2603936650118834,1,0,1,0.03592197570726124,-1.4054805917388022,1,0,5,1
38.0,101.23,4079.1,48,659,2,-2.6991891184314065,-1.6394398240415136,1,-0.8031124270868376,1,0,0,1.106250767973474,-0.346862834264053,1,1,1,1
12.0,112.09,1364.13,54,675,1,-1.329149102636326,-1.0152574179018583,1,-0.6370322385323687,4,1,0,0.04842269477646414,2.567113164208491,1,1,5,0
35.0,48.82,1780.1,29,821,1,0.6965371193107462,-2.1364108234524384,0,-1.183694350315203,2,0,1,-0.5838317264989421,-0.8888928396620153,0,1,3,1
30.0,89.35,2833.34,28,694,2,2.0338492318918586,1.1304790936230094,1,-1.602224932063717,1,1,0,-0.4942233158521538,0.4723434267621285,1,1,1,0
8.0,76.63,562.05,34,758,1,2.3593818947040894,1.78498963400879,2,0.0596920319624078,1,1,1,-0.907256903541679,-0.3519147710710459,0,0,2,0
26.0,112.88,2991.69,43,701,1,-0.22520591667863427,-0.023849048512481822,1,-1.5526384217606428,0,0,0,2.2147516726378567,1.2253421793860795,1,1,3,0
34.0,100.08,3672.73,32,613,1,-0.2668430479335495,2.5086529683832133,3,-0.6680528505813254,1,0,1,-0.2968781083124661,0.029825016417280394,1,0,0,0
71.0,102.18,7281.44,46,561,0,-6.4467308634227045,2.277275918423966,1,4.948300487167618,2,1,0,-0.32654715287363384,-4.216105110716346,1,0,2,0
72.0,70.03,4778.47,19,472,0,-3.621747801271025,0.7217661817368431,1,-0.6174162237354345,1,0,0,-1.3885399186467982,-1.4912578690953129,1,0,6,1
17.0,132.8,2178.17,18,721,1,-2.087466301346142,3.668094312285921,2,0.6956985320487682,2,0,1,0.2398623657883982,-1.4066613401162327,1,0,2,1
37.0,95.03,3348.68,22,850,1,-4.333921883531819,-1.5687067038812903,6,0.5977371949067368,0,0,0,1.2615698065325773,-3.2886139243623886,1,1,2,1
52.0,53.5,2637.34,36,549,0,0.5460978214308227,0.7827525056911423,6,0.39874456824257865,1,0,1,1.349340004790821,-0.32536813679019294,1,0,1,1
71.0,120.71,9122.62,18,551,1,-5.87462994059708,7.48426368014894,1,-2.6027685194565167,1,1,0,-0.08932147640722085,0.34666444550600667,1,0,1,1
72.0,31.2,2079.95,29,413,3,3.110739529973664,6.831615256638803,2,0.8342485137817715,1,1,0,-0.9457576293183277,2.7967693531045996,0,0,3,0
22.0,65.67,1464.27,30,629,2,4.561751558313414,2.6605029749733897,6,-1.7244475664071293,0,0,1,-0.006149175610788363,3.733414604480906,1,0,3,0
43.0,52.47,2234.34,40,563,2,-1.052752070765909,2.437864724294236,0,-2.410668627219484,1,1,0,0.06491489761078105,0.13151162463242147,0,0,1,1
31.0,124.02,3725.07,49,629,2,-4.53429916035586,2.1588898369494176,8,2.9010153680668926,0,1,0,-0.05984291176815817,-1.5241166561026247,1,0,1,0
33.0,131.62,4380.62,18,811,2,-9.95436033570833,8.962776062440211,4,5.05406226826148,2,0,0,0.7261849601874505,-8.87597803770424,1,0,1,0
1.0,77.41,72.82,70,838,1,-0.1918357693738098,-0.5624706128318833,7,3.9280821589361468,0,1,0,0.7678494758026481,-3.0305845005232874,1,1,5,1
58.0,49.45,2656.83,43,504,3,1.4816465413230382,4.244967131258769,6,-0.3547127433259002,1,0,0,-0.8100900498248801,2.4828314430694878,0,0,2,0
5.0,70.04,317.15,70,758,1,0.9024361053173305,-5.926731698016671,5,-1.871353295164885,2,1,0,0.09004525940442218,-0.715071192344577,1,1,1,0
27.0,59.41,1744.16,28,630,1,6.937776859062921,5.049876364941392,0,-2.098438281955038,1,1,1,0.6014774466705344,3.191370235060178,0,0,6,0
38.0,74.91,2786.09,53,479,4,7.12834962759805,4.59489029943305,2,0.629698214084637,1,0,0,-0.544381017266648,8.226306661372863,0,1,5,0
1.0,82.5,88.79,24,690,4,7.8915434572694565,4.191548488049727,3,-4.148211702723913,2,0,1,1.7299346250470278,4.891938592725527,0,0,2,0
56.0,33.43,1923.06,30,483,1,5.88929537391148,5.695303780567346,7,0.8358517907008101,2,1,1,-0.36567013756470196,2.8569134891541648,0,0,2,0
43.0,74.13,3172.55,50,527,1,9.616114069690889,0.3599790389749284,13,-1.1121180898277223,2,1,1,-0.4483052461246243,9.654908629775827,1,1,7,0
62.0,32.06,2137.07,48,459,5,4.10548744809629,4.070019891125454,3,1.7167538080003921,0,1,0,0.5127042547395321,3.8650905457145606,0,0,2,0
72.0,49.76,3917.91,39,513,1,-3.170998518047167,-0.6669195786196113,2,-1.5428594981526915,2,0,0,-1.0425601742446935,-0.9392987726886923,1,0,2,1
25.0,143.9,3904.19,45,630,1,-6.934487873842062,3.0285190322582918,2,3.051217682917679,0,1,1,1.5694742497130032,-2.4141095085346738,1,0,3,0
67.0,31.34,1950.79,55,501,1,0.01574554824885235,-4.610879937912771,3,0.5172938774405753,1,1,1,1.530399939689293,-0.07496305327035781,1,0,3,1
14.0,107.55,1409.0,34,782,4,-3.3123357457781566,3.7297680348738758,1,1.3408595611877816,2,1,0,0.1929122529322201,-2.823918326088825,1,0,2,1
14.0,99.84,1446.96,41,576,1,4.388059886107467,0.5859857650429977,1,-2.1870075542687206,0,0,1,-1.406737259703862,4.934691823479023,0,0,1,0
12.0,139.34,1678.23,46,728,2,-2.9569128263069944,-0.6262815163239775,1,-2.142520612970978,0,0,0,-1.6301286973446232,-0.03766405925890811,1,1,0,1
15.0,72.7,1055.49,69,688,0,1.1964118601922322,-5.004708771960883,7,0.25653368727622283,0,1,0,-0.1575805670823824,2.9456939157954936,0,1,3,0
57.0,103.76,6088.95,43,681,2,-1.3708136715766408,-0.5705701385420802,7,3.9744470981195965,1,0,0,-0.3192377596286614,0.07894157891767838,1,1,3,0
72.0,91.97,7271.38,32,627,1,-3.435496134890047,-4.788102692158519,5,3.429558175279271,1,1,0,-0.41119313232404964,-2.411803225847244,1,1,5,1
44.0,87.72,3937.5,39,622,0,3.924941329380189,1.7736411328930253,8,0.6594286012334389,1,0,1,-1.450200317668216,3.711804314284118,1,1,5,0
24.0,72.46,1639.81,56,679,3,1.7117504938408248,-3.21538603784561,1,1.423208622710327,0,0,1,0.48669996464309495,2.118487786602575,0,1,2,0
72.0,39.49,2977.09,21,350,0,8.619049550101465,13.459579263839041,3,0.20155944149072946,1,0,1,-0.522794558460867,8.215613333580578,0,0,9,0
9.0,91.42,763.42,21,629,1,1.418650746618678,5.4197253166454225,3,-3.0242198493576473,0,1,1,-0.33377151009778333,-0.8500218059566229,0,0,1,0
21.0,104.4,2203.34,28,677,3,2.879061615329006,0.3840982504561114,2,-1.9026059737193517,0,0,1,0.7539616360062549,3.0722491332819843,0,1,0,0
62.0,25.51,1618.87,41,821,2,-5.259047675061386,-7.403016553774039,1,0.9995464683665266,3,0,0,0.5592548502234927,-9.152340293574724,1,1,3,1
29.0,98.51,2760.51,22,748,2,1.3839457577577292,1.95419968292698,2,1.1307318841470235,2,0,1,-0.7875912809254192,0.38178496764028963,1,1,2,0
27.0,136.43,3897.33,41,618,1,-3.333149898320381,0.518270739435847,7,2.2244059947497785,0,1,1,1.1308901360773533,0.230361428925031,1,0,3,0
54.0,92.27,4709.43,56,593,2,-2.7025592757560415,-4.7594501932305935,5,-1.5741164881617369,2,1,0,2.1903877627744492,-0.3067833304553832,1,1,3,1
4.0,99.58,415.79,28,531,3,6.612791147853288,9.38903879844149,1,-1.9335256041218472,5,1,1,-0.6288667054574826,8.042800347981562,0,0,2,0
1.0,40.76,43.62,47,695,2,7.182812179032497,0.46922438628668034,2,-1.0784693811284818,3,0,1,1.8296340957806814,1.8924262051528424,0,0,0,0
72.0,56.11,3958.86,18,499,2,-1.507067813260793,7.25442034165117,5,-1.6947292698756282,1,0,0,0.6204646942946005,-1.0399160224895014,1,0,2,1
59.0,56.98,3488.25,25,777,0,-5.709135006841606,-4.370138244380218,6,0.2505664586817332,3,0,0,0.717733904991522,-6.411841469660865,1,0,4,1
37.0,88.25,3547.17,60,717,1,-1.320428188992653,-8.44716116665543,2,2.458148997947817,2,1,1,1.9145293850027465,1.2585626898067905,0,1,6,0
23.0,32.63,749.59,59,667,3,1.7215995223277387,-2.153475960218271,2,0.5080275794539104,0,0,0,-0.5217254499032902,0.3057819304862556,0,0,3,0
36.0,114.02,4161.46,57,557,1,-1.1727665295936998,-0.8821294139284321,1,2.5940475983358384,1,0,1,0.7024468738757074,2.0081059002018793,1,0,1,0
48.0,58.7,2688.33,18,502,1,0.8766004562344071,9.93634668257304,3,-2.4368852893279986,3,1,1,-0.471615363550842,0.3379641770435025,1,0,1,1
58.0,22.09,1391.02,56,642,2,-2.2395382128887182,-4.087329412515594,3,0.783427474238273,2,1,0,-1.8767619835927987,-2.6521137827948253,0,0,3,0
1.0,129.65,134.83,23,846,2,-1.5925583720092138,3.5066781682738637,10,-0.07130384777768806,2,1,1,-0.5479416108931856,-0.2729705894514694,1,0,1,0
15.0,78.23,1278.64,26,649,2,7.807092456873673,3.2104342044086085,4,-3.481107630559603,3,0,1,0.06807628650122563,4.689548058032906,0,1,3,0
51.0,88.31,4948.76,25,672,1,-4.826993887221991,0.0678296497340102,6,0.4077371628024417,3,1,1,0.053550559183377006,-6.190823159801352,1,0,3,0
3.0,115.86,337.79,31,701,1,2.235636564475071,3.57798827244996,2,-1.431591695695892,1,0,1,1.3407515169835797,4.062187045033032,0,0,2,0
10.0,75.4,760.59,53,697,0,1.6958518091056736,-1.9329926929720593,2,0.0919607028552426,1,1,1,0.5150200693575328,2.5286666484189277,0,1,3,0
52.0,57.13,2707.91,19,641,4,0.05054638026613161,2.3538756866517088,5,-2.1071896570667463,2,0,1,-1.6869987056300342,-4.052146673401316,0,0,1,0
50.0,41.99,2209.01,35,483,2,6.385692605110316,5.438208423535394,3,0.05819850425206907,2,1,1,2.2912259121069742,3.425738443821187,0,0,4,0
1.0,121.69,112.71,40,659,3,-0.18683536794196684,4.4102660899190385,9,0.48524876667635897,2,0,1,2.062681917697947,0.41515612287144144,1,0,2,0
20.0,56.5,1102.39,60,747,1,0.4531738815290245,-2.855385909302498,8,3.525361224264008,0,1,1,-0.6098209370106611,-3.0843741564141087,1,0,1,1
71.0,140.41,9365.13,56,551,4,-8.168850174502811,-3.0868741750120754,3,4.578114999356504,3,0,0,0.35985231541321944,-1.9105047146540615,1,1,3,0
42.0,68.14,2672.11,37,456,1,5.3260003689547855,2.9265644895489795,2,-2.6088551111198828,1,1,1,1.7775210089085383,2.366715519879119,1,0,1,0
1.0,119.09,117.6,30,785,2,1.3775660857956986,4.6223161345337545,4,-2.586703442645689,2,1,1,1.1316354053183943,1.8031807617944513,0,0,2,0
12.0,149.99,1828.6,23,786,3,-2.1213748395052727,6.093713179936576,3,1.4974271141172864,3,1,0,-0.3947432740036917,3.789088295745331,0,1,3,1
51.0,19.99,929.94,27,490,2,7.51775145866307,5.502949148028549,2,2.787687626712254,3,0,1,0.4760157609090203,1.128946293850326,0,0,1,0
32.0,84.94,2645.73,46,826,1,-1.2553410884162464,2.5965412233290626,4,3.35340775017606,2,0,0,0.3446145968198295,-2.9315464862238936,0,1,8,1
1.0,136.08,143.42,35,776,2,-0.62530303300526,2.8117129817432316,2,0.4739430416607529,2,0,1,1.5734385820324122,1.945392460553582,1,0,0,0
1.0,149.99,150.12,68,757,0,-10.081329775894208,-5.5651611931473095,3,0.2009086770537195,3,1,1,0.6556469602840003,1.966628432669229,1,0,10,0
35.0,109.97,3600.85,38,565,1,-1.2265188520036192,5.636476719248024,3,1.2162743241037202,1,0,1,-0.42070386665033777,0.08025424263247577,1,0,2,0
49.0,42.74,2117.7,54,605,5,1.3622576819460777,-1.97693493079637,5,1.2870269422119383,1,0,0,0.16103751519866025,1.8432288306872244,0,1,1,0
31.0,139.77,3967.06,30,627,0,-2.8909206046597036,2.9715521584734854,9,0.9287889717816556,1,1,1,0.48710437336117896,-0.28678111272570345,1,0,2,0
1.0,75.37,77.3,60,681,0,7.652983506427074,-0.35298400727761725,0,1.37226277371921,3,1,1,1.0227499487463438,5.4576800007521555,0,1,4,0
41.0,50.81,2028.03,42,463,5,6.777409473295724,6.301291505189987,5,2.8695970224467966,2,0,1,1.8069148660793404,5.474866950261506,0,0,0,0
72.0,48.33,3315.42,56,378,1,2.365202879643858,4.130805520540793,4,1.043801649204604,3,1,0,0.4197314768097607,6.7743249727937975,0,1,6,0
33.0,64.82,2267.36,27,850,0,-2.9316720985044618,-1.9710762513996103,9,1.0383966391695583,1,0,1,0.4001650393200848,-6.257861892996526,1,0,2,1
60.0,141.84,7823.46,49,530,5,-8.057218234928598,2.198072471984721,5,5.104478804540221,3,0,1,0.5056716944342423,-1.9486352457132496,1,0,1,0
39.0,65.37,2473.96,40,556,2,9.347244121689178,1.406598554767685,0,-1.5338491776642096,1,1,1,0.9920874420017525,8.167008097756353,0,1,7,0
20.0,120.02,2333.95,27,765,0,-3.441320192888683,-1.1929447776539324,1,-2.458940087028872,0,0,0,-1.1099680164851355,-0.27945373639622506,0,1,4,1
1.0,79.6,79.58,58,735,1,3.310549417379343,-1.1299868070550554,0,-1.2193149819396858,2,1,1,0.8668516733235516,3.897767680575213,0,1,2,0
1.0,80.28,82.04,32,662,1,8.27450288206926,3.5537378171528355,8,0.5105243204411708,5,0,1,-0.004358430940046225,4.198061285976951,0,0,1,0
36.0,80.51,3145.02,60,729,0,-3.255709141103016,-7.733542485282958,6,1.2158586775464095,3,0,1,-0.44869058057156996,1.0378208070089754,0,1,5,0
11.0,103.26,1209.66,22,764,3,-0.5541601584207825,-0.7857945210171698,2,-3.6402623675488526,0,0,1,0.7466522535214697,3.8191528252056237,0,1,5,1
14.0,85.81,1099.87,68,666,4,3.065596364819553,-5.721430204777367,10,3.6942342524746734,2,1,1,0.2257851854466173,3.408989786568656,0,1,8,0
9.0,96.3,939.73,19,715,2,-1.307534071832175,6.210034348843997,3,-0.19548685460711546,4,1,0,-0.13890052062192743,-1.8836579414436287,1,0,3,1
72.0,34.51,2626.72,18,471,1,0.8587713148102726,2.136259370818283,4,-0.7734553561533887,2,0,0,-0.5384019467826331,0.17113136391504344,0,0,5,1
49.0,95.01,4396.44,59,490,2,4.55396744473819,1.329454834024482,1,1.3256494256665663,0,1,0,0.5565213463876355,7.215287127910015,0,1,3,0
4.0,77.85,292.29,39,628,0,6.766935522863856,2.124415303696419,2,0.0639144875853509,3,1,1,0.7233198979026291,5.0832673559712225,0,1,2,0
61.0,96.78,5902.07,42,747,2,-7.201929308888428,-2.1113481119241864,7,4.251796467449395,0,0,0,-0.7813448646821745,-7.084575971595515,1,1,2,1
31.0,53.69,1697.65,20,626,2,-0.4839179484709657,9.451440107294188,1,0.5425373145328707,1,1,1,1.1822857910386857,-6.211202088878753,1,0,4,1
15.0,116.44,1905.35,41,643,5,-1.16332534878518,2.121217866096533,3,1.0741130884463799,1,1,1,-0.3665594596645678,-0.27372276996617234,1,0,2,1
50.0,65.85,3618.42,36,529,3,4.601011294736031,4.496754809384422,9,0.23920727016815957,1,1,1,0.5446605068274026,2.8318680076007774,0,0,6,0
72.0,51.79,3970.06,18,350,1,-2.5432789194635097,2.6154329958457367,1,1.268167891730281,1,0,0,-1.3196864108378712,-1.2571973516115769,1,0,3,1
12.0,60.02,651.24,47,780,2,0.5117847979817834,-4.97236093053504,0,-3.589027174274182,0,1,0,0.7876567754879971,-0.04232514155486713,0,1,4,1
72.0,43.35,2897.43,23,632,3,-5.843768470017727,-4.405741650673503,7,0.7543626193520429,5,1,0,-1.32346860679124,-3.3706722425733595,0,1,3,1
23.0,101.27,2111.54,37,633,2,3.7930429692129817,1.0579266709509296,4,-0.6012480314120564,1,1,1,0.9527717331687928,4.460311076650466,1,1,2,0
71.0,26.49,1758.64,33,471,1,4.654202120415502,4.284223814584529,6,1.5356667138019817,0,0,1,-0.623071474805207,2.250531581866431,0,0,3,0
44.0,89.2,3783.84,48,543,1,-1.5568583440013273,3.58126132172271,5,1.8913023881516065,1,0,1,-1.3047944474204873,-0.4415541460225768,1,0,3,0
72.0,19.99,1314.22,32,421,1,1.6695137602338974,3.3550016812482744,6,4.362405722934376,4,0,1,0.8343417649697251,3.10021919550882,0,0,1,0
63.0,59.92,3971.58,44,563,2,3.9913137737793765,2.967346127596544,7,2.703202069149627,1,0,0,-1.6730910081399653,1.7850746534885094,1,1,7,0
64.0,96.92,6141.63,33,714,0,-3.8579071322843634,-1.6771406767813695,1,1.0819156924575157,2,0,0,-0.23447797291089728,-1.0438903187451551,1,1,1,1
1.0,89.68,86.31,63,848,2,0.20732704511092206,-8.31887981068421,2,0.9846508289655406,0,1,1,-0.06132099524669143,0.5274693591513498,1,1,6,0
58.0,33.1,1917.38,39,516,3,5.090295070209413,3.376242903657112,6,0.530980406021847,2,1,1,0.1808256887131618,4.0707002494873725,0,0,5,0
7.0,83.62,626.2,41,616,1,7.321990456379855,6.890580304503602,5,0.6964023884381842,4,0,1,-0.4806818968494382,6.413182013522392,1,1,8,0
48.0,74.29,3773.43,43,589,1,0.6170807861054464,-1.1113908806326216,4,2.778184209562579,1,1,1,0.23827468544242775,3.134632697276191,0,1,4,0
28.0,28.08,786.4,51,739,0,3.8143844991558957,-5.842674499496421,3,1.2782077336219162,1,0,1,1.166091973439307,-3.312791631422325,1,1,1,0
27.0,149.99,4326.69,42,812,1,-8.768392008432285,0.4660689048098855,1,4.975721738667015,2,1,0,-0.4975664313884472,-3.10223189806591,1,1,2,0
34.0,65.66,2135.12,61,702,1,0.12203187949371883,-7.272627359212873,1,1.3139581661018243,1,1,1,0.9470297727062146,0.33084482236224955,1,1,4,0
28.0,57.79,1661.82,62,735,1,0.5732599890968932,-7.712641244184171,2,0.38268132877681654,1,1,1,-0.005198602660839161,-0.4965104481253402,1,1,3,0
25.0,54.57,1455.55,49,601,2,5.021591817739896,0.5392413324540266,5,0.8313090960090139,3,0,0,0.25120150064276514,2.2006004044284557,0,1,1,1
62.0,53.19,3041.23,29,567,6,-0.5500151201402816,6.715775864999483,7,2.655303671231498,1,0,0,-0.8523159100216734,-5.822708847544343,1,0,4,0
72.0,40.03,3134.87,41,591,3,-4.92515200432347,-4.761211236434352,1,1.5084197962299286,1,0,0,-0.9824863469678893,-4.60982490626499,1,0,5,1
72.0,77.31,6002.55,26,409,0,-1.9069208397376773,5.224196045704895,11,0.5053215944603484,2,0,1,0.4147532103378641,-3.975426454204551,1,0,0,0
28.0,122.54,3597.26,60,441,0,3.4355663001982744,-5.127742438992,7,-3.519120492992967,4,0,1,-0.09216398292144454,8.631300798727592,0,1,4,0
23.0,85.7,1919.24,20,445,0,12.841767296187408,9.851231942829843,0,0.9002887597151344,4,0,1,-1.9647490213638317,9.705914046093394,0,0,4,0
26.0,85.1,2180.99,80,783,1,-3.5028899971470144,-12.219248963771639,7,-0.6502145656350368,2,1,0,-1.1646992574900275,-0.4844076482310259,1,1,4,0
14.0,149.99,1949.35,43,694,0,-4.4966555315137295,-1.6412439943969395,11,0.17287014883660723,2,0,1,-0.7529969311376409,1.976906558283278,1,1,5,0
3.0,126.33,378.13,32,645,0,2.7782224606114023,6.206991461674229,2,0.02921967994086805,3,1,1,0.3999520610248129,5.129785952864628,1,0,3,0
20.0,112.7,2128.08,33,768,2,-2.090029997745185,0.3428529270059793,2,3.066704114206208,3,1,1,0.28762778694920177,-2.703682802212548,1,1,2,0
72.0,98.22,7134.49,23,541,4,-6.039743861774778,4.630866705963905,1,3.069193463516313,1,1,0,-1.394215912238867,-7.370982395387216,1,0,1,0
9.0,149.99,1215.7,21,818,0,-8.278090283699337,4.062997762997476,3,2.099234093087061,1,1,0,0.036386361220693574,-4.665899377219945,1,0,3,0
1.0,83.79,88.88,56,713,2,4.460957070604243,-2.8085658235787476,3,1.398659981058906,2,0,1,-1.649365701831028,3.978614334783534,0,1,6,0
28.0,59.37,1807.1,40,625,1,4.1492700192531045,0.5163917313602017,5,1.0934617908055522,1,1,1,-0.7051866183098977,3.1154991228580187,0,1,2,0
45.0,43.74,2158.92,44,566,4,-0.5981004588753783,-3.630146117759171,2,-1.5528306177915452,0,1,0,-0.6704293494678266,0.41520353132549764,1,0,7,0
19.0,86.25,1539.54,18,724,1,3.4430602904303553,9.052245044449991,3,0.20678343258582954,3,1,1,0.09992904040217224,1.3306774220207491,0,0,7,0
54.0,70.22,3584.42,29,648,3,1.6548618950664238,3.2894330848483526,1,1.869126128833301,2,0,0,0.5717742431334827,-1.1972096801421763,1,1,5,0
40.0,146.42,5490.01,50,572,1,-2.3269438724740334,-0.9015412906306333,4,1.0386313284322861,1,1,1,0.12486739794955672,4.352502520607525,1,1,1,0
60.0,19.99,1086.57,26,520,2,-0.5324138240496652,0.0017560765163570097,3,-2.787609987648011,1,0,1,0.7420024559458496,-0.8601747244649787,1,0,4,1
1.0,110.21,104.42,51,652,0,4.8634814483907345,-0.0016373286235023396,3,-0.9904260576187359,4,0,1,-0.01453172069394479,5.3576047610304345,1,1,1,0
17.0,80.31,1447.16,20,850,0,-1.017877886179182,1.4263396258837524,2,2.3629285516943326,2,1,0,-0.9086081208600015,-3.039860715942505,0,1,2,1
57.0,103.25,5747.45,30,606,0,-3.4051224335279873,-2.226864432848108,1,-1.274847153193815,1,1,1,1.1684633122520025,0.8331975965949596,1,1,3,1
1.0,102.3,94.28,40,850,5,-2.2125988466962743,6.17156395870553,8,2.829833015434707,2,0,0,-1.3827244843037179,-3.79482422878994,0,0,7,1
32.0,149.99,5199.74,42,587,0,-1.2162034289564074,2.1853582955750306,2,2.5467240701201543,2,1,1,2.425374576346179,4.470552979808541,1,1,0,0
49.0,116.13,6202.21,51,497,5,2.60596752011029,-0.6425163912306187,3,3.5771172688197783,1,1,1,1.102726359330237,7.9623311369517324,0,1,5,0
29.0,103.5,3079.2,32,687,1,-0.7629624051669481,2.885434160290033,1,0.10496895853922494,0,0,1,-0.879436050756387,0.2755123991670392,0,0,2,0
44.0,42.52,1786.16,38,589,2,2.7656122209322826,0.2820048575738541,4,0.9362389413087804,1,0,1,1.277389565580602,2.4080105411653094,0,0,2,0
72.0,73.5,4831.25,29,525,1,-3.124325697462094,-1.3310592776515446,4,-0.8909030252064648,0,0,0,0.38068254693468806,-0.06685836657029205,1,1,4,1
17.0,68.17,1213.83,62,622,0,4.516447547488106,-1.5244541366617979,6,-0.39046323598522215,1,1,0,-1.1457693853606132,4.809201977242958,0,1,0,0
31.0,107.92,3056.82,41,759,4,-6.141740330129233,1.2133409728288589,4,1.7093220438621164,0,1,0,-0.7422862954647297,-4.081692622653545,1,0,1,1
9.0,99.5,975.81,56,534,0,5.14115079006141,1.1654929007580122,6,-2.199251243941297,1,0,1,-0.2530299563574514,7.670059410454385,0,0,2,0
2.0,89.25,165.66,46,647,2,3.8786981605460666,0.13814396123745082,9,-1.939533844841407,3,0,1,0.6990792191023978,4.614777623375629,1,1,2,0
48.0,115.32,5247.68,38,575,1,-3.4157588181149707,6.018954135745078,0,3.4989418205727945,1,1,0,1.0540042661495503,-1.2513010038184726,1,0,3,0
43.0,107.55,4572.78,33,675,1,-1.948296914586477,3.7400655674025973,13,1.8519930153186537,1,1,0,-1.6869397167035713,-0.5053568075076953,1,1,4,0
72.0,82.46,6241.14,65,350,1,5.6128058260002724,-0.7563293641563936,7,1.0013722449595122,3,1,1,0.03881352263600957,8.708906286026323,0,1,6,0
1.0,149.99,156.77,80,543,1,-1.3601024846019167,-1.8925200682332308,4,3.227653454717113,2,0,1,-1.0675060953054312,10.866477780981365,1,1,0,0
29.0,82.13,2302.68,30,586,2,4.0851133857701445,6.677771131828442,1,0.4344724161058308,1,0,1,0.18477334115157532,2.675991856361064,0,0,5,0
1.0,81.25,74.68,67,850,3,-1.426815831984006,-9.296084119216816,10,-0.7446930946571028,4,1,0,1.7468335492741696,-3.6221006828717224,1,1,8,0
56.0,47.13,2805.81,47,532,1,1.849618135044241,1.4545394318238893,3,2.101649800168141,2,1,0,-1.1689950280145154,0.5327619211311055,0,1,2,0
1.0,119.38,108.31,80,814,3,-2.2490061730692608,-9.501111009165546,8,0.8377676348488748,4,1,0,1.0666109549037361,2.554137283839261,0,1,10,0
1.0,78.45,72.23,48,746,2,1.4043042737831726,-3.057933620142138,4,0.5592302649559235,5,1,1,-0.6504007573962328,-0.9424122632929812,1,1,7,0
1.0,120.29,109.68,40,759,2,-1.9929446957055164,-0.33052872531509975,6,-1.536736297936208,2,0,1,-1.3680998354089973,0.2838862449122191,0,0,3,0
64.0,71.48,4983.32,56,644,2,-4.2074432888611915,-5.976232223093272,1,0.39645454627559296,3,0,0,1.9802786638002872,0.4755457936935737,1,1,2,0
52.0,96.91,5425.36,33,492,1,2.5956946671179537,2.854191555414548,6,2.3095480085293536,0,1,1,-0.9215381448875093,6.905839261938036,0,1,3,0
1.0,130.42,129.17,38,850,1,0.6249483452953022,4.699643498980177,3,-0.2802597586466751,1,0,0,-0.6138284139206552,1.8101711533171987,0,1,8,1
28.0,65.44,1777.99,33,655,2,0.9759893049871937,3.9738691604097345,1,1.005304905291742,3,0,0,-1.0085679576875572,-1.1162713763246646,1,0,1,1
1.0,112.27,101.3,74,785,1,-1.8118223450229576,-8.497924963784389,0,1.9279724360111476,1,0,0,-0.1857748478878077,1.7885518193772998,0,1,9,0
72.0,19.99,1434.19,22,418,5,3.4814173151327257,7.764843691654067,2,0.37809275868135883,0,0,0,1.0993745133495296,0.06822154757664882,0,0,6,0
36.0,66.7,2177.57,24,548,2,3.8943040004952807,5.079325405984002,5,-0.2054331270315527,1,1,1,-0.9074822507895359,4.6779681989196,0,0,0,0
58.0,22.81,1423.39,27,536,1,2.6093302213177534,3.5379894940315615,6,2.1837373786362444,0,1,1,-0.05385138063875207,0.2121941775920631,0,0,2,0
44.0,90.51,3878.58,37,612,2,4.78678292484279,0.14738447701159454,5,-0.2416252776811384,2,1,1,0.9707838844686024,3.9027461716929293,1,1,3,0
3.0,74.71,230.52,61,774,2,0.30313499438329755,-6.66497680861653,2,0.21295321304419823,4,0,0,-0.2531633554320989,-2.0869979637331206,1,1,7,0
16.0,123.6,1792.09,66,618,0,0.1287548409375465,-2.6864121699945867,2,1.1554928816847228,1,1,0,1.0569286776312454,7.455547005848166,0,1,5,0
44.0,69.01,3207.06,37,527,0,8.32324710639207,4.5113915325720475,5,-0.4410137998054252,3,0,1,0.1848131745413574,6.048216707095759,1,1,7,0
14.0,94.88,1262.78,25,680,1,2.5420542324057056,3.362645330208778,2,-1.6068485454859305,2,0,1,0.6044539198908182,0.27206050923729796,0,0,0,0
12.0,117.23,1292.13,45,671,1,-0.1822089427986892,3.567207524431295,2,1.727707606890578,1,0,1,-1.3420047109359414,2.1713363215988366,1,0,2,0
15.0,149.99,2092.82,52,632,0,-1.0479060895711712,1.5425637733878854,7,-2.009707254027702,2,0,0,-0.10351201622704102,6.744636625516057,1,1,1,1
1.0,149.99,149.39,28,729,0,1.964766463370912,2.838014475197012,4,-1.8472342361284473,4,0,1,-1.7167354078687798,5.588462308834036,1,1,1,0
41.0,113.35,4580.63,47,549,1,-2.0324723345857905,1.3401814814070399,1,1.4815113146658456,1,1,1,-0.4754744203929342,-0.013304965223578887,1,0,1,0
32.0,137.33,4602.27,32,742,2,-4.488333482290167,2.2316031836145376,8,0.21568181689067123,1,1,0,1.1912662493783621,-0.872092340448971,1,1,2,1
11.0,57.52,669.01,28,665,1,3.642322369252486,6.579346825827832,1,-1.3183285008756203,2,0,1,0.38010251122380206,-1.2918667488385145,1,0,4,0
42.0,65.04,2865.04,55,756,4,-5.26771426217901,-0.8078658861344415,3,2.1992980333183922,1,1,0,-0.45934499262305956,-4.942776675629764,1,0,2,1
1.0,149.99,159.66,18,784,0,-0.7728588126937372,1.0573244993713122,1,-3.3370054546724655,3,0,1,-0.1435713494221972,4.717847297229225,1,1,4,1
23.0,82.53,1829.34,26,618,1,5.037253367719514,4.7051020862366055,1,-0.9870126744897444,4,0,1,-2.882269531332502,1.8909001192723363,1,0,2,0
65.0,71.04,4783.22,40,478,0,7.003208857723444,2.730516989734928,3,-0.23295095970613489,0,1,1,0.18944356198002413,6.679139966560407,0,1,8,0
72.0,32.31,2159.71,18,815,1,-4.400316467062654,-4.468346390658181,5,3.5044462430298355,1,0,1,1.2664813623352809,-6.149756602606119,1,1,5,1
14.0,118.78,1717.2,29,748,1,-3.8437676344627416,2.431247071517805,1,1.1099748174407122,1,0,1,-0.8304957308391228,-3.4883909894000866,1,0,2,0
12.0,125.48,1591.49,59,519,1,3.045937199223955,2.5080400933449662,6,0.7156466727572784,0,1,1,1.6083705948973723,7.957325804323174,1,0,2,0
8.0,23.49,170.99,20,850,3,-0.689266808354938,-2.508531867262188,8,-2.175933698736089,2,0,1,0.7673475695603332,-5.039500818020823,0,0,0,1
13.0,48.28,682.52,18,764,0,4.92435786304473,9.717481904470022,4,-0.06611693939396945,5,0,0,1.4122184348128712,-2.0074695213077582,1,0,8,0
72.0,107.25,7670.6,59,554,1,-7.023244807886045,-5.090151949405933,6,1.7452466404845524,2,1,0,1.1870631018545859,-5.117114170298209,1,1,2,1
32.0,149.99,5043.93,54,653,2,-11.54837270576701,0.9080007179950433,10,5.922359354447664,2,0,1,0.08470695022739522,-4.372790141581608,1,0,4,0
17.0,74.39,1313.94,59,617,3,4.165213657165648,-1.1942204099323108,1,1.3202237850463603,2,1,1,1.1225744723452835,3.8411835939442684,0,1,3,0
26.0,84.83,2187.9,35,520,3,6.566593166353699,2.2246994698084555,1,-3.2760063604922887,0,1,1,-1.6584718764013866,5.308634308221959,0,0,1,0
3.0,149.99,463.03,26,808,0,-14.622780280262768,5.370056368167112,5,5.2568990491357965,2,1,1,1.4268386455029907,-10.29594043093986,1,0,7,0
72.0,48.51,3830.66,36,472,2,-2.8547572285285514,-3.5832912818361318,0,0.5881864049454286,2,1,0,-0.8558694526362896,-1.7900227861724105,1,0,3,1
47.0,88.64,4101.53,43,494,1,3.3352313417084427,4.087925472491578,6,-0.612977833465261,0,0,0,-0.9106996000656511,6.643842489192476,0,1,4,0
72.0,19.99,1302.64,18,660,1,6.12847034418499,3.5924934001099706,5,0.23494023942321696,1,1,0,-1.8961969460513373,-0.5915750897904536,0,1,10,0
72.0,19.99,1490.47,37,350,1,10.892337985813969,4.195208720285875,0,-0.2606083498619941,1,0,1,-0.8149595793741543,4.77321653553934,0,1,10,0
18.0,126.63,2052.24,32,790,2,-5.251678067811946,-0.08804780421818863,6,-0.9440466915656328,0,1,0,-2.0077155635635977,-2.637816496013912,1,1,4,1
58.0,19.99,1090.09,43,850,3,-3.026289701993927,-7.631764648146579,2,1.9694704649438686,2,0,0,-1.969284491547744,-9.283330135145711,1,1,0,1
1.0,124.87,125.41,26,806,4,-0.051830364839997076,4.858113146075886,10,-0.1895070172516261,3,1,1,0.26375640554390845,0.6796303728493388,0,0,1,0
50.0,92.97,5026.52,31,510,2,2.7175868270508503,2.7645546276204946,2,-1.1497845769742678,1,0,1,-0.7124483989792434,1.113522756341299,1,0,0,0
72.0,58.09,4364.23,19,498,3,2.332975583570594,1.4294749737654608,6,2.203364591504711,0,1,1,-0.13262361684445115,1.3709468542927772,1,1,3,1
60.0,78.32,4649.55,30,600,2,-0.5405095798418745,3.1396406603819775,4,1.4212159746567687,1,0,0,0.8128903294492634,-2.322545189690581,1,0,3,0
34.0,88.19,3069.9,47,637,2,-1.7556654453562193,-3.0270102052435135,1,1.1273163086952085,1,0,0,-0.7832370989558726,2.130548264462593,0,1,8,0
1.0,20.74,21.23,55,850,0,-0.32180079505809384,-6.546328980333889,1,1.0003882565128464,3,1,1,1.1776349208487207,-7.701752482200614,1,0,7,0
72.0,43.42,3388.58,53,460,2,2.940455221313098,0.409691401628594,4,4.900035964686642,1,1,0,-1.0994977775577228,3.215153726481122,0,1,2,0
56.0,34.17,1942.14,54,591,2,1.607038130484286,-3.3358506090575943,1,3.0114395561653544,1,1,0,-1.361019196454556,-0.8303301136989966,0,1,4,0
57.0,72.06,4283.39,51,526,1,4.89893146376655,1.0308357964006236,1,0.1325729121007394,1,1,0,1.684873660740756,4.922073704513602,0,1,6,0
66.0,19.99,1368.87,37,529,2,3.1539391634071037,2.5335607978256878,1,2.2366815063064633,1,0,0,-0.3839974542740906,-1.1248575988058551,0,0,0,0
58.0,32.68,2027.89,29,544,5,4.579351210130438,1.6655794887856779,6,3.0274755741447,0,0,1,-0.8175354532245936,1.937489679580867,0,0,2,0
20.0,63.0,1230.33,47,591,1,7.596635102960658,0.12949502534346335,2,0.6863782621023893,1,1,1,-0.948564261389555,6.037417461965056,0,1,0,0
14.0,65.72,884.42,48,850,2,-2.1915033967517057,3.0190952187095816,4,3.5562721431103133,1,0,0,-0.9515420765606213,-5.266403443890435,0,0,3,1
68.0,19.99,1352.78,36,482,0,5.359771961528549,3.1701464869156193,1,2.5787897543380995,1,1,1,2.0127498440812532,0.7629696024828221,0,0,0,0
18.0,87.73,1700.56,72,728,2,-2.0571746489483353,-7.708114136367853,5,-0.24061568611656947,2,0,0,-1.66975759784376,0.7455396249125958,1,1,6,0
21.0,119.52,2506.76,18,670,0,-2.2496429419358717,6.200547567394676,7,-0.11633183338213948,2,1,1,-0.5472861634747569,-3.32711222656701,1,0,2,0
27.0,131.46,3479.41,25,777,1,-3.1559279301314436,1.97384671083516,1,-0.32836163843339483,0,1,0,1.066941711115316,0.7883611204812085,0,1,1,1
30.0,139.76,4004.1,28,777,0,-6.682488568945829,1.0349398490013864,2,1.671930866711615,3,0,0,-0.38993339488913886,-3.2197865370484964,1,1,3,1
1.0,90.58,97.34,62,677,0,7.019354180018638,-1.8786213612148617,3,0.29578482087396607,2,1,1,0.6245658398429534,6.831617908474601,0,1,1,0
72.0,64.18,4220.93,34,358,2,5.555433729742571,6.2819514111048305,8,5.211498726552712,1,1,1,0.18575675141648096,7.388714893811497,0,1,0,0
22.0,91.1,2041.97,18,805,1,-0.5268053719285285,3.418283482501463,10,-0.13513280085337354,2,1,1,-0.018288199102788304,-3.6128435107662984,1,0,1,0
27.0,117.4,2953.12,33,542,0,-0.9575782335599466,7.435016590318995,2,1.6684570694446315,1,1,1,1.9877373594107541,0.10484660761474088,1,0,1,0
8.0,74.82,540.15,31,613,2,6.292326347975555,6.390487152129204,4,-1.574717173294606,2,1,1,1.1270202385867198,3.2637138562976693,0,0,4,0
44.0,75.89,3230.86,47,637,2,-0.02873952302783454,-3.172619061831101,8,1.6286520495267245,1,1,1,0.14991833881509736,1.8889265142762102,0,1,4,0
72.0,55.09,3605.23,43,371,1,11.128234065404092,3.612589305758988,1,0.25384829794654806,1,1,1,0.11017540737145055,8.96065309583506,0,1,9,0
72.0,22.27,1683.8,42,554,1,1.169862627696172,-0.37372838911200046,7,0.9364740924494064,3,1,0,0.06284542501864758,0.4738364317404357,0,0,1,0
32.0,111.67,3587.02,43,541,4,-0.004766577861554742,1.8294638489818014,10,-1.1911119833593706,2,1,1,0.13961190656588437,2.606214179349149,0,0,0,0
22.0,71.05,1656.92,50,628,0,4.527018266763693,0.6692317679849644,7,-0.5575511816335118,1,1,1,-0.5886261285727741,3.527430632497331,1,1,3,0
72.0,46.97,3050.63,35,509,1,-0.6765792152908275,-1.5677995074517723,2,2.903822216640537,4,1,1,0.3608434252317105,1.3985886358092428,0,1,0,0
55.0,88.58,4604.62,28,578,1,-0.49723311257038305,-0.11629294871342749,1,0.8981458835613673,2,1,1,1.0505329186868697,0.0988123397123238,1,1,4,1
38.0,55.69,2019.96,18,622,0,1.4029797627002103,8.668919475471316,0,-0.8691432850920445,1,0,1,1.3752016498353954,-4.166023662938969,1,0,4,0
3.0,48.21,147.09,39,709,0,7.336948981695915,6.339375855472155,3,1.2569631675577129,2,0,1,0.2873593619605729,1.3510774830179326,0,0,6,1
1.0,64.7,61.92,53,791,2,-1.0644004987047377,0.44518636776404535,6,0.9226868102357777,2,0,0,-0.25950003123669796,-3.1016822269227116,0,0,4,1
27.0,97.49,2557.64,18,694,1,2.4294129296120097,6.412186652203261,7,2.837275910527802,5,0,1,0.5279446134154385,-0.20656904578633098,1,0,2,1
72.0,52.45,4005.72,18,429,1,7.596841631344566,6.033389064169524,1,1.2977031706965931,1,0,1,-0.03284982537641447,6.020005175222721,0,0,5,0
1.0,71.98,77.95,55,699,1,6.160936872055313,-0.53942878498861,0,0.9167878785160257,3,0,1,0.09613189846946085,3.3923313877304606,0,1,2,0
22.0,90.59,1862.28,33,625,1,3.6573368316699653,3.4630131986088455,4,-0.4851478053719226,1,1,1,-2.080816906933507,2.4894470509884403,0,0,2,0
72.0,71.11,4610.4,46,445,2,-7.156047528167271,-9.089063807511335,1,-2.507144799022017,4,1,0,0.8713090243380868,-2.494099699223989,1,1,10,1
19.0,64.75,1311.96,38,597,0,7.455518546498868,1.0552088512524505,4,2.0508097987927654,2,0,1,-0.35652308542863126,4.829662975256912,0,1,3,0
35.0,74.14,2777.01,27,660,2,0.8140486177476635,5.314256847016459,5,1.4606843490810368,0,1,1,0.3716730175504361,-1.5859347281226135,0,0,4,0
1.0,87.3,82.18,61,690,1,3.4845694177391398,-0.2774224161470381,1,0.42061144209278545,5,1,0,1.218708779815986,2.444140686896378,0,1,3,0
46.0,61.6,2672.14,47,634,2,0.5816554908634249,-2.6124465091601494,6,2.307119389755634,1,0,1,0.3835457643964565,-1.672926027516742,0,1,2,1
21.0,54.49,1223.77,34,556,0,8.611241830816617,5.828341224868117,7,-0.8440188426883549,5,1,1,0.3567998853810049,2.8006580789262596,1,0,4,0
1.0,112.72,118.36,18,850,2,-0.025735052610260063,4.335360956139997,1,-2.2617281481277467,3,0,1,0.17426251261010225,-2.3200349806113816,0,0,1,0
33.0,82.89,2904.2,34,645,2,-0.7877196059162894,1.7313483162817809,1,-0.5040857079964761,1,0,0,0.6089459953982035,0.023367878973877716,1,0,1,1
1.0,87.48,79.65,64,839,3,0.5674795827643347,-8.954517241734033,3,0.2030510064396247,0,0,1,2.069000866896443,1.2108972869339738,1,1,7,0
33.0,86.29,2653.13,39,609,2,4.625237255286743,-0.8427803648973958,1,-0.6851477223504049,0,1,1,0.6361568725176084,5.434415216090942,1,1,1,0
1.0,149.99,161.73,58,783,1,-8.9303094248281,0.5860622049534132,3,4.553973889681028,2,1,1,-1.280139782781286,0.8326286883040773,1,0,5,0
23.0,77.38,1847.36,60,712,0,2.484129856057719,-5.736807532880209,4,-0.4131584637402318,3,1,1,-0.010964674404728193,3.8887386184640045,0,1,1,0
36.0,70.2,2304.69,53,593,2,2.1084855172071295,-3.2710320400444313,3,3.294660124415676,1,0,1,-1.2595790563799403,3.744697947030128,0,1,8,0
63.0,89.18,5407.04,18,661,0,-4.0258503236316106,-2.595696457991009,2,-1.413058301300511,2,1,0,0.4678060286160864,0.47995397469181167,1,1,6,1
1.0,108.55,102.2,79,757,4,0.305055532753292,-8.322370186916906,7,0.6566939500783618,1,0,0,-0.0687790706085137,3.3846114193958385,1,1,5,0
33.0,88.03,3103.52,44,667,1,-4.518432178995624,-6.181167746251467,6,-3.603029380894844,1,0,0,0.7390049453910952,-2.514608842194279,1,0,9,1
1.0,73.38,72.48,58,691,0,6.743827963483391,-4.093262015420331,7,1.333045281616345,2,1,1,-0.30088288998579593,4.264830570251947,0,1,3,0
19.0,132.99,2531.54,44,818,1,-2.5820322062131966,-1.7150248461630142,7,3.084012712136886,2,1,1,1.2114329226452833,-0.849998648287761,1,1,2,1
57.0,32.21,1762.79,40,656,1,-0.4782925386669395,-3.2424610460575836,2,0.5295624042836184,3,0,1,-0.17991768873212505,-0.9313887356458882,0,0,1,0
1.0,115.52,124.2,51,556,2,6.990738882429284,1.4268852221480417,6,-1.943323499842796,0,1,1,-1.4513895000998063,10.015365658284491,0,1,2,0
66.0,56.77,3473.4,35,742,4,-4.9463487496157414,-3.9026088774055325,10,0.7909983383589104,3,1,0,-0.12508257463055114,-5.508149120965092,1,1,1,1
26.0,95.22,2459.68,32,737,2,-5.543160268833279,2.8853355908447633,5,2.1067635138778993,1,0,0,-3.0190830584720425,-6.94640775023023,1,0,1,0
1.0,73.42,69.88,32,596,4,10.423578401126811,3.6462190580212788,0,-3.6894975516923023,2,0,1,-2.2398677198564516,8.101919380735609,0,1,4,0
55.0,39.67,2395.87,36,577,2,3.0721723993724925,-0.9280908743865857,7,1.6360598303465954,0,0,1,0.5902765944351105,1.0671858946643928,0,1,3,0
5.0,91.71,483.86,23,585,0,4.429350591114123,7.102562177157338,5,-2.1271993583030793,1,1,1,1.3774508010330713,2.213146835216473,0,0,1,0
72.0,19.99,1502.56,60,606,1,-0.5970134880541227,-5.729915955597556,4,2.2590325020461766,5,0,0,0.1533857368018595,-3.095992633522577,0,1,1,0
25.0,90.26,2329.97,73,622,0,0.2618845202874551,-2.4789517520226583,6,1.0108607827847953,0,0,0,2.2012140670679763,4.210402784878961,0,1,2,0
72.0,22.62,1733.24,23,429,2,4.361676198595246,8.355484464458975,8,0.3861070140626601,2,0,0,1.4266216296593106,1.603234252028927,0,0,4,0
1.0,79.01,78.37,18,796,1,2.516351966126834,12.059325233738559,1,-0.5610935180924083,5,0,0,0.3528529395795613,-3.8910793412021776,1,0,5,0
14.0,117.82,1801.88,42,650,3,-3.3765075064848675,3.9011773288249048,1,2.363091565530693,1,0,1,0.6274572142343661,-1.2749874806094847,1,0,0,0
72.0,65.13,5111.5,18,565,2,-2.841077165184164,9.593363571080776,4,3.295118583932902,2,0,0,-1.484272535248843,-7.141177602595265,1,0,6,0
1.0,128.07,126.85,78,741,2,2.8990309620791415,-6.149876167183757,2,0.16749283570609086,4,1,0,-0.9362257531402611,6.466481742010133,0,1,7,0
55.0,41.07,2367.38,47,555,1,-2.8659244430431294,2.7743074666577487,2,-2.4823748313452367,4,1,0,0.8172565521153081,-1.6022573191860718,0,0,3,1
42.0,107.43,4826.9,60,471,1,0.5846605464182856,1.8563140324348861,1,1.496349001329981,2,1,1,-1.4170608040783192,4.772866567220207,1,0,3,0
72.0,91.08,7099.65,44,588,1,-6.078137870469756,3.9999067468614706,1,6.475527446012083,0,0,0,1.1045431757992894,-5.763923254012885,1,0,4,0
72.0,60.07,4200.92,69,670,2,-6.8343400144191255,-10.377128765461913,6,2.4443235368975627,5,0,0,-0.7940127628946961,-1.2131883717746799,0,1,6,0
2.0,132.46,287.31,38,696,2,-3.6932129992130758,1.27984190755313,6,-0.8804258474262795,2,1,1,-0.8584382265905948,-0.6791058296481397,0,0,4,0
36.0,91.22,2998.62,31,579,2,2.088656700909306,3.0089184893338405,5,-0.6304366278187795,0,1,1,1.156694887998466,1.0118741519879428,1,0,1,0
1.0,123.4,117.58,34,735,0,-1.9537853150042426,7.061693275823028,5,0.04610167840267476,2,1,1,2.1880772155769255,-0.6811341197622719,1,0,0,0
22.0,102.95,2348.91,54,690,2,-4.042169260811804,-4.506995845617103,4,-3.2495793108691626,1,1,0,2.017084834854721,-2.396386275237521,1,0,4,1
36.0,28.82,1038.54,29,641,0,3.146721255236214,2.2851603995102643,1,0.657047136283995,0,1,1,1.4569418332455033,-1.1039499620511652,0,0,1,0
28.0,74.84,2208.96,63,605,1,1.4515833930396422,-0.7008908230546528,7,1.034193796312118,1,1,0,0.9389389107867735,4.2279138409841766,0,1,2,0
19.0,73.82,1488.1,70,771,2,-4.216854424915831,-9.173911762112724,5,1.074506921821507,1,1,0,1.2663773693895277,-1.9755978627359736,1,1,9,0
24.0,26.66,694.3,54,791,2,-0.8294689146064461,-7.660087213859412,1,0.348817001250622,1,1,1,0.6983484095619863,-4.628291094290395,1,0,5,0
10.0,149.99,1645.67,37,738,1,-1.75826749472769,1.7132422552289863,8,-2.145751261853934,1,0,0,0.051598716620903276,4.145262644526532,1,1,2,1
2.0,95.42,182.06,47,640,2,3.9407072881640715,1.3542242197316239,6,-2.4566424366446515,4,0,0,1.0654166416331188,4.888199093057801,1,1,0,0
62.0,38.31,2259.02,19,543,2,1.5804617707608373,1.8843220769869689,5,0.6080278942323448,2,1,1,0.793647226698399,-1.1386011605362008,1,0,3,1
1.0,88.91,95.16,51,735,2,5.475332813160932,-1.1761865989454692,9,-1.6068375618374873,5,1,1,-1.2885175980289871,2.9951624937961947,1,1,3,0
41.0,119.98,4501.84,31,644,0,-6.452704747271836,6.457791916676765,2,4.262900708234667,2,1,0,-0.15064691076598086,-6.325319323884559,1,0,0,0
65.0,149.99,10285.85,48,520,1,-6.74117205170669,1.356264709296998,0,0.9397023953544946,1,1,0,1.297263178720974,1.9393523820129952,1,1,1,0
62.0,96.3,6540.07,36,505,1,-3.264025463886132,1.5425373878670967,3,1.0360911674038225,2,0,1,-1.5086564435306027,-3.251525160874602,1,0,2,0
72.0,28.79,1965.61,30,762,2,-8.348749565510845,-8.247227315754229,4,1.3278801283374269,2,0,0,0.4175281423626004,-9.708074600327352,1,0,10,1
61.0,25.4,1444.15,43,535,4,5.269386514542164,1.4106114046669942,1,1.5435657211823943,2,0,1,2.596460022756423,2.5110136527549463,0,0,4,0
42.0,65.15,2529.52,35,632,1,-0.5912668150117841,5.771712359418372,6,0.3916441657514896,1,1,0,0.7357958802003212,-1.5813319820832779,0,0,4,1
72.0,110.92,8135.97,29,574,4,-10.122236527250964,-1.0154772822418334,4,2.849745671069149,4,0,0,-0.20141170874252473,-5.429274098530916,1,0,4,1
43.0,81.72,3371.48,36,721,2,-5.255482698858262,-4.318892633049097,1,-0.712488965112263,1,0,0,-0.30741730716610516,-3.823686101578472,1,1,6,1
16.0,108.25,1580.29,41,479,1,8.360579584224794,2.2647718040231846,5,-2.7870812658298094,1,1,1,0.8293636513131292,9.541435381389839,0,1,1,0
35.0,85.97,3147.1,46,589,1,1.7578110745964715,2.887110128548241,0,1.8645115014392455,2,0,1,0.666185766150084,1.0070646939152192,1,0,3,0
24.0,87.73,2212.98,35,775,3,-0.10425745251446053,-1.9553107791077247,2,-0.3185440541362431,2,0,0,-1.4806023686507948,0.9082755551002724,1,1,3,1
47.0,115.63,5363.04,39,629,1,-3.1638627846732095,-3.2880485405346582,0,-1.4098447989360006,0,0,0,1.5044693572213395,0.49760105400761406,1,1,3,1
8.0,99.8,828.81,27,511,5,10.0899857655061,6.183398736356484,8,-0.7097893053717773,5,1,1,0.0255724104060125,8.779586787231173,0,1,0,0
39.0,55.4,2145.34,42,713,0,-3.634675415823308,0.6532987379523566,1,1.8316691556485751,1,0,0,-0.8408414640889187,-4.919352803698439,0,0,4,1
27.0,50.86,1268.34,54,628,3,3.108109202356249,-0.6772621836451357,7,0.5223366549237752,3,1,0,-0.010483308179588964,0.7824155807692894,1,1,2,0
31.0,102.74,3489.99,42,678,0,0.5919497181342545,-0.9445005511696776,11,0.8966328561251233,1,0,1,-0.9687215093168977,1.5769949517689292,1,1,0,0
45.0,103.0,4744.92,31,710,1,-6.089100063097831,2.4927695184580982,6,3.206139799081025,0,0,0,0.7640931252588253,-6.227820111155924,1,0,1,0
51.0,110.14,5409.18,42,671,5,-8.41969092863378,4.4001103811036995,11,5.2746634324318284,1,0,0,-1.3028949131274836,-6.3154145924805185,1,0,2,0
12.0,38.4,418.79,58,850,2,0.013098285783440154,-10.926252849071426,3,0.5918016285944359,3,1,1,-0.1335101102351552,-3.760842746389779,1,1,3,0
58.0,98.5,6165.31,20,657,2,-3.925955059522549,6.015861364196383,0,2.4487713926830263,2,0,0,0.7604750915407007,-5.934150761463839,1,0,2,0
38.0,110.32,4168.62,54,551,2,0.5827443054607188,0.982013497400295,6,-0.683509979613046,1,1,0,0.2806066256488155,6.664178117202401,0,1,0,0
72.0,105.29,7729.59,26,526,1,-3.476652789294518,0.5761149624971856,5,0.4386146502795126,0,1,0,-1.2125696985443917,0.008924834544778739,1,1,1,1
12.0,97.25,1156.83,73,721,1,0.5363985283886136,-8.339813672837787,2,-0.25194369166826436,1,0,1,-1.860593028352186,4.3670560934156235,0,1,4,0
42.0,135.73,5868.72,32,703,0,-7.0277263025160535,-1.5954017833620049,6,-0.7349498203305664,1,0,0,-1.263230759116636,-1.7431053502683946,1,1,4,1
1.0,65.23,58.71,63,762,1,2.465505618330975,-4.639727550712913,4,-0.17810927388002595,3,1,0,-0.6073970719989423,-0.744936555158479,1,1,4,0
25.0,19.99,507.06,38,631,0,3.3752384188745816,3.7843066253087376,9,-0.4705971288180987,1,0,0,0.19811085818769808,-1.2669780729316094,0,0,1,1
29.0,66.73,1768.25,49,712,2,-3.8551290937989426,-2.552918571577591,1,0.4305264642923332,1,1,0,-0.25710823570451397,-3.2922614010854727,1,0,6,1
9.0,145.98,1253.25,41,671,0,-1.8764455699631464,-3.2594860482437022,1,-4.44837076658279,2,1,0,0.5713814409265271,4.011938313225976,1,1,6,1
27.0,72.56,1986.65,42,457,1,6.528508030210707,7.534761322493571,4,1.986282043285656,4,1,0,-0.687659938770952,7.255874237147976,0,0,2,0
10.0,83.02,869.49,42,702,0,-1.9751495200058657,3.4668321127956347,2,-0.9482706348363455,3,1,0,0.2897239480695349,-0.6292167983221666,1,0,2,1
14.0,116.73,1523.23,39,589,1,-0.9886530012020807,1.2663524055968218,0,-1.9959217178582054,2,1,1,-0.6357662132066624,0.9981127134345533,0,0,3,0
52.0,84.13,4090.69,46,520,0,-3.162832352732907,7.072321148833452,2,3.8966615874087407,0,1,0,0.7020206720055898,-3.2615466923890635,1,0,4,0
30.0,116.23,3755.82,38,803,1,-4.397604681430812,-3.803398165745589,2,0.3125320624641358,2,0,0,0.14804083108678903,-4.152096628846394,1,1,3,0
1.0,97.7,95.57,54,699,2,5.043414041075078,-1.7583933982834157,11,-0.6951177246153896,1,1,1,-0.16482849519067078,6.379967343044317,0,1,1,0
62.0,91.85,5835.55,51,546,0,-6.7723411182676765,-6.8649943153648225,14,-2.1441654690847414,3,0,0,-0.8336804099178576,-3.1537931037427196,1,0,8,1
19.0,107.56,2233.58,27,785,4,-4.92427140579217,4.869130922547425,6,2.3086753094947525,2,1,0,-2.0764831785110576,-5.6669576354129125,1,0,0,0
1.0,108.03,101.08,57,778,0,0.9221268774297454,-2.64685419717122,4,-0.5107203347782869,3,0,0,-0.7169880494593922,0.38107015659171967,1,1,1,1
6.0,90.65,499.28,61,696,2,1.3280567738266644,-3.0361100099544753,3,1.7561769896653194,1,0,1,-1.568686694876045,3.617859063769999,0,1,6,0
15.0,117.81,1882.55,34,774,0,-3.3027645655415663,0.13228601984744567,9,-1.6856464243110705,0,0,0,-0.8188350871052067,-0.1041432023848499,0,1,2,1
15.0,79.9,1308.8,66,649,1,4.098846020769464,-3.4758894216238767,2,1.395236333111584,1,0,1,0.8492713568826662,5.908967849505872,0,1,1,0
72.0,48.56,3618.39,49,478,0,-2.768622155423534,-0.010908111174870182,3,2.5269061829680513,3,0,0,-0.5819821289725634,2.423159914609161,0,1,2,0
34.0,85.09,2973.18,69,757,4,-4.923806704932114,-8.288722950627838,3,0.31053177352440076,1,0,0,-0.38909525525757216,-1.445449688416647,1,1,4,0
1.0,139.27,135.27,37,663,4,6.274361299670994,2.745480293604928,2,-3.9659939337840195,2,0,1,-0.94496269418867,9.285383690689162,0,1,1,0
14.0,94.42,1314.55,36,668,2,-1.607597893348224,7.404519376456105,9,0.3954933453731358,0,0,1,0.8690248237376917,-1.5114628258683163,0,0,4,0
72.0,38.51,2848.76,40,643,1,-2.225889622605173,-6.578926178067653,9,4.715102108124176,4,0,1,-0.4418772874764014,-1.354315579942479,0,1,7,0
44.0,110.57,4532.91,18,844,1,-2.9553249739526373,1.315907111976968,5,1.9579130715206796,1,0,0,0.1410101365567104,-1.1962310431226204,0,1,3,1
24.0,83.4,2103.45,22,732,1,-0.932084364592049,2.086534668456759,6,-0.5307068697712706,0,0,1,0.17592334670833107,-2.995114726468496,1,0,0,0
51.0,85.66,4371.2,30,617,4,-3.331931385338195,4.962661969860103,0,2.830935358494625,1,1,0,-0.06843408096467361,-4.8020456635522155,1,0,2,0
56.0,141.17,7651.94,50,653,1,-6.639095572363503,-4.528349200633776,1,3.666892734226812,1,0,0,-0.9600857450939763,-1.676326364044833,1,1,4,0
61.0,65.63,3816.87,26,540,1,3.286274722449952,7.962596222585576,3,1.4505036525877142,3,1,0,0.8739572792667405,0.2866227699948769,1,0,8,0
42.0,68.92,2780.21,33,625,2,4.642177669973394,2.413905276037367,5,0.4253671361003554,3,1,1,0.7894668650995761,1.3140713827976942,1,1,4,0
72.0,98.43,6646.15,39,577,4,-3.2911008040890204,2.6128469880671794,6,5.239103480767266,2,0,0,-0.7117133584788833,-3.0603959037540918,1,1,3,0
22.0,68.65,1518.47,34,492,0,6.5990749072603405,5.625664745346902,4,-2.070238718892888,1,0,1,0.9441918288660023,3.2794105399128837,0,0,3,0
26.0,79.36,1862.8,28,686,1,2.7871302027741915,4.734658627775233,1,-0.14922034324180677,1,0,1,-1.1839042887929863,0.9706956978261838,0,0,5,0
21.0,102.99,2010.69,62,805,2,-5.364301977694018,-3.5811858024452343,1,2.403659504077348,1,1,0,0.7596217537999596,-3.468039404958171,1,1,1,1
1.0,91.81,91.41,64,814,3,0.6817190108835933,-9.146023462412646,2,3.367834902897712,2,1,1,1.6894249659055596,0.41688820347104033,0,1,10,0
20.0,111.23,2315.21,70,754,3,-4.925557314463161,-8.870647779014986,0,1.3616764414868938,1,1,0,-0.6997318419762775,2.061180289345386,0,1,9,0
1.0,149.99,148.49,30,817,3,-3.132421316532172,-1.4497135626830853,5,-1.5916371672545861,2,0,1,-0.491543375676984,0.6033042583111871,1,1,5,0
54.0,87.35,4874.94,37,420,0,0.11392871269269428,10.169624122331065,0,2.559741181675356,1,0,0,-0.2799792374936668,-1.139152055176306,1,0,5,0
16.0,96.82,1695.29,27,686,1,2.6463290669933617,5.444941237820064,5,0.33833432038423294,2,1,1,-0.4171452859175612,1.9873555126130418,1,0,4,0
1.0,77.22,74.96,62,809,1,0.17000839676341378,-6.187947662787045,3,-1.485983129878417,0,1,1,-0.379558442917095,0.9183293893938044,1,1,3,0
61.0,52.92,3279.68,23,608,1,6.8895525859760935,2.56673041145021,4,-0.687321333437782,2,0,0,0.8781460506922799,2.5636307261362514,1,1,7,0
19.0,114.62,2204.0,47,587,0,-2.719973480491451,2.470351705611832,2,-0.05039328210181193,1,0,1,0.42294625526717894,-0.7079912796672754,0,0,2,0
46.0,118.44,5619.86,49,660,1,-6.445898023350985,-1.285144470891639,5,2.9748447213499123,1,1,0,-0.5604884807215009,-3.5082879055925904,1,0,2,0
40.0,92.65,3557.62,39,723,3,2.028995614173316,1.918678839958394,3,4.55954360290726,1,1,1,0.2990264316782063,-0.8638692802584673,1,1,6,1
20.0,76.91,1618.43,45,499,0,8.715965530846342,2.0213041050359974,4,-3.5037721855057904,1,1,1,1.710314578413098,7.730056271522823,0,1,3,0
72.0,30.33,2359.6,39,492,1,2.8472853281682453,2.463789653549132,1,1.8392108785248167,1,1,0,-1.1829818603110651,-1.5236189856083773,1,1,8,0
61.0,24.8,1640.87,32,460,1,9.210596712686772,4.98949525654857,6,-1.8528498292502418,1,1,1,-1.4849418454974557,3.1670094245715283,1,0,8,0
1.0,93.26,88.3,58,802,3,-3.9945104578562116,-2.9837860239356164,0,1.132727319589706,2,0,0,0.5918093253009419,-3.310753913583929,1,0,5,1
7.0,104.31,790.73,80,782,3,-2.210161933780165,-12.240230511022393,11,1.5632760587705294,1,1,0,-1.3147010906771526,2.5904349440314927,0,1,8,0
72.0,23.34,1708.34,27,453,1,5.297101889462831,5.018727513917927,3,1.4605740570979937,0,0,1,-1.474271631410458,1.6821855596220177,0,0,5,0
46.0,145.6,6607.96,41,719,5,-3.764873539680965,2.050386736981021,2,2.7914301234673546,0,1,0,0.0364849648767416,-1.3190078934563811,1,1,6,1
22.0,128.53,2569.05,43,766,2,-2.2574640459582596,0.4189086604570997,1,-1.3955878965595885,1,0,0,0.4969572742194119,-0.7052360241213554,1,1,5,1
60.0,82.9,5219.22,33,635,1,-2.160878390617121,-4.3644348793356125,6,-1.6355110509090072,2,1,1,-0.1728364533095295,0.592788065064255,1,1,3,1
1.0,96.74,101.77,41,667,0,6.073094678984632,1.8996288788815332,4,-2.553567501313392,2,0,1,1.868532745287793,5.709784747114763,0,1,2,0
33.0,79.63,2596.92,69,806,1,-4.586044852204449,-12.348520921394373,2,0.5943032660864029,3,1,0,1.1134030325438933,-1.6083201964921092,1,1,6,0
72.0,19.99,1340.94,18,564,2,-1.3971483113263816,0.5477692962273017,5,3.335782528055007,2,1,1,0.4155460826565194,-5.554033685515039,0,0,6,0
32.0,68.0,2041.95,59,605,0,1.06338946663366,0.12576838984202296,7,-0.5728858836137108,2,1,0,-0.6054514993752855,4.814427336688346,0,1,2,0
37.0,95.08,3763.89,56,519,1,2.6389392178441935,0.4082328919185341,6,0.2594290914162123,2,1,0,-0.48928111485426634,6.726365788386707,0,1,2,0
1.0,77.96,81.7,53,840,2,6.44311264972119,-3.592055423595261,3,-2.2358919503874755,5,0,1,-0.8591480062136386,0.9306913708290729,1,1,2,0
59.0,77.36,4900.37,63,608,3,-3.0429300293572106,-12.931378141832983,2,1.81578709390516,1,0,0,0.36792492710920566,-0.04369168274286043,1,1,10,1
1.0,87.96,82.99,58,805,1,4.940577331816789,-4.0760281809496925,2,-0.7073407650972235,4,0,1,1.9376678088487567,1.4823282704941203,1,1,3,0
3.0,131.95,390.56,58,602,2,0.8640829783888095,-0.7009783848366707,4,-0.39473118336747837,1,1,1,-0.7088919523582494,5.496284375071609,1,1,1,0
41.0,89.85,3350.46,47,539,2,-1.2039133322524065,3.140151864441927,1,2.4499373625987406,0,1,1,-0.6178395336553639,-1.2533921075170271,1,0,1,0
46.0,76.99,3747.41,18,698,1,-1.4872340628767384,5.958338384236017,7,0.8526727107050687,3,0,0,-2.7098752818289227,-6.444689859808868,1,0,2,0
16.0,149.99,2351.86,51,667,2,-4.610108867020654,-2.680141672912207,11,0.03262628019950076,2,0,1,1.232871542564588,2.6340320346161823,1,1,5,0
55.0,112.45,5925.88,25,690,4,-5.802041388886254,-0.33579698673079633,8,0.1145716521811414,2,0,0,-0.23960308754855483,-2.0876913931856427,1,1,2,1
57.0,19.99,1065.01,33,596,2,2.33026144867973,-0.3494187506309676,8,2.1561936849647574,2,0,1,2.720512727475527,-2.663618492009827,0,0,4,0
1.0,91.82,88.65,77,797,2,0.6111774056939012,-9.658193687781807,2,1.7629424244408232,1,0,1,-0.06846370532571999,2.284649417205224,0,1,9,0
25.0,115.98,3068.59,28,584,1,-2.243722180182435,7.22760532417255,9,1.113796429339066,2,0,1,-0.4562086116248524,-2.631561893846228,1,0,1,0
40.0,63.89,2505.58,20,700,1,2.331139959645336,2.926577092314747,8,-0.9358018255675112,0,1,1,0.6977291838802457,-1.5371051416130226,0,0,3,0
45.0,109.7,4986.41,41,587,2,-5.456374794246704,1.1769051526717464,4,2.342212194569794,2,0,1,0.039600776965784554,-3.812325817263228,1,0,2,0
2.0,77.13,141.77,18,812,1,3.792607995110702,5.7435031677602755,7,-1.3258296983581732,4,0,1,-0.7361380768726926,-1.0822638353996443,1,0,3,0
1.0,149.99,145.59,45,850,3,-14.434339378165292,1.989333237788157,11,6.551495940126491,2,1,0,-0.5876969736675316,-9.301944024904644,1,0,6,0
1.0,85.43,82.27,53,645,2,6.756571296629632,2.1727183507799794,1,0.0804206571813244,5,1,1,-1.1055501693376546,3.9795970493531563,0,1,2,0
13.0,87.73,1217.74,34,647,0,0.694543668985387,3.5664087401814357,5,0.07664835065535758,3,1,1,1.4097069899340968,-0.10319701693453327,1,0,1,1
53.0,46.69,2669.17,31,697,5,-4.242192722121139,-5.406050397538321,0,-4.218202364110768,5,1,0,0.010144596164077535,-2.490828230751063,0,0,6,1
28.0,26.46,709.08,42,648,4,2.9565101935398257,3.978420970809997,3,0.6076105316834224,0,0,1,0.9994318547757797,-0.7446449530825969,0,0,3,1
23.0,83.71,1950.34,50,540,1,5.281516204212633,3.6063713044050356,9,0.3070457590711885,1,1,1,-1.4794464168562214,7.537606854632331,0,1,1,0
71.0,57.28,4253.14,38,612,1,-0.6440268942674726,2.1417558071346474,1,2.077454615144688,1,1,0,0.7022450677233092,-3.0836019837212394,1,0,5,0
51.0,107.81,5644.61,44,402,2,6.06804484640487,2.005565508832149,1,-1.2806755252867532,1,1,1,2.038158703468451,9.235188661803045,0,1,4,0
12.0,68.84,838.24,49,662,1,1.217660299845679,2.0851194248119365,0,-0.1864531381685931,0,0,1,0.6451849750729117,3.0774025497199387,0,0,0,0
68.0,104.33,6429.97,48,428,2,-2.96411518086972,-0.09578151953753178,0,1.495973122716833,3,0,1,-2.452530608723595,-1.2955404397931465,1,0,2,0
19.0,104.54,2176.02,47,510,0,6.797282648792084,3.874668256730564,0,-0.21677782187845807,2,1,1,0.17750530426522254,9.529309289296435,0,1,1,0
44.0,110.76,4519.78,26,638,1,-3.382269637435144,6.3469283936887875,4,2.5867920943247955,2,1,0,0.5544231899879244,-3.832711743156326,1,0,1,0
72.0,49.52,3559.7,38,451,0,3.9324597431782653,2.793339000300083,8,1.1547434513116823,1,1,0,0.07372336557754205,4.558130276304053,0,1,4,0
62.0,133.16,7619.34,35,456,0,-7.1371231622182,0.49953757209710986,8,-2.107747067188799,4,1,1,0.1113345746929462,0.4623021455996581,1,0,4,1
41.0,60.33,2331.64,25,608,1,3.5426997781378358,7.553653281334624,3,1.0928545725749899,4,1,0,0.560234485273779,-1.7292459700472613,1,0,5,0
30.0,73.4,2092.01,32,581,1,5.7409479708703,1.2436498448717095,2,2.4033893304039897,2,1,1,0.8302910712421716,4.071405104877946,0,1,4,0
39.0,60.95,2371.12,43,626,2,4.467967228065348,-3.0503299097418153,6,4.049429693042306,2,0,1,0.9201947294549305,3.692140986010401,0,1,5,0
11.0,86.72,943.47,34,850,2,-1.5728770298477361,-1.0828190316613673,2,-2.1692830579871853,1,0,0,-1.0949429970290874,-1.2599170743104446,0,1,0,1
31.0,81.96,2661.49,43,522,3,6.624527261536232,3.6985582063543867,2,1.6090752598011058,1,0,1,1.2610920119518865,7.551739397565166,0,1,1,1
45.0,87.69,3930.53,47,483,1,4.556255025084609,2.6000833683530864,0,-0.12816902014369813,0,0,1,-0.034798666710244036,4.895557416196521,1,1,4,0
54.0,54.75,3164.72,44,379,1,11.575452379719131,1.3389126076556446,2,-2.718160665179888,1,0,1,-1.45249736377581,8.802737616065484,0,1,5,0
1.0,84.46,86.53,38,802,2,-4.355542423806042,1.5947397510042027,8,-1.465931674944375,2,0,0,0.07957933239360085,-2.9167958831660945,1,0,5,1
51.0,83.92,4387.5,32,670,2,-0.6851993468511856,1.040585541697722,2,1.6991127863233282,1,1,0,2.2362630185791827,-2.2868554419877904,1,1,2,0
30.0,114.58,3561.15,32,518,1,-0.21768250628452224,6.914252793212824,5,0.04162426946442954,2,0,1,-0.3821935628600092,-0.05913266849421037,1,0,0,0
72.0,103.28,7059.95,37,553,1,-5.041052275069025,-1.8463135652266045,1,0.26981804102229867,3,1,0,-1.2408555419483593,0.8846221249953942,0,1,4,1
53.0,113.11,5629.82,50,586,2,-4.285430578755088,-2.9498521309667716,2,-1.02887526841368,2,0,0,0.5131787297528034,-1.2194147348322084,1,1,1,1
72.0,62.51,4085.58,23,594,2,0.032272161052671625,5.164835018126895,0,3.154457971555622,2,0,0,-1.069458756402413,-4.295583953621693,1,0,5,0
60.0,83.47,5223.89,57,648,0,-5.141359272948567,-4.973514755419633,1,1.8646648918855808,2,0,0,-1.9712062333521292,-3.1485369918573807,1,1,3,1
34.0,58.25,1961.65,18,850,1,-2.380786192731837,-1.9996698056598776,0,1.0814677212606236,1,1,0,0.08048070886732003,-3.4706587195205905,0,1,1,1
51.0,90.98,4516.32,21,560,2,2.1940743766448207,0.5634146792899898,5,-0.6433326978533974,0,0,1,-0.581127279915902,5.338275757428782,0,1,2,0
7.0,149.99,1040.66,36,717,2,-3.5741271036577165,2.042189644101539,8,-2.779343712210807,0,1,0,0.0023524272655603175,2.7168339253466494,1,1,0,1
1.0,64.33,69.76,63,727,1,3.745164190745153,-4.493025538872449,2,1.239512676511776,3,1,1,0.08911599530475442,1.3491361600793201,0,1,6,0
46.0,61.92,2982.48,28,431,2,10.001675036707168,6.301425255382657,2,-2.5475877023071725,1,1,1,0.9226153060732654,6.62325413468731,0,0,6,0
72.0,34.87,2376.98,37,612,0,-5.453107604620488,-5.92701895864413,6,0.2822675792442809,4,0,0,1.3091825381393059,-5.320650901638633,1,0,4,1
72.0,47.98,3346.79,21,539,0,1.6350106323277613,3.1840110512258337,3,1.8082448583143018,1,0,1,1.4568548036896438,-0.7753296110658402,1,0,2,1
68.0,20.29,1282.64,37,517,1,3.877946050572469,0.8616302450850953,3,0.5288486146785694,1,0,0,0.25193131979291217,1.6002600494942627,1,0,1,1
44.0,43.58,1903.52,49,555,3,4.371954516112214,-2.2922344708090208,3,0.883016261914111,1,0,1,-0.1448974489215658,2.3161041806091625,1,1,1,1
42.0,65.12,2704.39,41,513,0,8.22252649821855,4.170701066058781,0,-1.1413140549323817,0,1,1,0.6495881150617602,6.604088117789742,0,1,9,0
44.0,113.28,5182.18,35,690,0,-8.717792557497209,5.960262036626632,8,6.010618525653584,1,1,0,0.3678490674349349,-7.879858882902877,1,0,1,0
18.0,19.99,384.76,49,544,2,5.831394000741934,1.8958374229239754,2,-3.217659993772688,1,0,1,-1.2818801370492028,2.4132840892502534,0,0,2,1
2.0,112.01,243.67,34,791,2,-2.657709664926824,2.5176086326380767,3,1.0365870703498905,1,1,1,0.48396640489711196,-1.5972811807680753,1,0,0,0
24.0,129.74,3051.2,36,686,2,0.922787550835117,-0.1363003565621227,4,-2.9892339076493215,1,0,0,0.70677379860173,5.922330103074949,0,1,0,1
38.0,70.02,2454.8,43,674,1,-3.857442360186404,-7.042015531040794,5,-2.9073737132787096,0,0,0,2.1148557189204613,-3.2459880770928407,1,0,8,1
72.0,51.29,3568.81,18,545,0,-0.6730696154521465,2.545761991057012,4,3.3449950381047446,1,0,1,0.344883064579554,-3.1417956975678636,1,0,2,1
46.0,19.99,908.44,22,563,1,7.127603804312987,4.838235867130698,3,0.020439095744182456,1,0,1,-1.2396880004536097,0.6256830845512512,0,0,5,0
39.0,50.65,2135.25,50,583,4,3.830338578085716,2.6215381688357686,0,1.5417319725767906,0,0,1,-2.5486015401205395,0.9866488762606046,1,0,5,0
60.0,28.44,1699.4,32,537,5,5.76456130646097,1.9081850118882129,5,0.5105481389871676,1,0,1,0.7018785878963337,2.443638141841662,0,0,3,0
56.0,19.99,1213.19,27,783,3,-4.0126657131712244,-6.687363690472052,3,-1.9558677640635351,4,1,1,2.6705534280924126,-7.007507833592085,1,0,5,1
32.0,28.7,890.4,29,591,3,12.713002169809482,3.5567563757835634,0,-2.3737154306885424,4,0,1,0.11904411874475064,4.9507053297450145,1,1,7,0
35.0,60.66,1994.78,55,804,0,-1.6681953632287352,-3.3493263362076,2,1.4283833672204058,1,0,0,-0.9777902407690452,-4.9071271447017875,1,1,4,0
1.0,46.95,46.89,71,812,2,3.191846346844971,-5.8200201541906,2,-0.3124541364027219,3,1,0,1.4905906545088334,-2.9960294542218224,1,1,2,0
72.0,24.13,1746.59,19,430,3,4.472328562288719,7.080889499000068,1,1.6263555924772408,2,0,1,-0.9193633935068337,2.7329881419793556,0,0,5,0
7.0,92.54,674.07,39,595,1,6.1672465868532305,5.801125365996214,4,-0.511589368460995,2,0,1,1.0320004488167682,5.294552954805395,0,0,4,0
48.0,73.48,3836.43,18,725,1,-1.6656489937344667,8.14091986722902,8,2.5718158033301277,3,0,0,-1.0222405470918283,-5.875508666290428,1,0,5,0
50.0,106.8,5489.6,27,837,0,-4.541513003007396,-1.6551233008859367,4,3.8228055925860702,1,0,0,-1.1164770412085858,-4.985058934766945,1,1,1,1
9.0,81.58,793.1,37,778,4,-2.889986803954106,-0.49895122887009197,6,-0.3857554421708641,3,1,0,1.5346055594313794,-2.043478825129106,1,0,5,1
32.0,100.87,3080.59,28,671,1,-6.639324585347428,6.273363291191832,0,2.611497369289747,0,0,1,1.4178712889635696,-7.490526244610557,1,0,0,0
1.0,149.99,147.09,74,676,1,-4.884817293873603,-3.6549863582352646,4,4.222080683809523,0,1,1,0.4143589284418486,4.79316378148468,1,1,4,0
72.0,19.99,1401.59,18,405,1,4.235853865924168,6.998443897008626,3,2.9620708507972995,1,0,0,1.4137406948667914,-1.5111176188840723,0,0,1,0
63.0,87.88,5772.37,47,504,1,2.2867064486131023,1.9218737488140982,1,1.810897831249227,1,1,1,-0.8201304575678865,3.740161704006947,1,1,5,0
50.0,116.41,6104.35,32,566,3,-2.0139006005463704,0.5740593237629887,6,0.4922796834738697,1,1,1,1.5058541780730907,-0.04456047161523895,1,0,2,0
21.0,74.74,1562.91,24,626,1,6.069995976883945,3.85756753744616,6,-4.05442845556141,1,1,1,-0.4973314312234831,3.283676914977587,0,0,3,0
71.0,31.26,2226.65,44,594,2,0.19642698525816701,-4.242139414464646,1,3.9216337294112376,2,0,1,-1.8940070440623584,-0.3214307132146679,0,1,6,0
38.0,53.84,2084.0,19,492,3,7.268344848968116,8.200454692906296,2,-1.8790448358753125,2,0,1,-2.1285623870426122,5.660050803738933,0,0,5,0
4.0,54.55,201.6,80,850,1,-4.154750906834659,-16.254824895835235,3,3.1502163434574935,2,1,0,-0.8607990994102593,-5.336376882336706,1,1,10,0
34.0,45.53,1699.5,46,635,0,1.5851574732075002,-0.9283577342390842,1,2.5453720980555232,1,1,1,-0.628412147912449,0.053916832807110286,0,0,5,0
72.0,74.67,4940.04,43,540,2,0.5213865373907947,-5.177131534951525,3,-1.9203006314454347,1,0,0,0.006246455712673172,4.476784291473513,1,1,2,1
72.0,19.99,1387.21,27,479,2,1.1139854783856333,1.0442203320770285,3,-0.014451629987044634,0,0,1,1.033585943506382,-1.2021144558954946,1,0,3,1
43.0,82.68,3254.91,42,550,3,-1.0263964651609812,4.742484604606402,2,1.5567757822992538,2,0,1,-1.3017308607924158,-1.0528137941001452,1,0,3,0
40.0,108.51,4412.43,42,564,1,2.3689711400256335,1.8157311788558221,4,0.9966031583183111,0,0,1,-0.09918595023780451,4.497065192914071,1,1,3,0
26.0,94.65,2569.24,38,520,2,6.014732165716195,5.815758785181392,1,0.6040104700706939,2,0,1,1.06031326141361,8.240382300629184,0,1,2,0
22.0,149.99,3323.92,64,613,3,-10.67909970052736,0.6413520888343038,1,5.928736915928581,1,1,1,0.8785280433803053,0.7467974382245405,1,0,4,0
39.0,33.58,1355.33,18,634,2,10.201176306719569,9.940119032814438,5,-1.3012721005948933,5,0,0,0.23710321724074412,1.9490268129553199,1,1,10,0
49.0,60.06,3099.21,47,412,1,9.646349456363106,1.3164024757289658,3,-2.416004226782102,0,1,1,0.9677464046784847,7.707427962594394,1,1,5,0
53.0,90.11,4833.05,21,725,2,-6.149795678179125,-2.766540325328342,1,-1.1976206442116377,2,0,0,0.42069858264549287,-2.230500944979032,0,1,8,1
36.0,56.33,2163.07,31,719,1,2.5707366037177635,3.85336647122244,6,4.538449163360002,3,1,0,0.8468536693856524,-2.860734722962745,0,1,1,1
39.0,142.38,5982.31,43,539,1,-5.257527131692198,-0.7823855230852154,2,0.7490512283726214,3,1,1,-0.8120994202365807,-0.5965069670503546,1,0,6,0
10.0,94.88,983.49,53,608,4,3.509966758635585,-0.16730478405594662,0,0.9501332482513337,2,1,1,2.507738902078,6.229152746617977,0,1,5,0
44.0,99.45,4357.93,50,501,2,-0.8823969482151689,3.564917517615514,0,2.1886946329875636,0,1,1,-0.4139198833679409,0.44438272575681476,1,0,2,0
48.0,88.74,4111.96,66,657,0,-2.269392822802519,-6.50543134698228,1,1.6739334565850807,4,1,0,-0.541995248034198,3.733906547998779,0,1,2,0
70.0,121.79,8198.29,54,519,1,-4.632272269903538,0.08314057502828316,6,5.601656632101992,1,1,0,1.9581594903964905,-0.47654193450055143,1,1,1,0
72.0,19.99,1426.33,27,469,5,3.580389483729445,3.9682585349961825,3,0.5189136580216418,1,0,0,0.17745308374529845,-0.971026795747839,1,0,1,0
33.0,57.99,1893.33,37,775,1,-0.5724413342525274,-3.0321752389184966,3,-2.6601642820641827,3,1,0,-0.5358445323065015,-0.9737731511591833,0,1,0,1
72.0,46.53,3629.29,50,519,0,-1.3855076243579731,-0.8094689902078984,3,1.0660995211729618,3,0,0,-0.7036510977926601,2.4783236853312958,0,1,0,0
43.0,73.41,3417.54,38,659,2,0.29623801776627284,2.273568641428844,3,1.9186695376882028,0,0,1,1.0849371184802632,-1.1638236002432385,1,0,4,0
54.0,19.99,1079.12,35,616,1,0.35504738081205267,-0.47424355223268216,3,2.5014635883661325,0,0,1,1.341442137321132,-2.1575912982902508,0,0,5,0
41.0,130.72,4998.68,27,583,0,-2.3525160978800916,-1.0735659928197518,5,-3.8719165390722603,1,1,0,0.731037366996254,5.744287728611157,0,1,6,1
72.0,119.05,7947.9,21,584,0,-4.293817675715169,-0.3097440712110561,12,1.478406281227818,1,1,0,-0.3556760051078699,-0.5888718792037727,1,1,2,1
72.0,68.08,4837.0,22,468,1,-5.414407870984701,-3.3172156371234567,1,-1.9744982417325772,1,0,0,0.0477790261295264,-0.8989500893789092,1,0,8,1
6.0,48.35,272.31,18,818,2,6.947054457575407,7.961860361184026,6,-2.9668124574345103,5,0,0,0.11289042547172269,-2.400134235472406,1,0,5,0
66.0,92.64,5633.88,33,694,1,-2.0101479122051793,0.6942077828383867,8,1.6819765915191178,2,1,0,0.2244394532059518,3.382827907615473e-05,0,1,5,1
30.0,133.43,3795.43,46,593,0,-3.117986396690744,4.8274551732199456,8,3.0522932717271316,1,1,1,-0.7156174790786259,1.200735402262289,1,0,2,0
32.0,37.42,1277.34,18,569,1,4.320782913852305,9.43158073967728,1,-0.7318665364571352,4,0,1,-1.0149396124470857,0.42086478439876596,0,0,1,1
41.0,64.36,2783.46,51,552,0,5.631623323542577,0.28050558714898094,5,1.0751159964140033,1,1,1,0.8335062036189549,5.670009635364801,0,1,3,0
1.0,113.66,113.88,58,850,1,-1.855761682304274,1.5174116189218827,7,2.971294304789088,3,0,0,0.9664579761803234,-3.0745039501114264,1,0,2,1
1.0,149.99,139.54,20,850,3,-1.859324660754319,4.840829966000229,6,-2.433737459017851,2,0,0,0.8029650433951282,2.8279829170089856,0,1,1,1
63.0,91.15,5889.82,44,695,3,-4.8023363398481385,-3.421207386032369,1,0.3818286321328014,2,1,0,-1.6599532050154782,-3.975960978734394,1,1,1,1
61.0,63.81,3913.04,43,504,1,3.15559213057037,-0.5598106561839726,2,2.988888777585872,1,1,1,-0.6740309179148335,4.776004253519327,0,1,3,0
4.0,92.79,364.98,48,609,0,4.577002662522386,-0.10062981901623058,6,1.6113707219783286,4,0,1,-0.5585096904405007,5.386822061871231,0,1,7,0
12.0,108.78,1403.45,25,715,2,-3.4254070009812505,6.226130460884183,4,1.0303951351732277,1,1,1,-1.4879893004762097,-3.7809891019635327,1,0,0,0
72.0,29.09,2078.08,30,528,2,0.874027897594387,-2.495863964325169,4,1.4057160722978796,1,0,1,-0.4932660814519965,-1.3604753051071012,1,0,6,1
9.0,129.46,1060.3,26,764,1,-3.1788309178413745,2.1268746861148857,0,-3.3590061576711734,2,0,1,0.008378333508780983,1.1760577102305012,0,0,0,1
38.0,97.55,3690.48,41,676,2,-5.28532777124276,-4.995165209886078,2,-1.9057747022947287,1,0,0,-0.5863383443289755,-3.032206945655481,1,0,6,1
66.0,74.81,4854.7,30,607,1,-4.4657861651579625,5.106272298847459,4,3.6922002562881793,0,1,0,0.26310323307282846,-7.6215287443852,1,0,2,0
7.0,95.63,632.1,29,513,3,12.750331703869351,6.59352238373529,3,-1.0308438726274836,4,1,1,0.9720412203056269,9.757272589665387,0,1,6,0
1.0,122.46,117.64,28,683,1,2.7747619907594143,2.1515410833321083,6,-3.6989327259766767,2,1,1,-0.15167494981871596,3.400481907821713,0,0,2,0
47.0,28.15,1246.37,38,668,3,1.887975391097203,-2.1539930981298947,6,0.4147245271767745,1,1,1,-0.26225372895013527,-1.3161491304024016,1,0,0,0
43.0,71.44,3176.03,46,618,1,-2.1471737073979664,-2.767664095910224,3,-0.2441734020487999,2,0,0,-1.3121628816635027,-0.1879513341716574,1,1,6,0
3.0,104.91,319.2,26,681,0,4.724655847638203,3.710635042688851,5,-3.0498631539694765,2,1,1,-1.5842374447640546,4.505128522864916,0,1,2,1
1.0,92.44,89.87,41,669,0,3.442851912769555,3.2671367978801436,4,-1.7269489308320254,2,1,1,0.3685259587255435,1.9743271355962313,1,0,0,0
48.0,92.48,4711.82,28,775,3,-3.509793553950827,-1.5554700203400236,3,1.062085875530403,0,1,0,-0.5337678916842692,-1.3572382297676382,0,1,2,1
32.0,56.92,1972.19,28,850,2,-1.6311561757152457,-3.4650274774560006,4,-0.41146632364257923,1,0,1,-0.29827256819445075,-3.6060585122134037,1,1,0,1
48.0,90.96,4288.75,44,602,2,3.7096866432634723,-0.26312013762100284,1,1.2214472783617745,2,1,1,1.2030674123988936,3.496129933001618,1,1,3,0
62.0,59.62,3656.96,60,575,2,-0.00042698782005816735,-2.3858046210026056,3,2.459360056240357,2,0,0,-0.35628290765178283,3.0139794501479793,0,1,1,0
4.0,83.32,350.66,28,752,1,-0.8779935764636008,2.6327746763201656,2,-1.1587222775656691,2,1,1,-1.2693625684390142,-4.1010436080864,1,0,2,0
38.0,58.91,2203.61,30,563,3,1.5797312135875978,3.8718930426065485,3,1.5741723299041404,3,1,0,1.8831857936349208,2.027466378470165,0,0,5,0
61.0,107.56,6650.1,57,591,3,-0.9146860022533515,-3.6108887768958065,3,0.5807343578266327,0,0,0,1.5126242730428014,2.016572891020882,1,1,2,1
24.0,75.63,1733.59,27,821,1,-1.628341080602066,-2.105967978339273,4,-2.5753337417355615,1,1,0,0.7640507816291063,-0.7639124524737049,0,1,2,1
50.0,47.78,2300.81,47,643,1,-1.0607473115564137,-2.118626241363181,3,2.195542490071952,1,1,0,0.1986051876948193,-1.0101960132129708,0,0,3,0
27.0,131.76,3805.81,50,712,0,-3.7530366752396653,-0.044457814768519864,2,-0.8265327781077948,1,0,0,-1.1228097812683262,-1.0099557684682248,1,1,2,1
20.0,71.14,1431.06,28,692,2,-1.2834593723260785,4.663612245496118,7,0.16976394312095677,2,0,0,0.8024957012421668,-2.907913028103561,0,0,3,1
13.0,70.75,933.83,56,682,1,3.5403572604358406,-2.284435938260925,2,-0.9211413796280391,2,0,1,0.9042724062898024,2.189130653102614,1,1,0,0
33.0,61.88,1967.17,33,637,2,4.665301632322946,-0.21853721688919778,8,1.6120395745604503,1,1,1,-0.3951888321604001,1.2814838834351503,0,1,1,0
47.0,39.04,1878.83,34,768,0,-4.245769961481189,-6.197493904014983,2,-1.7824186815586303,3,0,0,1.120597231418985,-5.51696565501908,1,0,6,1
62.0,44.56,2682.8,22,634,1,-0.3676605943691151,1.586125411954858,3,1.1967904046958497,1,0,1,-0.061347632125957285,-2.8553674358013423,0,0,1,1
36.0,41.7,1593.0,46,448,3,10.151268775909882,3.2923227514558024,2,-3.016640088262318,1,0,1,0.41310199277097925,7.327598137762867,0,0,7,0
16.0,54.57,928.31,43,640,6,5.895304520551994,2.767611119971136,6,-2.42006558086868,3,1,1,1.251660824134428,1.6776146502349527,1,0,6,0
60.0,61.44,3682.25,50,586,3,-1.9888254869151467,-1.1993897939437244,5,-0.1397584379195601,0,1,0,1.0102965839293374,-0.10802593891878867,1,1,1,0
45.0,102.88,4403.02,38,630,4,-1.204899935195377,1.087467399781046,1,0.9194544971636418,1,0,0,-0.5786666836266698,-0.6498810955519764,1,1,1,0
33.0,101.14,3230.16,50,609,1,-0.8780065815129093,-1.3802670336388734,0,-0.09556871139564616,1,1,0,-2.568027261610313,4.697591628237471,0,1,4,0
12.0,93.11,1135.77,72,700,3,0.6686265795902787,-4.901462146926796,3,-0.2636341110454704,0,0,0,0.7682959625243823,3.790072169235834,0,1,1,0
29.0,78.31,2459.08,58,611,4,3.648506158986998,-2.512976841277357,3,1.4214929014347981,0,0,1,0.9047312019071703,5.139301581444803,0,1,2,0
55.0,63.38,3558.99,27,649,0,-2.995742923350534,4.718595032023373,0,0.9484099000139422,0,1,0,-0.11680357476808108,-3.1827059467332917,1,0,3,1
72.0,19.99,1546.05,18,350,1,5.535901817942705,0.29261809280710466,6,-0.9245398303538562,3,0,1,-0.1817461910099578,2.642747285351024,1,0,7,1
48.0,143.33,6361.41,45,618,0,-10.415691468907092,1.1776843166498694,3,4.334317285802124,0,1,0,-0.6278281033215328,-6.786110423950477,1,0,5,0
51.0,72.43,3611.8,64,588,1,0.9969908105750638,-5.049388484573232,1,2.156507224585208,1,0,0,1.4941494330671117,4.03315949758609,0,1,4,0
33.0,33.76,1182.96,24,595,2,1.2849157230812545,2.77260817026226,1,-2.0650659923051204,3,0,0,0.6468494147081907,-0.3997031873236931,0,0,7,1
46.0,74.08,3071.87,42,648,2,-3.58272477888187,-1.1016062216541278,1,1.2660482671718354,1,1,0,0.4605570138708249,-3.002350087172079,1,0,3,1
1.0,79.27,85.08,48,667,1,5.588491359759179,-0.5053752089226033,4,2.020512456142764,4,1,1,-1.0763906456860337,4.056788174500877,0,1,8,0
1.0,128.91,121.43,38,756,3,-0.6807410322940005,0.8812973832570682,5,-0.49819519515419974,2,1,1,-0.4642802603393493,1.425249712689773,1,0,3,0
24.0,42.25,1083.05,55,689,3,5.203415044054186,-4.587494579890488,10,2.3359639772875633,2,1,1,-0.1240427891586688,2.241874206180747,0,1,2,0
1.0,61.02,64.68,52,773,0,0.8896603482217464,-3.167816782687665,1,1.2087825069047557,4,0,1,1.0081904129530466,-1.8496795497008256,1,0,7,1
72.0,45.08,3406.01,18,350,3,8.574519357105013,11.182370442668866,3,0.9278455330451179,1,0,0,-1.3513472212562474,9.010766996586868,0,1,10,0
48.0,49.65,2331.01,48,562,1,6.3332959166200045,2.2568691332680264,10,0.10977794201298285,0,0,1,1.78322847915437,3.9101211344214226,0,1,7,0
72.0,90.05,6270.49,21,583,0,-5.5246297248347975,-1.0283982126674234,4,-1.1968854058781202,4,0,0,-0.6846782959766068,0.38587560419433237,0,0,4,1
4.0,116.44,438.57,52,733,3,3.9667012018929233,-0.19378346125331192,3,2.2387600677877795,4,1,1,0.06132153306545479,5.98864130873571,1,1,3,0
72.0,41.37,3147.75,35,533,1,0.8921785445144179,0.7934596540398934,4,1.4836990223215833,3,1,1,0.14370796193450838,2.133915260267312,0,0,0,0
68.0,19.99,1388.13,18,413,2,6.9318604672095425,10.4574797563275,2,-0.23849323757089802,1,0,1,0.5886204393916044,2.8326435045339764,0,0,6,0
28.0,120.25,3437.37,18,702,2,-3.9735152391574866,7.386805579493151,0,-0.688904283920985,5,0,0,0.31349848449150813,-1.0849112713008462,1,0,1,1
30.0,102.18,3349.8,40,685,0,-5.247749461595961,-3.917843558434426,1,-1.7154688612390356,0,0,0,-0.34000624690348086,-3.725387369031605,1,0,7,1
6.0,124.26,753.83,80,812,2,-1.4994438312462823,-14.871379183469996,4,-0.04201868820931609,1,1,0,0.6459411083357323,3.4389740059375056,1,1,4,0
22.0,34.19,803.85,45,715,1,2.7613864430700503,-0.20220597745832086,5,1.7809622423527842,3,1,0,0.32982069852267654,-0.828300842828202,1,1,2,1
40.0,77.18,3213.91,45,601,5,1.1220579415228829,2.82967541312452,1,1.71055519794535,1,0,0,0.043030401709953724,-0.6535910718124536,1,0,3,0
43.0,103.11,4226.38,34,665,4,-5.63385716291657,6.870174196035169,4,5.386051680063737,1,0,0,1.5279925554952445,-5.461925954765767,1,0,3,0
54.0,63.44,3705.09,49,510,4,5.7858833106047705,-1.0165019792763488,7,-0.33356571790715683,0,1,1,1.1819351908455082,3.6075083043016427,1,1,3,0
31.0,149.99,4318.33,32,607,1,-6.968917346181762,0.8455768111191126,3,-1.7576915776824926,0,1,0,-0.83276146692581,1.3375544212547623,1,1,5,1
30.0,106.44,2966.21,39,597,1,3.71788001594234,0.6022747468095864,1,-1.0054569079689109,0,0,1,-0.9457517030141738,4.768901296260186,0,1,1,0
72.0,47.31,3107.5,47,618,1,-7.904083410065311,-10.361690746112583,3,0.36494595697750254,2,0,0,0.9348359295602436,-9.410000374990187,1,0,9,1
1.0,106.8,114.95,80,712,0,0.43477448327271967,-6.399782188658203,12,1.766769802629925,2,0,0,0.148597350024962,5.073092358169087,0,1,8,0
66.0,68.32,4469.2,25,561,4,-3.085495855404266,2.2704531177324827,2,-1.476066917945178,1,0,0,0.2893452597061307,-0.12788754891036921,1,0,1,1
59.0,147.76,8995.43,25,782,1,-5.708744973707849,2.288332122315806,4,3.83779082760566,0,0,0,0.030298018591116655,-1.7737141662113645,1,1,4,1
25.0,114.44,2592.74,26,671,3,-0.9249878176645925,5.741442697748421,3,1.954303746305854,1,0,1,0.7167772939802787,-0.0817023165658189,1,0,3,0
40.0,106.33,4345.32,30,698,2,-3.448762689259505,-0.4047523418767853,5,-0.8956091768422297,1,0,0,-1.029556095029723,-1.0145552319888909,1,1,2,1
30.0,54.93,1737.69,24,533,2,6.776069529528199,7.203097094115826,3,0.5353505018271063,3,1,1,-0.27021774426254186,3.2854262808698964,0,0,2,0
56.0,74.85,4250.0,44,691,1,-5.5186543712120475,-4.592069457025779,0,-0.14895642385164198,3,0,0,0.5175722141456192,-5.189598005210874,1,0,3,1
14.0,111.52,1574.1,51,731,0,-0.9016885457523122,-0.12923819479146675,6,-1.749468443881689,0,0,0,-0.3920398210391914,0.17516622250254812,1,1,3,1
72.0,19.99,1466.21,21,394,0,-1.5020866083871258,-0.6779614031609705,1,-2.684063441084828,1,0,0,-1.228951994385282,-0.8865353519145491,1,0,8,1
72.0,48.36,3167.46,35,621,0,-4.046176026622746,-3.6570535994179116,1,-2.0597990488984705,5,1,0,-1.71992397250426,-2.381556813621518,0,0,2,1
1.0,149.99,149.76,41,709,3,0.3693484670686323,-1.1860554019811766,0,-1.8239532587725757,1,0,1,1.6261853889807225,5.441174924821191,1,1,5,0
45.0,102.2,4561.09,67,578,2,-0.6719306183865889,-3.3089135775709493,2,2.021366401795405,3,1,1,-0.8689931305638562,4.02608296937929,1,1,2,0
29.0,23.13,682.23,52,666,3,3.9470043132105666,-5.737908588303872,8,6.048530957077992,0,0,1,0.2926758838733724,-0.2363599921670918,0,1,10,0
72.0,60.28,4552.92,27,487,3,-0.6012879276810156,-2.8255162811481873,10,2.4015409195975526,0,1,1,0.3808750956505506,-0.446182273099211,1,1,2,1
54.0,113.54,6321.21,36,504,0,-1.1423561132062494,3.710701099738247,4,1.5601215486105526,0,1,1,-0.2517350931672641,-0.291252426746635,1,0,0,0
47.0,70.58,3464.78,44,714,1,-1.1680596733946587,-3.3846206616378174,2,-0.07822952077096657,1,1,0,-0.468175103821745,-1.704694035464282,1,1,2,1
36.0,116.29,4135.47,21,765,1,-5.752920546879055,4.288367675363229,3,2.2603914920784334,1,1,0,0.5070378896355,-4.666914985380423,1,0,1,0
24.0,94.73,2481.03,51,580,1,5.4343957714711015,0.23786898461229727,6,0.397438368597938,1,0,1,0.8784642227347697,7.37416621949592,0,1,1,0
22.0,112.42,2481.75,64,620,1,1.3587445554086368,-3.5368359328011856,12,0.2896079947569832,1,0,0,0.6142694771512651,5.419568850530137,1,1,3,0
37.0,88.69,2955.77,23,658,1,-1.4190232728172467,5.099824440147807,1,0.8950389265177183,1,0,1,-1.2540170100485835,-3.259247498464903,1,0,2,0
51.0,96.26,4576.44,21,753,0,-2.710784950356495,-3.7526573318497514,4,0.07395669499012736,2,0,0,0.8571469683308649,0.45094710528852877,1,1,7,1
54.0,52.7,2756.34,33,627,1,-1.3653701427432074,-1.2648854055166698,7,0.7323981267000661,2,1,0,-0.8277432799506472,-1.6983641551541535,1,0,5,1
72.0,88.09,6415.83,19,504,2,-3.4933665666536253,-3.836403695289479,1,2.012291088806421,3,1,0,0.3379257841910184,-1.272395480189674,1,1,10,1
1.0,74.91,76.11,29,786,2,4.622585749342384,4.920780861505034,1,-0.6414576679514224,3,1,1,0.06169678799855951,0.9969496294555558,0,0,4,0
1.0,67.33,69.4,37,739,2,4.510382264235015,-3.988059772292151,4,1.3685749358456945,4,1,1,0.14905648124570428,0.6089778251402834,1,1,10,0
8.0,94.98,706.04,45,850,1,-2.8366420229223674,-0.6199160712059593,7,-0.19668675229302102,0,1,0,-0.47462825205339176,-4.387817750449693,0,1,2,1
62.0,42.33,2830.78,45,472,0,4.887198382038246,1.9456748168635676,1,3.165014274176841,0,0,1,-1.3374071204500453,3.914134258621703,0,1,1,0
36.0,58.1,2218.43,18,655,0,3.2093513360268693,7.9652206553044875,1,-1.174793629449359,2,1,1,2.1913125827691764,-2.629565340148651,0,0,5,0
1.0,97.68,88.78,67,562,1,10.091276758946197,-1.3817526544696759,1,-1.5258721176916574,2,1,1,1.3344961142186185,12.135464481065807,0,1,4,0
15.0,127.02,2026.96,20,706,5,0.39004047752274146,6.0759445580422495,3,0.5246375775057124,3,1,1,-0.20417475775874783,1.046068965782919,1,0,2,0
72.0,41.89,2798.54,18,462,1,0.9245046753110608,4.626852074687917,4,2.944239299648285,2,0,1,-1.7012698274571973,1.1699706419314568,0,0,0,0
50.0,52.43,2411.2,57,707,2,-1.9866149462746931,-7.853330969338375,2,1.3627603642378292,2,1,0,-0.07350525265514567,-1.8149688433041353,1,1,4,0
6.0,96.81,539.56,34,651,1,4.275598093534131,1.3939110262235228,5,-2.642201115952549,1,1,1,2.2221324676430547,3.805612650500926,0,0,0,0
16.0,81.6,1381.74,57,633,3,3.210071847680243,-1.3792268467424564,5,-1.2118980510580615,2,1,0,-2.1081466915816724,4.834171114400232,0,1,1,0
22.0,149.99,3242.84,18,733,3,-4.193182776271331,1.9353968822429488,0,-2.0575272711579116,1,0,0,-1.3946633208200576,2.010079665630777,1,1,4,1
72.0,75.69,5139.69,21,396,1,-3.1104217012102833,3.1728282420725393,5,-0.3411703740742894,0,1,0,0.6647938331894881,-0.19489085609237267,1,0,3,1
72.0,19.99,1404.69,18,785,2,-3.117127108333659,-7.701348810795946,0,-0.3460520122474685,3,0,1,1.4918104332045574,-5.614518871862787,0,0,7,1
12.0,77.06,982.08,49,591,1,4.2288645849631825,1.8857399228043676,2,0.8573746572887347,4,1,0,-0.5246202047086057,3.92257966933659,0,1,4,0
16.0,134.01,2178.41,47,580,2,0.07617421368444856,1.7239263823667779,0,-0.45396452329381554,1,1,1,0.5488458471258352,4.685731683680289,0,0,1,0
1.0,106.15,103.11,37,840,0,-0.01904321513146292,0.8124983273033678,10,-3.660117073620366,1,0,1,0.21065985002905963,0.9447655598549348,0,0,3,1
15.0,88.13,1381.66,18,779,4,-2.9173825114733742,5.6388131355234705,1,-1.8757800080131726,1,1,1,0.039936630424560776,-6.512173696738685,1,0,1,0
72.0,49.7,3388.34,40,350,0,6.014841234830122,8.392635784700252,8,1.0531932122064274,1,1,1,0.15583974967954284,2.2896977540840373,1,0,8,0
9.0,85.33,826.38,18,850,1,-4.082989926149115,1.7065569943461794,6,-0.03315998168744172,1,0,1,-0.8789947460919962,-3.8783742888368997,0,0,3,1
55.0,22.03,1252.34,51,567,1,3.4907332186035753,-0.6919892878181607,5,2.094110782330851,1,0,0,0.6900801642563013,1.4899589360527647,0,1,1,0
31.0,55.64,1691.42,45,607,1,2.7927502768953123,-1.0301888462050088,3,1.4582294054123115,2,1,1,-0.9918714766868608,1.5040436662426546,0,1,5,0
41.0,122.52,5239.15,26,774,1,-2.278650391042729,0.36798359018023946,1,0.5338602639436362,1,1,0,1.3883602912506816,1.5174852987028795,0,1,0,1
56.0,79.08,4591.34,31,593,1,1.067483288574447,1.9477083852785804,0,0.5312307087299623,1,0,1,-1.292206805825309,-1.054632006876581,1,1,2,0
29.0,137.72,3820.79,34,782,0,-6.57200826628471,-1.3777595462849461,7,2.358126953085519,0,0,1,-1.7490559629814504,-3.11125123310841,1,1,3,0
13.0,38.12,484.04,46,718,2,2.8914657683713694,-1.643224825188011,1,-1.2956515090398724,3,1,1,1.6055015317493107,-2.3878717458506533,1,0,1,0
1.0,54.76,58.73,43,693,2,9.416742773300811,1.7000763656553644,0,0.9476063189026448,4,1,1,1.5521947595488772,2.284671726064313,0,0,1,0
63.0,70.6,4792.11,18,670,1,-3.342577472370639,7.1243494545449675,9,1.544214999507958,1,1,0,-0.09960949326764083,-4.3248273476043995,0,0,1,1
28.0,52.28,1455.22,35,590,1,5.540920836424593,2.399273826692191,2,2.055068522989077,3,1,1,-1.3237683772005655,1.9342360290372749,0,0,3,0
16.0,89.42,1460.89,42,794,1,-1.6111828365435692,-2.0976228801509316,3,-1.388638419810972,0,1,0,0.1877182076040144,-1.054796177878312,1,1,1,1
7.0,135.23,868.09,38,849,2,-8.454497207669384,2.1934994728535937,2,4.044302203460692,2,0,0,0.010162188123134535,-6.553427304582745,1,0,3,0
37.0,82.1,2934.89,20,672,1,2.228194437327489,5.81012307362397,1,0.20094439390214125,2,0,1,-2.6723342651082,-0.3550325261715281,0,0,4,0
28.0,99.04,3023.05,32,734,1,-4.383457912341089,5.042287476177144,3,2.941737173127661,2,0,0,0.5442580296732588,-5.261960541855992,1,0,1,0
18.0,81.94,1575.68,46,587,2,9.065436426926968,0.503732408107766,6,-2.5479242806307254,1,0,1,-0.1776778144811391,9.533330394040417,0,1,5,0
26.0,94.87,2391.16,55,648,1,0.4315607163573618,-2.9468962307707334,9,0.5403753713371352,1,0,0,-2.1203645354947875,3.4603998299175145,0,1,3,0
72.0,73.71,4835.71,47,406,1,6.652119673993043,0.733428916440283,4,0.7487801869066721,0,1,1,-1.6847408229260477,6.050956569011529,1,1,5,0
21.0,101.69,1989.23,37,778,0,-1.1970501998177685,3.898342467428756,13,2.8218488496842706,4,1,0,-0.38790502628609164,-0.8930826259244662,1,1,4,0
25.0,84.41,1961.03,77,743,2,-3.158407670243088,-10.50093183805422,11,1.5365600616788995,2,1,0,0.7052170091465112,1.9216031369616613,0,1,8,0
50.0,22.37,1133.98,34,532,0,6.337279378221839,4.579253417700822,3,1.689262497970452,2,1,1,-0.9397688061641707,1.142454175612234,0,0,2,0
49.0,59.09,2968.32,23,562,2,7.0504777687919,5.850078100724973,7,-0.4946319091862258,3,0,1,0.42307944386967294,2.493606740718589,1,1,7,0
67.0,86.06,6245.27,36,661,2,-3.465943315113211,-4.17016808191267,3,0.7183381313926008,1,1,0,-0.5972455505130151,-1.2705707766001426,1,1,2,1
30.0,78.31,2325.62,18,657,2,-1.3683454954468446,8.560268525261366,12,0.2148651200652717,1,1,1,-0.23221161890018235,-5.203273617875532,1,0,2,0
1.0,95.53,94.48,66,790,2,4.52737617031593,-7.005457968376245,1,0.022508525143986713,2,0,1,1.1731645378562763,3.042137946710245,1,1,3,0
31.0,74.08,2416.09,44,721,0,0.7673163971127965,-1.0481471478630688,1,-0.9844857573284876,1,0,0,-0.055182026072017526,0.18520178043841093,0,1,2,0
12.0,40.61,476.7,34,646,3,5.887178289435131,1.3958929327109442,4,0.2207078981700662,5,0,1,0.631171059483484,-0.767714397057083,1,0,4,0
1.0,108.63,115.18,22,850,0,1.7163287716716047,3.8111824088547523,2,-2.6158870475072575,3,0,1,0.22935596835881453,0.5606256891967746,0,0,0,0
72.0,49.96,3911.95,20,622,5,3.3376164228258416,5.616093133335686,2,3.5983091056743453,4,0,0,0.3024395369679446,-2.690051803696913,1,1,9,0
27.0,141.72,3726.56,61,504,0,0.30236795130099814,-0.6552732965888598,4,1.3777509918966642,1,1,1,-0.23462380572677125,6.6043879141405695,1,1,1,0
17.0,77.64,1297.68,43,564,1,5.997780003118637,2.447463980773972,2,-1.4937325458234003,1,1,1,0.4570109043611031,4.213912104711335,0,0,2,0
72.0,19.99,1572.1,36,452,0,6.419177882493975,2.794481243652598,1,2.9430038263198894,3,1,1,-0.5027349945485095,1.3216840516176995,0,0,5,0
11.0,94.7,1018.33,33,770,2,-1.6082505837323984,-4.1816754934639215,12,-5.113470524747145,0,0,0,1.6233194708885648,0.8849725506271323,0,1,6,1
16.0,25.03,374.81,42,729,1,2.7536808530553176,-1.7138056431229487,5,1.0490825702181004,2,0,1,-0.40102877537486686,-1.5435694062151564,0,0,4,1
30.0,105.48,3357.76,20,799,2,-3.626248246404147,0.27430586488076636,5,-0.011507790956208908,0,0,1,-0.08679032929133085,-1.7507216030103674,1,1,2,1
56.0,54.99,3359.22,46,585,3,0.5692670855793833,-0.843778972856248,5,0.22438375857249127,1,0,0,0.5985567907866389,0.42061740086825916,1,1,0,0
58.0,27.62,1603.67,28,492,2,8.163655416682886,4.109307178331122,2,2.506607616482467,1,1,1,1.1134565884024605,3.013556008561503,0,0,2,0
62.0,61.41,3853.04,27,505,2,-2.042133034871641,0.6627141676645905,1,-2.787953139785957,0,1,0,-0.0662535677708113,0.6447620211664914,1,0,4,1
72.0,26.34,2060.34,49,350,1,9.258920082603817,3.549460180004627,1,1.7653671443157788,1,1,0,-0.5967992895372457,6.147375193764156,1,1,10,0
58.0,142.17,8432.74,49,642,1,-8.412080248730314,-1.096981415236843,6,2.0237715148486166,1,0,0,-0.5910630470681757,-3.4150885243754883,1,1,3,1
24.0,73.7,1842.9,19,800,2,-0.14352257011975603,3.7130165877789256,5,4.081454213200618,2,1,1,0.15291977135165408,-5.13314610808843,1,0,2,1
36.0,122.23,4597.45,47,567,1,1.7398395602127545,-0.5182445210988113,0,1.0821521773006593,0,1,1,0.0804763085018839,5.148688014526698,1,1,1,0
39.0,64.48,2307.21,52,680,1,2.743637873993388,-2.048693227599194,1,3.940006136474266,0,0,1,0.47292363998125336,-1.0377890380357488,0,1,0,1
37.0,94.64,3766.83,48,574,1,2.510398802024183,-2.4127891472772256,4,-0.9174120166777403,2,0,1,-0.06586772052764621,3.7481157010071366,0,1,0,0
72.0,56.98,4287.65,51,575,0,-0.4468414378799834,-6.583991121504309,2,2.357858715040882,5,0,1,1.0815288063629707,2.4263159963475722,0,1,1,0
24.0,51.05,1261.71,73,662,3,2.8132426679825904,-4.8217524576610975,4,1.0817298848839947,2,1,1,-0.2152991374979734,2.862770920468477,0,1,1,0
8.0,78.31,668.77,21,773,0,-1.775251327704239,6.606376871178901,2,0.8087618533559598,2,1,1,-1.1857002617465873,-6.179597158215443,1,0,1,0
35.0,97.93,3486.18,25,792,1,-5.270777726863706,-1.3263577871048657,3,-0.7214708610451959,1,1,0,0.38468941710234816,-4.034101956745752,1,0,3,1
28.0,76.26,2308.39,61,622,1,2.638229806029378,-4.934344265717399,3,3.780263173384465,0,1,1,1.2119219031752897,4.396165220728952,0,1,8,0
1.0,103.25,113.32,56,678,0,1.7068534331890561,-1.6792229856666823,3,0.8817467373929347,5,1,0,-0.8617820069445727,2.573202854201143,1,1,7,0
23.0,42.04,984.04,44,536,0,9.216153685997217,3.862345527245437,5,1.0095546795669597,3,1,1,-0.8705162916211222,5.187741369442788,0,1,1,1
53.0,73.0,4074.08,20,665,2,-1.9601545401831535,2.606117928012711,1,2.4049179919013444,1,0,1,-0.025789542238582173,-4.361252122399238,1,0,0,1
72.0,27.79,1952.96,44,599,2,-7.752101486675968,-6.818476619998362,1,-1.2303908323574948,5,0,0,0.518509740511823,-8.430204217768509,1,0,5,1
72.0,86.01,5794.33,24,561,1,-2.471758424419096,1.6294928807254025,1,0.7505531731029127,0,1,0,0.7229668177070661,-0.5788278653842898,1,1,1,1
43.0,77.86,3090.46,30,660,1,-1.6187145081194139,5.408619969774614,8,2.3204182121350505,2,0,0,-0.3791436495592495,-4.274115059319573,1,0,3,0
30.0,98.95,2864.8,40,530,0,4.899210186916622,2.929081909165509,6,-0.5296951991499722,1,1,1,-0.28417022481653503,6.542673077033858,0,0,3,0
46.0,105.43,5246.19,30,765,4,-1.5207849796112682,3.092984400868128,3,1.279081242349752,2,0,0,-0.15450766548455253,-0.27167873793957764,0,1,9,1
7.0,113.71,722.3,53,606,1,5.936805877461543,1.2600830807416488,2,-2.224340778854331,2,0,1,0.6977905552351497,8.52039084920534,1,1,4,0
47.0,89.88,4060.37,48,628,0,-5.655773300798799,-6.275922542008836,5,0.1946635690076589,2,0,0,0.2996831797103422,-1.6670253981691594,1,1,9,1
43.0,81.28,3569.0,34,708,1,0.09182134033376593,-3.026853499135463,10,-0.05129312246601758,1,0,0,0.8231036374738754,1.8280437474194828,1,1,3,1
15.0,81.79,1241.08,45,661,0,5.60670524351426,-2.4792999435923333,1,3.325635495859083,0,0,1,0.7229930236097554,5.498691104646833,0,1,5,0
2.0,102.97,226.14,33,707,1,2.3942744086816776,-0.2865870788620062,1,-3.328110957914919,0,0,1,0.04377768276480924,3.00152287947451,0,0,1,0
24.0,141.9,3340.74,50,751,3,-7.817407185016218,-5.704898167654682,6,1.5956083891964417,3,1,1,-0.9743255085805093,-2.4301202884929554,1,1,7,0
1.0,112.51,108.05,48,779,2,0.6892219068664197,0.578857247915539,4,1.5819320815880138,3,1,1,2.1870790830925366,2.424164755735082,1,1,1,0
44.0,46.64,1961.19,35,641,3,-1.3274471044825957,1.6892321547348714,3,0.8822065929551561,0,0,0,2.9458057728832574,-3.374907600371385,0,0,3,1
60.0,87.21,4979.6,26,522,1,-2.197410152679093,3.894513374532358,3,-1.4000112844869634,1,0,1,1.080918177443984,0.25484269850597324,1,0,2,1
72.0,26.33,1843.14,23,434,2,0.9643529385957542,-1.4446842146110863,3,-0.4356163796957454,1,0,1,1.6474172636800062,0.18095329230324422,1,0,6,1
2.0,98.89,217.39,48,850,3,1.7911440901771294,4.107776861724445,5,4.0798717814906285,3,1,0,-0.8011606575777764,-0.8712842783335163,1,1,8,1
69.0,53.71,3983.83,20,457,2,4.400327058122342,4.966983586081923,4,3.5025101648953094,1,1,1,-0.35657400710714193,4.138432513523519,0,0,3,0
1.0,107.53,112.32,51,850,2,-2.342215567904928,3.2470755493172545,11,2.8473572298276597,2,1,0,0.8066920682716953,-3.755717195302326,0,0,3,1
19.0,137.22,2719.64,47,712,0,-4.966047806710832,0.7039208453269638,2,2.7851056906847553,0,1,1,2.2686027105170132,-0.05464560070170528,1,0,1,0
44.0,103.16,4962.7,30,796,3,-4.006053266975019,3.170304193193837,2,4.151515953032365,1,1,0,-0.08431037280288874,-4.802088576053871,1,1,4,1
1.0,91.87,83.94,18,850,0,-3.8294870357527313,7.366687343210925,0,-0.8577717022679759,3,0,1,0.7575507093014701,-9.497786433606043,1,0,2,0
72.0,19.99,1382.31,18,404,2,8.240975648153228,9.295031511080433,3,-0.14334051308950646,1,0,1,1.1397982338192234,3.0179710543473655,0,0,6,1
65.0,56.98,3911.95,45,350,4,9.1931196996048,1.2838586200159703,1,-2.7682382368249394,1,1,1,-1.427376113740567,6.732157020738855,0,1,4,0
72.0,19.99,1582.11,23,596,1,-3.7326275734334766,-4.304186030249409,4,-0.9274257194349103,5,1,1,-0.4604341424779612,-3.185545971889168,0,0,3,1
1.0,79.71,75.58,38,722,1,6.761145052501029,4.088882339621127,3,-1.950472787508788,3,0,1,0.08354496653538034,4.498871182996331,0,1,4,0
50.0,19.99,935.41,42,555,2,5.556180503430326,2.0674664991319087,6,2.513712162049545,2,0,1,-0.415840069186823,-0.8204203811708856,0,0,0,1
1.0,64.92,68.81,52,780,2,2.7222680308060156,-4.132552781813993,5,-0.5727861718866173,3,1,1,-0.21163236340279695,-1.3964494564421055,1,1,3,0
1.0,91.86,92.03,37,589,2,7.133682137355663,5.827515219912898,5,-0.9752661055475754,4,1,1,-1.5409470331588948,7.65460966197094,0,0,0,0
43.0,19.99,840.7,68,595,3,1.7386270718339298,-5.628788263186195,4,2.0955225970591878,1,0,0,-0.38247124342550404,-2.116429004939203,0,1,7,1
37.0,134.46,5111.8,45,679,1,-4.9583406289836764,-1.139366635598727,1,-0.17452795980527092,1,0,0,0.5608004210727087,-1.2760055037427358,1,1,0,1
1.0,111.97,105.22,25,683,0,7.044712772889141,1.855362341695433,10,-4.550968634065471,3,1,1,-1.0098503789946192,6.372162206013426,0,1,1,0
34.0,35.72,1189.17,26,596,2,-0.37587407345192947,3.105557377988132,7,-0.8895606127002952,2,1,0,-1.1853308119547301,-2.392060415813427,1,0,5,1
66.0,95.22,5991.89,27,407,2,5.439177111814896,5.021483628932339,6,3.2016278350606986,2,1,1,-0.17057721392095365,7.873831258531052,0,1,2,0
72.0,39.21,2851.42,31,526,2,1.2067068043203333,0.3447368452154751,0,2.280517843747531,3,1,1,0.14038639873506806,1.7578809054014828,0,0,0,0
65.0,48.52,3131.63,43,406,0,4.35106059675863,1.6152260051850396,3,-0.8058904686544827,2,0,1,-0.2137432666957841,1.0503080705625694,1,0,3,0
3.0,41.3,116.85,38,619,0,7.956982307400911,3.463733011299118,3,2.3814962439419656,5,0,1,0.9059114272365753,1.9055332809900003,0,0,4,0
5.0,123.56,656.78,33,770,3,-1.742673247221481,3.6738567440983365,3,1.6513117985332073,1,1,1,1.7058126014937784,0.4160488667967583,0,0,1,0
39.0,25.38,973.6,33,608,2,4.248189774107476,0.049906998558386546,6,4.045629080239352,2,0,1,0.9991500978680199,-1.0140568540141879,0,0,7,0
1.0,99.15,108.5,62,576,2,9.847886043674414,1.000620746407288,3,-1.5655847177435969,2,0,1,1.3187008191625351,10.046310133158999,0,1,4,0
60.0,69.34,4042.01,40,599,2,-0.10264632222542831,-2.961087740905851,3,1.1385390364858354,4,0,1,-0.5850134021947422,3.7033608066263226,0,1,2,0
46.0,136.27,5845.65,32,666,1,0.4326314995571649,4.565873732184866,3,-0.04903059036145885,1,1,0,-0.009673321648320706,6.62896197922938,0,1,8,1
40.0,35.23,1370.8,38,658,1,-0.6810187867123355,-0.49694110244591677,2,-0.45404482738913565,0,1,0,-0.33723600933267645,-1.662697088387106,1,0,3,0
26.0,136.85,3448.65,42,697,1,-2.825350316080096,0.057056063336598045,3,-2.372340147532133,2,0,0,-0.5652533204154226,1.5335915332742769,1,1,3,1
38.0,128.91,5104.25,35,702,1,-5.342722756280545,1.6695782727107882,4,1.1501143970796446,1,1,0,1.6185057318876157,-1.705690452145479,1,1,2,1
12.0,51.83,588.76,60,765,2,0.9884912981619874,-5.749116591198494,6,0.9249729073264605,3,1,0,0.1196167673661235,-3.070679220970601,1,1,5,0
28.0,103.12,3141.01,32,772,0,-3.7011470455756963,-2.2291790403070455,6,3.508797081919623,4,0,1,-0.7340125508820446,-4.1480588684915,1,1,5,1
8.0,37.68,282.46,33,651,3,7.127955828510928,2.981530172036086,0,1.5576633046025867,4,0,1,-1.6914520369560415,0.15714993660134635,0,0,2,0
9.0,133.48,1164.41,18,831,2,-0.05062345331502709,2.0670897747928976,7,-2.0183151821734993,2,1,0,0.0036996509943369176,4.878803104933401,0,1,1,1
40.0,26.95,1007.19,39,668,1,1.8812549866810981,-3.7697693732235438,0,3.8815804937945813,2,1,1,0.9238320947681798,-2.693772766407999,0,0,9,0
38.0,30.36,1137.1,36,638,0,4.526180641993125,-0.06614440854432477,8,0.8061872018327261,1,1,1,0.8041983993928284,-0.4232201713456025,0,0,0,0
36.0,84.5,2811.32,66,681,0,-3.8315846999580363,-6.232890755181217,7,-0.2697824271750918,1,0,0,-0.6516382099741754,1.3104630722105919,1,1,4,0
19.0,71.78,1400.61,45,568,1,6.079944562032417,0.5980924504809941,2,1.9142335695858268,2,1,1,0.8507986120271173,6.369199750751781,0,1,4,0
27.0,127.78,3700.74,64,480,0,5.527793082976259,-2.3593707614033037,0,-0.31572590602590067,0,1,1,2.6648954861737693,11.53167504660805,1,1,1,0
27.0,36.79,980.55,18,617,1,6.671676938179443,6.664237969299334,1,-2.630586868636418,2,0,1,0.10387731927723261,-0.34433877985222466,0,0,5,0
11.0,97.83,1019.74,66,736,1,2.166819032717807,-10.650915096428543,1,4.362911904212363,0,0,1,-0.5751626163467582,4.145862343856011,0,1,10,0
53.0,63.3,3104.88,28,521,3,4.340120742842366,6.275213913295111,2,-0.21606851286170048,1,0,1,0.017880265009649152,0.9930544489501503,1,0,6,0
72.0,19.99,1523.88,44,596,0,-2.752484477904492,-4.141271748813769,1,2.8213982244612064,1,0,0,-1.2021159596421143,-3.898769428054907,1,1,5,0
13.0,55.06,680.56,45,524,1,10.300659737553419,3.973365218983611,16,2.5185315771270087,3,0,1,-1.0518340955200567,7.0307708394661015,0,1,1,0
23.0,57.79,1290.9,41,601,1,4.607522601571893,3.8890915040198495,2,0.25480969846055146,1,0,1,-2.0214136483810288,2.579678587265213,0,0,2,0
1.0,114.73,105.83,68,779,0,-1.8764194500923486,-7.362160107679454,4,1.2836812537669997,2,0,0,-1.3521869135206535,1.3512205457072235,1,1,8,0
35.0,75.78,2464.5,40,643,4,4.922716754246861,1.502044789722847,6,0.2306999260785908,2,0,1,1.6135426256767107,3.956791964896119,1,1,5,0
57.0,91.19,5125.58,46,449,1,2.869457891621542,5.459833460499754,7,1.8415409640524254,2,0,0,0.6742942084074393,2.6941935695682973,1,0,5,0
31.0,104.52,3385.01,56,589,2,2.4099114058173248,-0.3543484287585872,11,-1.4891075421386137,1,0,0,1.080138792534099,7.463725398858149,0,1,3,0
29.0,124.62,3763.79,25,748,0,-5.357733030516236,6.250388049393651,4,3.9072882356951406,4,0,0,-0.3529488939202525,-5.182529970295804,1,0,1,0
1.0,90.19,93.48,68,684,1,5.514566004773016,-3.805894089851042,0,0.7741855514951838,1,0,1,0.611375292698678,5.967454566248346,0,1,2,0
14.0,76.81,1082.72,80,745,1,1.1985707189995012,-9.075706727686336,2,0.9488892722704763,1,1,0,-0.7961108801559587,1.9215168218424779,0,1,0,0
33.0,95.41,3229.3,55,603,0,4.547975028226237,-0.09273026884458911,2,1.9489376496885753,2,0,1,0.6480150148481408,5.692618156286386,1,1,4,0
6.0,93.23,545.85,61,655,3,3.9832358943213646,-2.887652015275529,3,-0.00023913304666933755,2,1,1,1.8665616558599696,4.840583656743457,0,1,2,0
36.0,63.39,2064.17,43,669,0,0.25895245890170177,-1.7530930277342007,0,-0.00029397958053722917,0,1,1,1.505806299881375,0.6467406523178365,1,1,2,0
24.0,144.47,3204.35,61,548,3,-0.04269702707641789,-0.7281397908527847,3,1.5133186815676152,0,1,1,-1.111732529524027,6.898030477763927,1,1,0,0
3.0,82.1,232.19,48,636,2,7.283580149523455,0.06221017983946358,0,0.8023291764981536,2,0,1,-0.6134205011029831,6.080414553553328,0,1,2,0
36.0,86.73,3065.07,25,681,0,-4.348650196417358,2.7508589540022057,2,0.46439540516704847,4,1,0,-0.450270621318267,-3.3650554326383455,1,0,5,1
11.0,69.59,723.65,18,764,1,3.2245500095601245,4.715900301695583,13,-1.2657038319814329,3,0,1,-1.3985765310109564,-1.6633839779902337,1,0,2,0
6.0,119.2,746.51,47,603,0,2.7144049419113103,-0.27997858865019587,8,-3.2190102434637615,2,1,1,-1.144552416679256,6.9440344319451945,0,1,0,0
1.0,118.63,123.3,76,850,1,-3.1527673488689834,-12.42178897483379,8,1.9594750174709552,1,0,1,-1.7927900237854906,1.776891076641408,0,1,10,0
47.0,49.96,2184.95,18,641,1,3.028101173308091,5.879859362051448,6,1.2675735820322438,1,0,1,0.7953965848950113,-0.49299677823106375,1,0,5,1
57.0,79.81,4343.53,63,627,3,-1.2497311946274112,-6.877309823684216,0,0.7697277786256174,2,0,0,0.10013549594194415,2.669908115326225,1,1,2,0
1.0,79.59,71.99,35,646,1,8.666615899164833,4.878469783545835,1,0.7129467138229537,5,0,1,-0.1643487768624661,3.822749146743952,0,0,3,0
60.0,113.41,6241.35,39,577,1,-0.9765283065715242,-4.546417727644739,13,-1.2528488303349568,1,1,0,0.11585311355477819,4.082022399359365,1,1,4,1
35.0,20.55,668.03,43,664,3,1.6045366022561662,-1.4147100126244074,4,-0.25547998739519195,0,0,0,0.3974797475115409,-1.3692579206086612,1,0,2,0
19.0,126.64,2405.96,18,824,2,-6.806056581714278,6.530667471421174,7,3.430272586184145,3,0,0,0.21885611997721935,-6.819304343772966,1,0,0,0
64.0,59.77,4096.3,31,565,1,4.014736325240987,-0.8809189448238804,1,2.0145887884394162,2,0,1,1.2565777366367,3.4545907017163517,0,1,1,0
33.0,116.61,3882.47,41,570,3,-4.230889268939298,7.185484488562328,5,3.3539900309117225,1,0,1,0.6041166597792879,-2.2420864620669607,1,0,2,0
31.0,111.47,3252.19,58,690,3,-4.060603925204337,-2.9232013314494414,2,-0.28102104645704695,0,1,0,-0.16382169172476377,-3.324905684934199,1,1,1,1
29.0,109.78,3393.73,32,733,1,-3.0552748817654245,1.3387098351336677,2,1.049243523641043,1,0,0,-0.7152424877538293,-2.55952643961682,1,0,0,0
23.0,136.33,3405.97,35,766,1,-5.14683788708526,0.1050468996910587,4,-1.534283407949836,0,1,0,0.47871479179679816,-2.2068224982264333,1,1,1,1
52.0,64.63,3439.63,44,552,2,2.6339581717745255,-0.7348076658024536,7,3.121534177790432,0,1,1,-0.20672846678652132,3.579280313762472,0,1,4,0
1.0,91.05,88.63,65,709,2,6.736258929284564,-4.462580804627565,5,1.7292508624457077,4,1,1,-1.593942152647351,4.583110629532257,0,1,5,0
23.0,57.25,1371.09,56,635,3,5.149615012158048,-2.741639876967334,2,0.33804658520139663,1,0,1,1.1293611649935282,3.0192083584805887,0,1,1,0
1.0,108.64,114.78,72,681,2,5.8305981269377485,-3.1725974765332148,0,0.7173102986565449,1,1,1,0.7592653484804835,8.066777885315002,0,1,2,0
41.0,69.32,2950.47,52,637,2,0.37807752735072353,-2.8747618809133177,7,1.6418941903735935,1,0,1,0.24469661233627532,2.070197788695388,0,1,2,0
11.0,95.28,984.04,30,754,1,-1.6129230381523305,3.204875893355491,1,0.6064829270115292,2,0,1,1.0273209612054017,-3.932860838216552,1,0,1,0
67.0,51.17,3249.2,19,470,1,6.253018981035198,5.823928192083902,1,3.995939786578705,0,0,1,0.99915053723304,3.7849204120659707,0,0,1,0
9.0,98.38,944.85,50,601,1,5.358388538083869,2.0491128432648718,10,0.17640046309634694,2,1,1,-0.3504068232711103,7.312755519792778,0,1,1,0
1.0,87.69,94.86,60,692,1,7.337475861082797,-0.6885082005251729,3,0.12334260048152912,5,0,1,0.24136077822275698,4.999225630376502,0,1,5,0
28.0,19.99,613.53,50,618,4,4.746098878703743,0.3981770524768365,6,1.234447785736049,1,1,1,0.027843671920817735,-0.6323789076143556,0,0,1,1
36.0,53.92,1978.21,30,730,4,-1.1875240670044147,-5.769357749464433,1,-3.698081671883772,2,1,1,0.016011444238666888,-0.4391239967680265,1,1,5,1
17.0,76.11,1305.17,42,626,1,5.493058067670801,0.02932714583901089,1,0.706013170103212,1,0,1,0.21704697566498404,5.619731893948357,0,1,1,0
59.0,30.18,1728.92,43,648,1,-5.2494127728692845,-8.147542747444204,0,-3.522940258406174,5,0,0,0.6437736052662266,-6.218680598630921,1,0,7,1
48.0,65.87,3341.25,39,627,1,4.428894422441069,0.1663011566575383,0,-1.0956500016002715,1,1,0,-0.02311774904846404,2.9322354176657726,1,1,5,0
32.0,59.42,2054.43,18,850,2,-6.512780047766804,-4.70296196179675,11,-1.550276414147996,2,0,1,-2.3524435700755895,-7.387720435732679,1,0,7,1
67.0,72.72,4708.0,27,602,0,-2.9838563476167854,5.4096880096418065,0,2.387917567283324,0,0,0,-0.24269190453871414,-5.043475825604607,1,0,4,0
72.0,19.99,1368.78,18,467,2,0.48832521571407433,4.197349115993387,2,-1.2572970564483716,1,1,0,-0.47407355047858724,-1.4227980293741267,0,0,3,1
46.0,104.28,4652.78,46,485,1,1.8374689876459904,1.5959453012038638,2,0.8910187509447262,1,1,1,-1.2104777694192803,3.360910001854998,1,0,1,0
4.0,34.89,144.23,39,751,0,4.189347431577765,-3.4410255108727053,5,-0.21376443188667882,3,0,1,-0.428471070188578,-1.849085150034866,1,0,5,0
1.0,40.8,40.95,52,661,5,-0.01889985149543753,-2.0673849365549626,13,-2.8542535639277413,2,1,0,-0.5406455815979526,0.23232105557814525,1,0,7,1
22.0,94.35,1972.46,24,679,2,0.5125926676901515,2.7095449412296286,2,-1.1476379412326834,0,0,1,1.0515791195230937,-0.8541076305368974,0,0,0,0
62.0,49.19,3347.46,41,528,2,3.4207431952538068,0.43682711800673973,2,3.472692418672545,1,0,1,0.7579528185276485,3.340011388454212,0,1,2,0
46.0,67.48,2995.33,40,576,4,-1.439577320866895,0.7493496829032236,5,0.1129392047229455,1,1,0,-0.06720010419094459,-1.7850403018225185,1,0,2,1
14.0,56.43,867.17,56,720,3,1.0430604459401607,-1.8723781994724984,13,-1.1426502016984101,0,1,0,-0.06691536355006732,-0.11989835952722298,1,0,1,0
48.0,72.06,3142.75,30,719,0,-0.9643187715402436,-3.176632499391801,0,-0.4947905202442316,1,0,1,-1.6704523082190819,0.2322879235766886,0,1,2,1
72.0,54.28,3589.61,40,635,1,-6.114992014156254,-2.9978783407598115,3,-0.2390543751143993,5,0,0,-0.38387425185769375,-6.304767416837106,1,0,1,1
14.0,148.26,1927.36,29,748,1,-2.272563288530044,-0.6759247440136883,3,-2.452337541516679,2,0,0,-0.2635201211901141,2.169223893295186,1,1,2,1
39.0,126.38,5289.93,48,668,0,-12.31037803258715,-5.101833723234851,12,-1.4241431729432277,2,0,0,0.41551735996743266,-10.176608001373095,1,0,10,1
1.0,56.62,55.66,26,724,2,6.596591796189857,3.535000379177893,4,-1.878782693890058,5,0,1,1.9283985792321807,1.9581914617048672,1,0,3,0
5.0,144.39,739.85,32,850,1,-7.6112210646621685,0.033737127302443194,1,1.0901348163018156,1,1,0,-0.4824118813970574,-4.969726429464746,1,0,5,0
1.0,149.99,149.13,39,798,1,-6.834390802071201,-0.7939547287376583,10,0.11481187504347012,0,0,1,0.45237575588749934,-0.6501403362002905,1,0,7,0
72.0,46.5,3263.29,31,382,4,2.629114053484416,6.594765802090305,1,1.9882500651366395,1,1,0,1.9452576690635042,4.627852531649098,0,0,2,0
49.0,149.99,6781.72,22,643,1,-5.236164365686662,2.155149441942951,7,0.834819845646804,1,0,0,0.021777645797310893,1.6357935972989863,1,1,0,1
35.0,54.28,1962.25,32,817,2,-5.0196886136662915,-5.813191762380706,8,-2.144313505377687,2,0,0,0.026117005512942812,-6.03606574888769,1,0,5,1
37.0,50.96,1745.02,40,465,3,6.228933821739031,7.677219832983835,8,-0.8719640240475487,0,1,1,-0.8911512042996973,2.8160290705638404,0,0,7,0
1.0,149.99,147.47,34,850,0,-3.5571532334759057,-0.1089277355200447,1,-2.101071375884127,3,0,0,1.4251262586071005,-0.16770456291169453,1,1,2,1
37.0,88.67,3154.22,45,614,1,2.1140180333263747,2.1816974428016005,1,1.5359942537892843,1,0,1,-1.364373041685712,2.130661349364053,1,1,3,0
72.0,95.15,6512.22,29,612,2,-9.180741406142593,-4.290546345076206,0,2.2157997184110667,3,1,0,-0.3782743230468122,-5.74254302844351,1,1,6,1
61.0,107.95,6764.05,74,568,2,-2.9714552589984398,-2.9914407438011876,3,5.0879117464637105,2,1,0,1.7486156274762772,1.9856935026225617,1,1,2,0
21.0,94.35,1937.05,47,572,2,7.187486440586528,1.86767330091924,6,-1.2733915069057553,1,0,1,0.5733773107347827,7.574619593422401,0,1,5,0
42.0,19.99,872.2,18,553,1,8.189720717567209,6.680000116013546,0,-1.5118906447166762,2,1,1,0.9522802577829893,1.0916867621885786,1,0,5,0
45.0,60.38,2925.27,37,612,0,-0.37481405787274674,4.4014685202430135,1,1.2067912042186504,0,1,0,0.6898432895702572,-3.3332019951310277,1,0,4,0
14.0,149.99,2062.36,22,752,2,-8.789511758249562,1.9793508906410158,4,1.1475133480585504,0,1,1,0.5536619714053883,-6.065240442741879,1,0,7,0
32.0,90.19,2661.81,67,509,1,5.093086963866872,1.6540655087188365,1,2.2903462962057946,0,1,1,0.4520223170345001,8.125967860774947,1,1,7,0
1.0,120.84,130.01,35,740,0,3.459920219151758,2.268490704148145,3,-1.6403223909914848,3,1,1,0.8487995228535127,4.43562108844253,0,1,0,0
50.0,80.22,3731.03,40,694,0,-2.6088779408840193,-4.4902126222651635,2,-1.4101859439395037,1,1,0,-0.5816257464036491,-1.044077294139821,1,1,2,1
2.0,51.18,95.24,58,744,1,3.163602990016826,-5.36608166455746,2,2.3542822334386773,0,0,1,-0.0383849796417854,1.5018384610156674,0,1,6,0
37.0,64.72,2582.42,40,433,1,9.264961735331966,7.443391460845605,4,2.135761217949571,4,1,1,1.1550799172548254,7.097053921202419,0,1,2,0
66.0,53.03,3172.41,40,511,1,1.8917981880251087,-0.37455094211471723,6,3.118380138475277,1,0,1,-0.5256048753067282,4.0152506993652315,0,1,5,0
64.0,104.55,6118.37,54,419,2,0.8613741002414865,4.106063907245731,1,2.943184030535362,1,0,0,0.6978027833306488,3.2848129153687013,1,0,4,0
58.0,109.49,6705.28,56,499,3,-0.41410556882499056,2.1939695627055866,8,4.911450561378424,1,0,0,-0.179185331564466,2.1977991721549937,1,1,3,0
1.0,83.0,79.69,43,767,3,1.814562156393381,0.49988374046448036,10,-3.941515950643828,2,0,1,-0.10454955072021602,2.027574014467254,0,0,4,1
13.0,71.46,1013.5,62,764,0,-2.6358287958051565,-5.365866046883146,5,1.909399711384403,2,1,0,-0.07224081432664912,-2.4457136146595606,1,1,9,0
64.0,94.14,5881.9,20,775,1,-4.6066133566294845,-2.1535741714080956,0,2.4321560680720555,0,1,0,0.9972196142497649,-2.6675851582264674,1,1,2,1
20.0,107.28,2254.7,18,841,2,-3.450106221132202,2.9528469599228573,3,-1.0482338050897693,1,1,0,-0.08520015729624723,-1.0105109040443394,0,0,1,1
1.0,100.02,101.27,80,741,5,6.073832067671995,-7.157430880502089,7,1.0308753368488097,0,1,1,0.1155502484886924,7.571262616122905,0,1,3,0
1.0,99.17,94.97,80,808,2,-0.49732963853602147,-15.665679692657207,10,2.2587183674100517,1,1,1,-0.1360955468660721,3.608658470530604,0,1,10,0
72.0,71.91,5448.13,23,589,0,1.5241798623301095,2.9895944679631965,1,2.6235163918795106,0,0,0,-0.1784826450147474,0.3840741100151748,1,1,6,1
47.0,87.02,4016.31,38,722,1,-2.1888790390332797,-3.524637007570161,6,3.1800448866152835,1,1,1,0.834780567936127,-2.7029101009114456,1,1,3,1
49.0,19.99,1015.95,38,572,1,3.6282417054744935,-1.545069635758449,4,1.5897785137390092,0,1,1,3.270492357423387,-2.736047017433074,0,0,5,1
42.0,40.56,1710.85,18,572,2,7.049719617586194,10.769773603114364,1,-0.5008255232607101,3,1,1,0.7314139985977931,0.5809341533630115,0,0,10,0
72.0,78.06,5992.61,30,651,1,-6.876492446371317,-4.183521034481029,1,0.9316577099699112,3,0,0,0.30919611410696923,-5.483841406421698,1,0,4,1
72.0,44.45,2982.31,19,552,2,-0.8152255726356737,6.296273868722635,0,2.1937424800517915,1,0,0,0.10292019998215898,-7.693455063057245,1,0,3,0
57.0,31.12,1703.73,34,491,3,4.810511370269137,2.725976841774981,4,4.239860304433298,2,1,1,1.0016462784873517,1.6297972662618692,0,0,5,0
18.0,99.86,1865.5,38,755,0,1.9202155917393475,-0.19146020693227522,3,1.3991793474069807,2,0,1,-0.12302036272317962,2.1218213450538497,1,1,2,0
13.0,123.65,1766.67,53,545,0,0.8969911593016333,1.2613426005207335,7,-0.6695021592777833,2,1,1,0.4467279765623475,4.397457755534295,0,0,2,0
21.0,68.64,1465.25,46,600,1,6.759485349742316,1.0851253985726066,2,0.23353626620919377,2,1,1,1.0145730319296324,4.677394491690061,0,1,1,0
72.0,22.97,1539.52,18,409,1,5.548650122538843,7.727608546073294,4,1.5179596909466528,2,1,0,-0.06531335081829703,1.9611091389141797,0,0,2,0
9.0,52.54,431.39,68,745,3,-0.3844833345782722,-4.240984612556385,8,1.2902261102799608,2,1,0,-0.5414253746901656,-2.2140669900668617,1,1,5,0
1.0,71.17,69.16,63,755,2,4.209076675330114,-4.584444642863281,1,0.35194509769985355,3,0,1,0.9912762767559884,1.609620962442549,1,1,4,0
33.0,47.79,1550.26,53,563,2,6.63104520816664,2.815575652493827,7,-1.8001911940480926,1,1,1,-0.6732568312238818,4.487655469010105,0,0,9,0
33.0,101.48,3289.88,31,624,1,-2.601882658731463,4.228185950271757,2,0.7508696161985156,2,0,1,1.8607090960530799,-2.0433301035905886,0,0,0,0
17.0,68.03,1103.55,63,621,3,3.2056095330486363,-1.2087545385828817,1,1.3442821749030183,2,0,0,0.3229345483547775,3.430160877809255,0,1,3,0
42.0,89.02,3813.63,66,661,6,-3.222117173612411,-7.193426802275606,2,1.2576532302193046,2,0,0,0.8421010399977534,2.7940556517623345,0,1,6,0
34.0,112.25,4070.53,63,597,1,3.152448149090926,-4.250532101794541,3,0.3108338444344654,1,0,1,0.6237927000585449,7.550582539433498,0,1,1,0
16.0,149.85,2196.72,51,665,0,-2.6910915142002843,-3.043559614412112,2,-2.905419859991843,1,1,0,-0.5803107549975925,0.4881134021272069,1,1,1,1
25.0,145.29,3856.03,28,790,0,-7.552275678612369,0.8544975821170177,6,2.4296035189672285,1,0,0,0.11642736082449288,-5.117413867311808,1,0,4,1
44.0,75.09,3396.45,34,523,2,3.7933779926362963,2.2493139263536084,4,1.975008652972463,1,1,1,-1.9766218951240913,5.069584287948972,0,1,3,0
10.0,81.89,780.25,56,613,1,6.339581855466345,0.9438105515423915,10,-3.2097959454938745,1,0,1,1.0453622165057257,6.754177884029373,1,1,6,0
20.0,59.12,1094.69,65,775,1,-0.13399791849315623,-9.113807655005658,5,2.0028856734055913,3,0,1,-1.036978218688409,0.2134974035005333,0,1,5,0
58.0,71.8,4135.05,50,417,1,2.155194823821455,0.9699535191381157,6,0.040348424281390405,2,0,1,0.05498147281946849,0.9883971739307675,1,0,1,0
11.0,120.84,1400.24,32,817,1,-5.611439807115843,0.13554326530190453,2,0.6947699754005862,1,1,0,0.7127570740718824,-4.8758470584672535,1,0,4,0
25.0,70.15,1927.27,24,593,4,6.424272874944905,6.399138541080118,1,-1.9417009711364246,2,1,1,-1.1801274416361194,2.66316727645083,0,0,5,0
57.0,67.52,3483.88,20,798,0,-6.062251070680163,-2.628763450538154,2,0.5323972399849212,3,0,0,0.6854729614840417,-6.846885838864929,1,0,3,1
48.0,71.16,3322.59,23,835,3,-0.5805011803211326,-1.4508465356139009,3,-0.07302522887061136,1,0,0,0.6114273079567646,0.43793140208594844,0,1,2,1
17.0,119.52,1859.44,18,723,5,-3.437740740908332,5.377607654137285,5,0.5606238870870343,1,0,1,2.0771697645522735,-3.57835522017352,1,0,1,0
1.0,103.94,113.09,51,781,2,5.871187724188754,0.15684331305521337,10,-2.00405126281023,5,0,1,1.3608661031642246,5.603569481710136,0,1,4,0
7.0,74.18,472.74,47,692,5,2.3245864844090427,-1.041632410470854,1,0.0804806931124884,1,1,1,0.7663682370985808,2.551227460734654,0,1,3,0
44.0,56.52,2472.65,19,850,2,-2.917613741216241,-1.5615832075739648,3,2.183313019673726,1,1,1,-1.4264988176098745,-4.454111498294533,0,1,0,1
69.0,99.49,7398.87,18,524,1,-0.425059302155818,7.881321271250219,5,-0.049853166089243506,0,0,0,-0.24029284056712785,1.2815748428148699,1,0,7,1
72.0,28.42,2048.34,33,441,1,6.273112783789903,2.790917806237979,6,2.902424403168523,3,1,1,0.3394510229401588,4.079553010296998,0,0,5,0
72.0,19.99,1457.9,18,350,1,8.583852587771567,12.752552100654817,5,0.5139816925256955,3,0,1,-0.8188045927890589,4.732598060774638,0,0,5,0
72.0,19.99,1566.1,30,432,2,0.09218196801020338,5.15912352828731,3,2.5710756882005015,2,1,0,0.0009223064425322128,0.12476345819537857,0,0,1,0
1.0,149.99,156.66,32,685,2,2.02117227614848,6.177559280004431,5,-4.202340885403285,2,0,0,0.9926030260879026,10.989561587651613,0,1,4,1
41.0,58.89,2549.14,58,654,1,0.6746153276736053,-5.3398776012002305,3,-0.1499274469141879,1,0,0,-0.18381313444328076,0.732228635754781,1,1,1,0
1.0,42.45,45.44,54,739,1,7.405832854936862,-1.5634491072737298,8,0.8819709392077978,5,0,1,-0.7004420777386903,0.8592193093054389,0,0,5,0
16.0,60.25,1019.18,18,850,1,-2.8422504979181342,-1.9905556432323763,1,0.5618616346071309,1,0,1,-0.4249482179525951,-5.4444771141617805,0,1,4,1
10.0,74.56,696.83,27,850,0,-2.7930824883390826,-1.5202650333293357,1,-2.97110950804851,1,0,0,-0.8873463311031937,-1.6464850397697008,0,0,4,1
36.0,117.14,4057.29,38,621,1,0.796658227739428,3.727999077522663,1,0.9905881769961284,1,1,0,0.05144099657955058,3.6920295889886123,1,1,4,0
51.0,46.06,2465.68,26,594,1,0.07788290400252366,4.573558004019364,4,-0.24573817720878222,1,0,1,-0.7159821558311653,-1.6454245090582085,1,0,3,1
22.0,81.9,1811.26,42,809,1,-2.194286105064663,-0.07883902626343278,4,-1.682709455783601,3,1,0,2.1425961476265862,-1.8186788604668391,0,0,3,1
47.0,118.22,6061.11,35,645,4,-5.929034232574541,3.361800132915304,3,3.336607202650148,2,1,0,0.6933054569392428,-5.9879904429347475,1,0,2,0
11.0,131.37,1517.09,71,606,1,-2.343204875105653,-2.7871475062962348,3,-4.451414388898485,1,1,0,-0.3639495055867969,2.086973848964651,1,1,1,1
52.0,85.98,4526.26,39,565,1,0.7678966659442242,3.3967120726740214,4,1.7139521652061234,1,0,0,-1.2397805412930212,-0.5275832412051341,1,0,3,0
30.0,102.0,3227.0,58,608,0,2.214656063103863,-4.206257806079985,4,0.3793536997785875,1,0,0,1.4824101854890905,5.337851495871644,1,1,3,0
11.0,94.07,1076.06,21,757,0,1.9679713569035486,1.2610132182666138,5,-2.5658756929636586,1,0,1,2.041735883180489,0.5605076093257249,0,0,0,0
58.0,75.17,4624.89,33,610,1,-3.060729691465373,-2.592642040799978,2,-2.7186531504503146,3,0,0,0.8681257380414449,0.21167126551056326,0,0,4,1
10.0,76.24,820.32,41,549,1,5.799934150217949,7.320799216920994,8,-0.6582304075532609,4,0,0,-0.1913934356542919,5.850220808598396,0,0,2,0
22.0,77.0,1544.0,36,715,0,-1.9607084508055543,3.4208775502364297,0,0.08985235751125908,3,0,0,0.6397870811226445,-1.231192212507408,1,0,1,1
50.0,54.0,2767.15,22,499,3,5.463887430136177,6.044545678691201,3,-0.35075163667857623,3,0,1,-0.3813277865660969,3.0552893247404427,1,0,2,0
13.0,125.21,1763.12,46,546,0,3.9056734390861694,-2.7263612858936295,2,-3.4774735650333803,2,0,1,-0.6800874543300448,7.586353334135231,0,1,3,0
27.0,47.22,1344.3,42,528,2,6.004981450195867,6.184418848856034,6,-1.2692789383032608,5,0,0,0.37117815414752814,2.4551514575209175,1,0,3,0
4.0,149.99,556.87,47,740,1,-8.199750314316855,-0.20397596847540728,1,2.7250393479919115,2,1,1,-0.8010515668801376,-1.6690606274825626,1,0,6,0
39.0,39.9,1649.86,29,480,0,8.677816431330095,7.328154585581004,7,2.550580732311652,2,1,1,-0.8554878554718914,4.803185925334131,0,0,1,0
21.0,59.14,1350.05,26,675,1,2.140854959631292,1.7984718569381832,11,-1.232857197883141,3,0,1,0.9982828050093976,-0.33129910304933996,1,0,2,0
21.0,106.48,2208.91,37,636,1,-2.3521634534643168,3.927438916788261,1,1.0920316637765604,1,0,1,0.6849357683193177,-2.9557805334139875,1,0,1,0
1.0,148.41,150.88,38,817,1,-6.711024956073741,2.0990136307776432,5,2.028791415494296,1,0,1,0.08597241694415701,-2.9363600164386767,1,0,4,0
1.0,77.74,70.05,56,780,4,5.028049293444809,-3.5465617146032455,7,-2.605037280243192,2,0,1,-1.3577816395648201,2.1885652843151107,1,1,1,0
72.0,61.36,4039.12,30,549,4,1.114308318515866,-1.936697530008333,7,3.085589792162726,3,0,0,-0.8243210848129803,-0.9689786949886425,1,1,7,0
1.0,100.08,96.84,49,671,0,8.035887021777645,1.0228067790816973,5,-0.734262932637303,3,0,1,0.021803216592593228,5.888554477616451,1,1,3,0
29.0,71.18,2174.64,29,547,3,11.450279970436721,5.584279559203948,2,-2.435588107397796,4,0,1,-2.586784129563845,8.240374588936842,0,1,7,0
46.0,69.92,3460.88,39,559,1,5.693510903159905,5.010875221501431,5,2.432133780753568,3,1,1,-1.072461706113602,3.5319700658211652,1,1,8,0
25.0,42.7,1072.87,43,655,1,3.5683060487742,-0.502483919718116,5,-0.054405174655664745,1,0,1,0.9637643072664599,0.9108556727668895,0,0,0,0
38.0,61.97,2254.68,26,615,0,4.645372678010744,7.281645714144607,2,0.5011871933012629,3,0,0,0.8882789840799736,1.063165211790802,1,0,7,0
47.0,107.72,4682.34,23,684,1,-7.309834536345372,1.1473403230470225,3,0.21191914510275545,1,0,0,-0.11045306872027923,-4.096035393339657,1,0,4,1
12.0,143.07,1755.12,50,623,1,3.7377139065124365,-1.6732902745946574,4,-0.23454617702168667,2,0,1,-0.958138528822134,8.04128746211652,0,1,1,0
1.0,123.64,121.46,59,630,1,5.542875517286244,2.82305239721566,3,-1.2137129171488588,3,1,1,-0.4372472996770755,9.243723507528198,0,1,0,0
19.0,38.26,698.93,60,761,3,-2.0023194867218406,-6.933386083883522,1,3.0375893697483423,1,0,0,-1.1503543639874232,-3.6358473511540526,0,1,10,0
37.0,69.2,2735.41,57,543,1,6.221999404103205,-0.9481213041212481,1,2.165359520187941,0,0,1,-0.08089616785140819,7.2226419148671335,0,1,1,0
61.0,120.79,7362.86,24,640,2,-7.065223345387501,-1.3852557962642764,2,-0.022682185786069176,1,0,0,-0.2132178683438055,-2.070936788291862,1,1,6,1
67.0,32.13,2160.16,29,664,1,0.005371572674000173,-3.5895860339018633,0,0.32022015156148587,1,0,1,0.6125361588238977,-3.261001086746427,1,0,0,0
13.0,113.94,1375.83,34,797,2,-0.8071255907622692,-0.08488707348368658,2,-1.0681328509320631,1,0,0,-0.2574432527413523,1.0241265242705782,1,1,0,1
69.0,40.76,2775.06,44,475,1,4.92190587391214,1.7037251487434901,0,0.6533647184668222,1,1,1,-1.1263157095206642,1.5976400968920126,1,0,6,0
65.0,42.54,2976.83,30,529,2,-0.936529290155603,2.476103745284772,7,-1.613576436657607,0,0,0,-0.38397481264698774,-0.14385286629884098,0,0,2,1
72.0,33.01,2588.42,35,745,1,-1.0031188041389107,-2.8093079339729,1,2.2589339705678606,3,0,0,-1.6452941016083644,-2.905591897773548,0,1,5,1
29.0,56.59,1648.68,43,761,3,-0.43848716730976817,-2.208187068762092,4,-3.1056385525996126,3,0,1,-2.472249072038846,-1.3966533674753623,0,0,3,1
20.0,85.59,1744.68,58,594,0,-1.4161783639969963,4.815956737260846,2,3.8623873651377747,1,1,1,-0.09344932477403875,-1.5553765392921344,1,0,3,0
11.0,56.73,576.94,40,629,0,3.949808988485309,2.5385601835361906,1,3.286437278103664,4,1,1,0.29312474127850335,1.6074868428611826,0,0,7,0
33.0,63.16,2077.33,57,719,0,-4.9344966791949085,-2.0649857968298795,4,-0.6785400392802735,3,0,0,-0.29830323796799924,-2.7514024692815036,0,0,1,1
32.0,72.27,2469.43,30,468,0,9.002711122469679,7.857614784084561,8,-0.4694802669554735,5,1,1,1.354374310330094,6.431596715045982,0,1,4,0
72.0,86.24,6201.05,27,408,1,-0.4473714947383121,4.330119455426201,11,-0.19106945201276082,2,1,1,-0.5512592413750719,-2.189468071610922,1,0,0,0
47.0,64.29,2799.02,46,586,1,2.8487538467311113,-0.6371126850662551,5,1.9937069816392432,1,1,1,0.5282778251988619,3.3559961014106428,0,1,0,0
63.0,68.22,3886.79,43,520,1,1.502432603382442,-0.8231898376401591,2,0.161877890260818,2,1,1,-0.08584814329090111,-0.04439295420722271,1,0,1,0
44.0,19.99,869.01,42,717,1,-0.14537506819371887,-4.941848070830261,7,2.1845116348676035,0,0,1,1.0744677847314428,-5.168193611169794,1,0,6,0
22.0,88.16,2021.87,52,671,3,0.6570047504743183,-3.6485040264628354,5,0.7795373107562751,1,1,1,0.545051524620067,2.8661496839559315,0,1,5,0
47.0,144.88,6741.09,52,621,0,-4.0374126368772405,-4.9230744145093,7,1.1244441035629698,3,0,1,0.3009889347739398,2.690980192107778,1,1,3,0
14.0,70.99,930.71,43,747,1,-2.9093028142762725,1.22634802920666,10,1.0385288008380036,1,0,0,-0.513862511915488,-3.99517623692935,0,0,4,1
43.0,64.18,2504.37,28,793,2,-4.482732647126274,-4.457910396708378,1,-0.18197565898734047,1,0,0,1.1124339121134772,-5.27732829827898,1,0,5,1
46.0,26.93,1266.39,30,591,3,3.4800827099045843,3.1372677518127605,7,-0.3506929451448416,2,0,1,0.21231136424989763,-1.0510599903611424,1,0,2,0
51.0,38.3,2033.41,18,396,2,8.698287378955479,13.853981181665535,8,-1.0940573562576161,4,1,1,0.17265958420563945,4.458040985238326,0,0,9,0
42.0,77.21,3110.12,44,668,0,-4.580807573603676,-5.013482442298001,4,-2.3712645800932997,2,0,0,1.132025797351045,-3.8103740056908864,1,0,5,1
69.0,38.76,2824.33,28,500,3,3.096480964217309,4.121067137425691,2,3.9522567630920573,1,1,1,0.5853926649934839,2.03935809479649,0,0,0,0
15.0,92.62,1383.72,79,843,2,-2.770469637434181,-15.317755169642348,5,3.3990762754429005,1,1,1,1.0621231723506623,-0.9671016435534248,1,1,10,0
60.0,19.99,1191.47,31,561,1,3.7690822325223077,2.262183685397018,3,1.7458386314077772,0,1,1,0.3885615284138912,0.024035255112983413,0,0,0,0
20.0,99.72,2103.35,53,596,0,5.295932461908172,-0.7771414217520218,9,-0.7870372712303645,0,1,1,0.1401487789210823,7.154469491877398,0,1,2,0
17.0,149.99,2536.42,43,772,1,-12.33973612914697,0.08339292081516497,3,3.714694222688145,1,1,0,-0.7066944413204979,-4.751092534339973,1,0,6,0
27.0,110.98,3252.19,39,704,3,-2.546283123708418,0.7860558362379901,5,0.13344147883024282,4,0,0,1.63534935426451,1.0281877421359742,1,1,0,1
16.0,93.73,1570.37,35,572,1,1.7535711569819024,4.2092199946086035,2,-1.140655545880918,1,1,1,-0.14445889200689535,1.69306401275493,0,0,1,0
37.0,112.72,4556.6,42,762,1,-5.079716371118433,0.516136624040336,4,3.800959200611551,2,0,0,1.1160687151430708,-3.9362203870105836,1,1,0,0
50.0,107.59,5679.56,38,530,0,-2.9439488290378124,4.49540258796091,4,2.821574681496085,1,1,0,0.7099748690550325,-3.5852546305282034,1,0,1,0
38.0,51.66,1893.46,20,804,2,0.1029042914261933,-1.8733064518274165,4,0.2096742173553897,0,0,1,0.3442653975774459,-0.468589915711664,0,1,2,1
1.0,84.55,84.67,51,676,1,5.687966386786776,-0.18730817132758618,2,-1.2823287054846064,2,1,1,-0.5578195832670253,5.69426965653044,0,1,0,0
17.0,128.07,2200.94,56,685,3,-1.2330531018894981,-3.729730320471462,6,0.37773729953184737,1,1,1,0.41409248921239733,3.224267888689856,1,1,2,0
72.0,50.29,3606.05,25,744,1,-4.551153090183286,-4.806321057954099,13,2.96540561597418,2,1,0,0.491567661519163,-5.881677656268418,1,1,1,1
68.0,90.9,6671.96,40,521,3,1.8891704914467582,-0.3706985904380275,4,1.2328244661061156,1,0,1,-0.5411571204163589,2.7534383166643686,1,1,3,1
30.0,84.27,2441.04,36,729,0,-5.038627529060466,-3.556405507145023,6,-2.3830337165190247,2,1,0,1.604467321190535,-3.1337166463057566,1,0,5,1
71.0,22.73,1688.83,18,464,0,6.354340318492992,7.59794268960651,4,0.6197935274266081,0,0,1,0.2742435324326556,2.5010932501631764,0,0,4,1
43.0,125.15,5817.9,24,652,2,-1.8930041445817047,-2.663405286917226,0,-2.034599047214081,1,1,0,1.358872127858523,3.417628982235849,1,1,6,1
21.0,104.35,2394.51,44,788,0,-2.375776301511142,-2.925701808027987,7,-1.5906507042626454,0,1,0,-0.2591315299937543,-2.4690140136071426,1,1,0,1
72.0,124.05,8999.27,39,566,0,-6.537551438591582,-3.9359541222445893,6,-0.10132838458057758,1,1,0,0.08902054669253051,-1.6719096661402055,1,1,5,1
37.0,91.51,3580.59,61,423,0,4.405142143207016,5.827471805684861,5,2.0655779255856093,0,0,1,-1.0091236816872737,6.773633647387726,1,0,7,0
45.0,119.33,5802.39,47,559,2,0.1222704931390188,-2.2618078703048665,2,0.08825337319938975,2,0,1,0.1045614521094582,4.263063069091897,1,1,1,0
46.0,82.0,4144.87,48,405,2,8.404052887899239,3.5612077709710226,4,-1.3658125927797835,0,1,1,1.5835510236380306,8.39527768667088,0,1,5,0
42.0,51.4,2082.41,18,603,1,2.7550632098798977,3.5273758942648414,3,0.9678480202707659,2,1,1,-0.015231106433889705,-0.4034265307110685,1,0,1,1
28.0,76.9,1978.21,42,530,4,2.6346011445098134,5.299791917258669,8,-0.8233207087043036,5,0,0,-0.029461180030092803,2.744498956242991,1,1,1,0
6.0,115.95,651.29,18,810,1,-3.105494728683913,2.2502609093059984,3,-0.7215580254055781,0,0,1,1.6010791951263117,-4.2269783421814875,0,0,4,0
1.0,143.67,136.6,43,816,2,-5.268506559278851,3.2677608050527547,5,3.87657240937069,3,0,0,0.47708166588790835,-1.2067299855161895,1,0,0,0
55.0,38.03,1939.03,26,458,3,8.684911099283914,7.460301890504963,7,0.8916816900353259,2,0,1,0.7231452049175311,4.359710596011527,0,0,6,0
43.0,78.71,3196.53,49,637,2,-1.6649947588204028,-3.374681766885113,8,1.5485998972486583,2,0,0,0.5811646678112825,0.485240079215093,1,1,6,0
72.0,19.99,1317.65,18,480,0,6.611327047971806,8.416775393647072,5,3.2196722166640472,0,0,1,0.6491945406076934,-3.7426609356187996,0,0,2,0
57.0,44.81,2721.41,19,502,2,5.905511235125206,5.189452358919433,3,0.8388591834563094,1,1,1,0.6139127741622035,3.3180650939138485,0,0,2,0
62.0,52.06,3047.97,27,688,1,-3.6371019542862815,2.2473960402438795,7,1.9220200022943987,0,1,0,-1.1249085615185392,-4.588867182494249,1,0,1,1
42.0,64.01,2819.13,21,650,3,-1.8598629347151856,6.771731682037299,3,1.2661073470283517,2,1,0,1.762987560323396,-6.833176763319626,1,0,2,0
65.0,52.4,3343.85,49,441,1,4.774243592452513,3.4332705086276656,2,1.9551237544594011,1,0,0,-0.32006666243675336,6.331355331049581,0,1,2,0
31.0,110.96,3634.2,19,751,4,-3.787426248146207,2.960489637506511,2,0.6204532870500055,1,1,0,1.716258552372123,-4.7400437729878195,1,0,1,0
49.0,34.32,1605.93,24,393,2,9.333845051101003,10.168061084541275,2,3.439083055931686,2,1,1,1.736747168613438,7.04368582190654,0,0,0,0
37.0,38.43,1433.49,25,850,0,-4.2538611870289875,-3.0948366796010687,9,0.8675000667800582,2,0,1,-1.1886088396636534,-7.473741977359255,0,0,1,1
13.0,149.99,2060.17,51,618,1,-5.097677409214086,3.2531320374527257,7,2.3325477718881187,1,1,1,1.2407776197784959,1.6381829116582203,1,0,1,0
24.0,127.82,2853.25,41,739,2,-3.126527163276453,-2.87079135204012,9,-1.5536049859724512,2,1,0,1.7052190168696266,0.4663516968158014,1,1,4,1
5.0,88.28,457.77,55,639,1,3.92910187308624,-0.1866552204112867,0,-2.903600332826429,2,0,0,0.1207043906891993,4.847076594548597,1,1,2,0
36.0,45.0,1780.98,27,850,1,1.32512771564917,1.059159269067057,4,1.68660445801985,2,0,0,-1.9754694904445547,-1.229006450025877,0,1,9,1
72.0,19.99,1340.32,38,519,4,0.9779880527921739,-4.3580255146508655,3,1.3102124911313844,0,1,0,0.8737914716971869,-1.840295075030961,0,0,8,1
53.0,103.38,5140.69,26,611,3,-3.290947546003328,7.44268550565468,6,3.2443877509651045,3,0,0,0.13985874881010013,-4.9933431923894425,1,0,3,0
55.0,75.26,4265.71,40,529,3,3.734175931143358,1.9865031814207856,5,0.5219403980677262,1,1,1,0.07100065570349612,2.0445195554648157,1,1,4,0
25.0,133.07,3232.57,25,707,1,-3.868516404765764,2.9888976221744037,0,-1.5749461793343398,2,0,1,1.1612378851687306,0.5546696858007214,1,0,1,1
27.0,149.99,3815.36,27,760,4,0.14191030090740633,1.79613560142123,0,1.0269378172152783,3,0,0,0.5628974831850582,4.342677739450006,1,1,3,1
1.0,54.17,51.03,64,850,3,3.8767549871481846,-6.60179730436936,3,-0.3024077802139512,4,0,1,-0.7182794213525967,-2.334375855983879,1,1,6,0
34.0,65.72,2157.21,80,747,0,-2.1948235560192915,-11.60076611908848,0,2.9192415423889133,3,1,0,-0.49522453878147715,-0.017942590151213796,0,1,6,0
59.0,52.13,3332.34,18,764,1,-0.18725394371188536,2.408992580592396,3,-0.6008362417054463,4,1,1,-0.04656824199303171,3.105973751029489,0,1,1,1
1.0,83.23,78.27,80,841,1,-1.0020699938352247,-11.992228925130513,2,0.6981828911587039,1,0,0,0.6608103018593744,-0.1172916081135943,1,1,8,0
1.0,149.99,143.98,45,812,3,-6.864372555559846,-0.4582695231252096,2,1.537188397133197,0,0,1,-1.0965922578685692,-1.7545328458437999,1,0,4,0
1.0,74.49,80.77,44,757,1,5.6416026874672225,-2.5947139864629722,11,1.0195151501748512,4,0,1,-1.3061030615763831,1.4751848313177867,1,1,6,0
3.0,117.94,367.18,36,551,0,6.445479494267539,3.8573801909534744,4,-2.6479904637120675,1,0,1,1.1048731457004402,8.156810720432967,0,1,1,0
48.0,35.88,1639.71,50,637,1,1.6024288949884504,-2.133494200453198,10,1.4163547571008772,4,0,1,-0.18798490620109445,1.7206755460609628,0,0,1,0
47.0,43.98,1985.92,43,718,2,-1.1277999050041103,-0.2699954174218203,3,3.8875013350232845,0,1,0,-0.6543694753720354,-4.848572921072919,1,0,1,1
27.0,110.48,3039.39,26,755,4,-5.346791231001998,4.192652631982011,7,1.1055863510837098,1,0,0,0.3037798333478653,-3.951006001166052,1,0,0,1
5.0,107.94,549.72,18,741,1,-2.362917797817744,7.557135852613312,5,0.5329512272941943,3,0,1,1.1288866341923478,-5.120702000857739,1,0,1,0
61.0,78.96,5054.67,43,499,6,2.114726869904703,0.9576864186429267,7,1.3533550815112099,0,1,0,-1.275375333997346,5.413243982964711,0,1,1,0
26.0,108.98,2938.66,38,730,3,-4.915502004799545,-3.983217326527994,3,-1.4272277906274702,1,0,0,0.8572939692167928,-2.3727141991726666,1,1,7,1
19.0,145.73,2856.92,45,659,2,-0.9761658372910755,-0.4446397277252555,6,1.3857450205123845,2,0,1,0.2072562318019896,3.4477530046603704,1,1,2,0
66.0,53.91,3371.87,30,438,1,5.5394880064385745,2.930857567934396,1,3.9090276795606833,1,1,1,1.9782138903975621,6.509637799510521,0,1,4,0
22.0,79.96,1923.04,32,684,0,2.0657880786036933,5.609830599801312,3,-0.15348469302379952,1,0,1,-0.39094374570042584,1.035329845564874,0,0,5,1
47.0,91.06,4362.44,52,476,5,0.33282109137881455,2.2032303757877485,1,1.5101013078093752,2,0,1,-0.019860233438699325,1.35030844672391,1,0,1,0
1.0,149.99,151.4,43,729,2,-2.8582534727089195,2.066167296669468,2,-2.3853833050401523,1,1,1,-0.04515161488355241,2.683624256024046,0,0,5,0
17.0,73.74,1336.17,59,586,1,5.216345248039005,0.9205347203491607,0,-1.0342637023434933,2,0,0,-0.005493871847466602,5.499164842124369,0,1,2,0
18.0,115.44,1888.45,36,655,2,-0.6896946555693957,6.517073504255393,2,1.8658982052585356,3,0,0,-1.5469604616559651,0.039212991444334995,1,0,2,0
46.0,74.15,3541.31,50,581,2,0.10594333836038133,-0.4400486905317807,0,-0.0320718111967907,1,1,0,-0.06580361912932103,1.561324168963778,1,1,1,0
72.0,66.13,4756.13,24,350,3,-3.4283794380457775,-0.3373487947935594,6,-2.5510823909733142,0,1,0,-0.575059295476982,1.4535075158658357,1,0,6,1
1.0,85.11,82.8,75,791,3,2.0151802090041198,-8.132855767934396,2,-0.3694676111760328,1,1,1,0.11770828832249729,2.164494545699445,1,1,2,0
53.0,114.86,6223.07,31,649,0,-5.555126062447607,1.1134461823632826,5,-0.34408144779970506,1,1,0,1.1476237127734974,-1.0403810631867372,1,1,1,1
49.0,137.91,7335.93,49,630,2,-4.49460909320191,-0.8130796669302985,3,3.6310155252011076,0,1,0,0.11828559966562648,0.6340943934391202,1,1,1,0
41.0,19.99,759.94,18,563,1,16.301861872913584,7.770899579679057,2,-3.4025507391582583,4,1,1,0.12523153464394382,7.808597640988973,0,1,10,0
43.0,108.42,4503.39,55,616,1,-3.1467534491019915,0.6208471400534208,1,3.977453020413567,0,0,0,-0.5788974945307866,-0.7236980274660393,1,0,1,0
1.0,47.87,48.32,47,758,1,-0.18334012930408744,1.9450732911000312,3,1.2447837320193549,3,1,0,-0.41290202884011057,-3.373168793717691,0,0,3,1
63.0,92.82,6369.58,43,647,6,-7.8753281262017065,-4.5196004641518766,5,-1.4766771546729558,5,1,0,-0.18987434796855732,-6.583828239153048,1,0,3,1
56.0,43.1,2173.7,18,549,3,5.226004907730855,10.705111973364264,2,0.06468715383774071,2,0,1,-1.2157844986207407,-0.9417237978690551,0,0,9,0
1.0,116.33,108.24,31,774,1,-0.7497840915792859,6.76770344245234,4,1.566381277667047,4,1,1,-0.017515516324480836,-0.6485053541508254,1,0,1,0
10.0,115.52,1097.95,37,661,1,3.504545855676173,2.790008340621184,6,-1.513175948950141,2,0,1,-1.5019686001200943,5.625404836206709,0,1,2,0
40.0,123.6,4588.47,40,715,1,-6.258564226701142,0.7136123507782532,4,4.391281368830002,2,1,0,1.2347832320992451,-4.660007248565971,1,1,2,1
61.0,19.99,1119.28,20,556,6,3.199232199866725,1.5590765589120945,2,3.3462480024378998,0,1,1,-0.6222243116646141,-0.6990442255995467,0,0,5,0
49.0,41.84,2207.06,18,674,2,2.015728070071222,7.502217411950485,0,-0.4720168294246382,2,0,0,-1.692908675124277,-5.500642643029334,0,0,5,0
56.0,85.06,4694.38,47,636,2,-4.489552599215456,-5.754486450219846,2,-0.5524925084074455,0,0,0,0.6785467368965267,-2.473435433868586,1,1,8,1
58.0,95.3,5284.87,39,527,1,-1.5082940360449621,8.836490487154153,2,5.86951923950747,2,0,0,-0.8452720067461029,-1.1797918954054056,1,0,7,0
42.0,45.44,1880.23,57,610,1,3.318243316413035,-1.2479158767022374,7,-0.8058157637190378,1,1,0,0.6572143564071202,2.503522984854324,0,1,4,0
56.0,92.32,4721.93,21,582,3,-3.5213489596416,7.738843782675284,10,2.6968032333663765,2,0,0,-1.1665541280767935,-5.878468598765745,1,0,2,0
43.0,69.0,2675.65,18,621,1,4.034199301848563,9.397970385872267,6,2.3402808039659737,3,0,1,-0.9340865610994953,-0.2859990811716017,0,0,4,1
19.0,49.29,949.51,22,712,2,5.198453081650424,4.904053906319753,3,2.7842210871168422,4,0,1,0.840986944236303,-1.1763362248273708,0,0,0,1
36.0,19.99,697.23,41,658,0,2.7889896527707077,-1.0727402281661416,4,2.182374519176511,0,1,1,1.4948067928895599,-2.760241505532185,0,0,3,0
62.0,92.91,6093.8,31,609,1,-12.872687089813613,-5.4498741712369965,8,-2.834733366884766,5,0,0,0.5727996292282127,-9.700376789577856,1,0,10,1
9.0,123.69,1188.15,37,774,1,0.3496388431988092,-0.558856071793074,2,-2.058549326163587,2,0,0,1.2778609980251334,3.4449219389609644,1,1,0,1
62.0,97.35,6230.44,38,769,7,-7.0903028305339815,-2.7185395428356,4,4.770706178311793,0,1,0,-1.800520282064303,-7.024075136724495,1,1,1,0
25.0,76.86,1994.29,60,624,0,0.741076179581194,-1.22012499820463,5,0.499911008148284,1,0,0,-0.04227866469307779,4.203252300766904,0,1,2,0
17.0,91.65,1684.0,65,644,2,3.1745554176135675,-4.216886932517027,9,1.6559289380675133,1,0,1,-0.622166664049305,5.1189663495871205,0,1,4,0
46.0,96.03,4665.19,37,538,0,1.9399984611451957,0.4966068098037172,2,-1.3006426021685802,2,1,1,1.684279395635993,2.9227448206424156,0,0,1,0
71.0,21.49,1486.14,25,391,1,8.061033076121614,8.364417441056684,1,1.4109661383586283,3,0,1,0.42957445021290036,2.5685807839192596,0,0,4,0
59.0,116.61,6640.43,31,558,2,-2.269187001444148,3.8261376349883984,0,2.690484618065455,0,1,1,0.8961706650043787,-0.007877145742902252,1,0,2,0
15.0,65.26,917.85,52,661,0,4.657490124746188,-3.0376882944863057,2,-1.485058867096467,2,0,1,-1.5474270666367482,1.9118400494489198,1,1,1,0
63.0,95.88,6293.78,18,568,2,-3.640322301229628,3.4312367629599003,6,0.17584234789670017,2,1,1,-0.4114466900735432,-2.618603334262025,1,0,5,1
69.0,19.99,1244.23,18,521,2,3.3131043026227474,5.162049078261019,5,2.595618083836279,0,1,1,0.5646205948301458,-1.407453322350181,0,0,1,0
22.0,101.32,2097.05,37,532,2,1.8919884485083633,8.41559062689811,4,1.5284178103630905,2,1,1,-1.487354984464769,1.3574189857397638,1,0,3,0
2.0,91.68,196.01,68,746,2,2.8421230500834405,-6.931513639052307,7,0.9182178377980645,1,1,1,-1.5011529793414702,3.3178621163414586,0,1,4,0
34.0,147.35,4720.35,48,651,0,-7.973550583621961,-1.9016639074476676,2,2.653635393324467,3,1,1,0.2863258561450218,-2.0996658327555275,1,0,5,0
12.0,112.19,1267.89,27,847,1,-1.22666322629522,1.738080266560358,4,-0.18912808129340142,0,1,1,0.11300442787726377,0.2564609934679334,0,1,3,1
34.0,89.77,3099.91,43,557,4,3.3086426210947444,1.29623858420471,2,-0.3175272683659639,2,1,0,-0.9456776194927633,4.858591369018272,1,1,0,0
42.0,81.1,3535.2,62,619,1,1.1920121542725532,-4.157364670380976,1,-0.22839355031820674,1,0,0,-0.1165343738632647,4.642336389482264,0,1,0,0
66.0,29.63,1774.86,26,350,2,9.153842804127766,14.724342637698738,5,-2.9840289975497525,1,1,0,-2.5290284600712103,7.248638520488183,0,0,10,0
42.0,69.25,2903.18,43,526,2,3.9945909481823842,3.3540403289245226,7,-0.23059993300422887,3,1,0,-0.980278010902572,3.1392952743672855,1,1,1,0
1.0,116.68,105.62,36,706,1,2.534023487087949,5.569349402760969,12,-2.1489012608088793,1,1,1,-0.3430915395557068,3.5710792155265794,0,0,0,0
1.0,113.62,103.41,18,697,4,-2.376170655774673,7.235962501734166,1,-1.1612862212538593,2,0,1,0.0775242781059759,-4.270561401912607,1,0,2,0
45.0,63.22,2826.51,30,571,1,8.027403837661504,3.763276697191936,10,-1.5674259939788802,1,0,1,0.7467751882935244,5.374130808720072,0,1,7,0
1.0,114.49,125.76,80,835,0,-1.2678578566988217,-13.136997731958886,4,0.23025907554970848,0,0,0,-0.8087496629126667,3.3383232155820095,1,1,8,0
1.0,130.9,118.4,36,752,2,1.2099894636298667,5.328196222317679,4,1.3311095136842683,5,0,1,1.3322718608868438,1.053735191765082,1,1,3,1
53.0,101.51,5857.15,38,536,3,2.3252666814607825,2.121350041577657,1,1.5265083525547203,0,0,1,0.5085546865458167,3.0627302411357604,1,1,2,0
21.0,61.37,1186.51,24,850,5,0.3946215765812541,-2.5636696796773735,2,1.095477679615612,1,0,1,-0.9842460972189785,-2.974931557371965,1,1,3,1
1.0,98.43,97.51,52,771,2,2.0931203131244556,-3.2264272098009594,0,-3.098444177098004,1,0,1,-0.5175901643463577,3.800277074232691,1,1,4,0
1.0,114.88,113.71,40,803,3,0.43612789555444553,4.44661689058082,2,2.3632704063357632,3,0,1,-1.0266086392044635,-1.3547512751639463,1,0,3,1
25.0,52.9,1454.01,20,628,3,-2.184761433220056,6.964456248850597,5,-3.9046322764958163,0,1,0,0.20798422288662133,-1.497166322477024,0,0,3,1
30.0,113.53,3497.58,65,596,2,0.6526724697853553,-3.277882563652745,3,1.9218553793234858,0,0,0,-0.8060236929372067,6.697149852207043,0,1,4,0
72.0,19.99,1311.61,26,470,1,4.516686703913919,4.623015365410107,0,2.98687183968413,1,1,1,0.6978208201160033,0.9464246561893536,0,0,1,0
36.0,88.49,2941.4,18,799,1,-6.049948252436464,1.2304175211390957,1,-0.8646472066153763,2,0,1,-1.1548856642112326,-3.8339084147208418,0,0,6,1
2.0,135.11,264.18,41,822,2,-0.6556123836088643,0.2403975464061878,1,-1.6538040373180345,1,1,0,-0.4901248770390576,1.5304316414042993,1,1,4,1
27.0,102.63,2925.77,53,649,5,-3.812923477083471,-2.910782890713493,5,-2.979858779152284,2,0,0,-0.4370989471321904,-1.0446564628482642,1,0,3,1
17.0,74.29,1315.71,37,696,2,-0.3181219161510765,4.500327762289418,7,0.5726488829923364,0,0,1,1.5428850533975873,-2.1763536127210603,0,0,3,0
5.0,133.78,648.81,46,686,0,-1.9824179395865402,2.9224901842948263,1,1.8045549460681487,1,0,1,-2.004287250409524,1.6903301047212522,1,0,0,0
50.0,103.17,5529.39,28,613,0,-4.941495534803472,1.599842416802501,5,-1.2357803178886222,2,0,0,0.8918914381048508,-0.6073398848356212,1,0,4,1
8.0,84.68,711.75,28,749,2,6.593603980267604,-0.49425640026156736,17,-3.6638417746520697,3,0,1,-0.8279865980018275,4.563824598917543,0,1,2,0
59.0,52.49,3148.66,32,460,1,2.3404320774258194,3.82928089947598,4,-1.5201051410757809,2,0,0,0.23632186549643397,2.689402968159749,1,0,0,1
29.0,73.22,2080.26,31,618,0,3.7867384808167217,0.5212085893439736,2,2.785084871172993,2,1,1,0.5784317841887976,3.3597091986326326,0,1,6,0
63.0,149.99,9345.57,31,843,3,-16.920971484431014,1.4332274280960495,4,8.810640192704733,1,1,0,-0.6137727949425216,-12.666582610565072,1,0,3,0
21.0,134.5,2832.13,59,590,1,-0.6233493335228294,-0.19206291545257737,3,1.6237589792118834,1,1,1,0.8569541939321844,5.059984390137049,1,1,0,0
36.0,48.77,1849.54,37,517,2,3.939942992515251,5.561619280259782,1,-0.26103343478898144,4,1,0,-1.172982645642228,1.858373898742182,1,0,0,0
50.0,64.72,3523.2,35,517,0,3.733863313291116,2.832783585412555,7,0.2581148046726566,1,1,1,0.09626281456367937,6.199655629392038,0,0,1,0
39.0,120.25,4877.13,51,627,0,-5.4170878714512884,2.6229283881582397,6,4.246007586273788,0,1,0,-0.8511491676602827,-2.7119613855837374,1,0,0,0
50.0,66.98,3284.33,50,421,0,6.450185237936243,4.168949363294723,5,-0.5804229773174255,1,0,1,0.9555938901704002,6.071792582411545,0,0,6,0
1.0,89.85,84.55,18,684,3,3.503026978318292,8.113127848232619,7,-2.098456129208734,1,1,1,-0.29445330379328755,0.6277856134111309,0,0,2,0
10.0,105.3,1148.97,18,776,0,-1.8487552780448435,9.148959017355194,2,1.7009369969637604,3,1,1,0.39113522768745645,-4.118532007592901,1,0,2,0
49.0,52.44,2471.59,33,537,1,4.662894857982939,2.4378827731965442,1,0.47276021108006006,3,0,0,-0.11280084076505072,1.688835311893444,1,1,0,0
60.0,50.12,3078.19,48,517,0,2.100313107153624,4.077863999245031,8,2.1503859721389844,1,0,1,-1.9032168783001049,-0.08670439958234444,1,0,7,0
25.0,110.19,3023.15,31,680,1,-5.246016634911495,-3.224240423854095,1,-4.940990056582392,2,1,1,0.849708106046468,-1.0687280265816688,1,0,7,1
32.0,114.42,3864.57,42,661,1,-1.539579800913298,2.4670577213965093,6,2.9995329181913046,2,0,0,-2.3183867863147496,-1.0975123020161555,1,1,0,0
9.0,77.07,749.64,21,750,3,6.654864406963039,3.223365818211197,3,-2.3249431116692985,4,1,1,1.8496152391288954,2.800843230383737,1,1,4,0
23.0,91.7,2185.49,18,792,1,-5.166862899628057,8.288828576586042,6,2.6738769547797476,3,0,0,0.31795076119577464,-8.159850132002658,1,0,2,0
72.0,19.99,1332.6,23,496,2,-0.22129991278352568,1.5816234367096373,8,2.82017486019705,3,1,1,1.0443167964005646,-2.236695750568102,0,0,1,0
1.0,88.4,89.57,74,702,1,5.699739521062122,-4.533062855158921,3,-0.8138776936900193,1,1,1,-0.9208429521524275,6.274155091967004,0,1,1,0
58.0,84.21,4594.26,18,720,1,-1.1274005989045,3.0849831683283537,2,2.8275222794382264,3,0,1,0.24989661417723963,-2.7630863829422534,1,1,1,1
23.0,142.5,3442.77,37,639,1,-3.3472459669077126,2.095884866358691,3,0.8337061638351161,1,0,1,0.114893197367735,0.17456731916411844,1,0,2,0
38.0,129.67,4837.29,45,536,0,1.1118070417337587,2.3036355866872142,3,1.4859366306876924,0,1,1,1.1012451800493095,4.867449851430237,1,1,1,0
51.0,144.72,7651.91,51,602,1,-4.84786831450455,-1.6060173191479226,1,0.18759647354956777,1,0,0,2.2731185049115914,-0.012677761569862105,1,1,0,1
1.0,139.85,139.93,28,819,0,-4.389026475094893,5.636249128623076,4,2.3362596387444863,5,1,0,0.5325374601935691,-3.7773846215620366,1,0,2,0
64.0,37.0,2566.09,19,431,1,6.016398872156916,9.81364110773598,9,-0.159741447674434,2,1,1,-0.36524983962671925,3.2383686978972586,0,0,6,0
44.0,75.02,3212.04,31,674,1,-1.223766831784753,-1.1902388755257898,4,2.1039274002853365,4,0,0,-0.9317306380931853,-1.5890518546403025,1,1,4,1
72.0,33.05,2479.46,44,502,1,2.0951249312143077,-0.3744111333346108,8,2.033059016558789,3,0,0,0.8506017488515754,1.2476163637940494,0,1,3,0
65.0,90.22,6433.69,23,557,2,-7.627205816838425,-0.7863508043260516,6,-2.985157660716935,0,1,0,0.5247451451465336,-2.2673964270059153,1,0,10,1
22.0,65.58,1385.28,20,536,1,10.119635535839198,8.61817466579958,4,-4.718874980940902,1,0,1,0.09052407961057403,7.169467715831776,0,0,8,0
51.0,19.99,1098.19,38,556,2,4.775189207702597,2.75131310313738,4,0.7164347916827982,1,0,1,-0.8938757017390855,0.9870524515437148,0,0,3,0
58.0,73.42,4258.52,48,599,1,-0.17310823275021817,0.812640875711501,5,3.7388831921044017,1,1,0,2.1735089632956477,-2.148644363038524,1,1,3,0
28.0,103.12,2728.59,42,565,1,3.5145076448125927,2.139671095927605,2,-0.18264934896304685,1,0,1,0.37518181267938394,4.234915566663515,0,1,1,0
72.0,94.99,6344.21,51,431,1,1.3684122594712524,1.0478663971283626,0,2.1084968486081848,1,0,0,0.08296053489292851,3.273973626884657,1,1,4,0
24.0,64.6,1670.06,61,744,1,-1.7719707731138514,-7.260376941096858,1,0.7178493650588131,1,0,0,-0.8120258979590063,-0.31888662044899807,0,1,6,0
13.0,113.78,1446.71,25,731,2,-3.166864338279287,3.338136993519616,2,0.03171715525536445,0,1,1,-1.552201354948789,-3.4483228753150112,1,0,2,0
1.0,132.16,143.21,30,754,2,-2.1422430112009296,6.056624585675668,3,0.745661316317044,3,1,1,0.5731602229885242,-0.8057505537807489,1,0,1,0
1.0,85.35,84.14,53,726,1,3.6096988073988445,-2.769668783355701,3,0.1742585123410627,3,1,1,-0.781864435729939,3.3111959002397375,0,1,5,0
44.0,79.18,3329.86,52,639,2,1.2541391968815205,-4.756329789113061,2,0.6311578842850609,1,0,1,-0.049282170609963774,2.275746303982177,1,1,1,0
72.0,117.07,8893.83,35,645,1,-7.637789853128786,-2.0328841974675296,8,2.96891696014847,1,1,0,0.3895567687406677,-5.218467862382381,1,1,1,1
59.0,43.18,2325.2,18,592,1,0.6257582624165505,5.9384973639983,1,0.25330192734680157,1,0,0,-0.7751612906172307,-1.9982111127794169,0,0,1,1
48.0,75.31,3328.03,20,720,2,-1.1251030300926457,4.799103356739063,10,1.9332584439135867,3,0,0,1.4807764473607516,-5.418485337583561,1,0,3,0
2.0,97.34,202.57,35,687,4,1.619137140205674,5.024124382248282,10,-0.5807462930095318,3,0,1,-0.8608133858049897,0.35314576967433275,1,0,1,0
35.0,45.63,1695.92,37,749,1,-0.7380397997489223,-2.273498452578731,4,2.5830581775109973,2,1,1,1.0244095520683438,-3.4557012190970795,1,0,2,1
68.0,71.31,4428.71,49,602,2,-5.39737770422495,4.221507617465272,3,5.56376940569729,0,0,0,-1.6669197469851909,-6.08591523490398,1,0,5,0
49.0,38.76,1960.51,30,562,2,4.635627035941224,2.2684464236493636,8,2.1736172333762727,1,0,1,0.757341491211499,1.3110529069938277,0,0,1,0
28.0,78.79,2199.57,50,769,2,-3.2445314193301655,-0.3554281508263243,1,1.7456270480062053,2,0,0,0.6147873268731163,-3.5692654847413747,1,0,2,1
32.0,149.99,4655.87,53,552,3,-4.039678019963756,1.7213519538229227,4,3.045647286076288,1,1,1,0.6325343549424125,3.32409210014328,1,0,1,0
33.0,66.61,2149.88,42,800,0,-5.435218589185338,1.4440499733906937,0,2.0151488034443092,1,0,0,1.428262534806514,-5.897421796385356,0,0,1,1
40.0,21.6,941.63,34,585,2,7.073414810192988,1.844830608255454,2,3.215280721208974,2,0,1,-1.47509807694161,0.9997134956642353,0,0,2,0
7.0,37.46,256.11,58,836,1,0.18060836159671975,-7.79676678801732,14,2.3949826665346663,1,1,1,-0.08162105474192602,-3.2645513445349232,0,0,7,0
67.0,84.66,5160.53,29,631,1,-1.173713010064226,2.470737783912765,11,2.2204835275507935,1,0,0,-1.347234181733391,-1.5409597709796825,1,1,4,0
34.0,75.89,2714.33,45,593,4,3.240471136833018,0.441003207110448,7,0.5474989507827623,1,0,1,0.477353060519314,4.410394194307361,0,1,1,0
11.0,53.73,643.46,42,657,1,4.247494560529036,-0.013347280822041013,7,0.785291596733149,3,1,1,0.6778211576268869,0.961087014839238,0,0,4,0
22.0,75.65,1562.74,42,617,3,3.2760681440960933,0.48486398109783296,1,-0.6385464464570408,3,0,0,-0.6563045773184998,3.0141266977512666,1,1,2,0
6.0,81.6,484.8,77,706,0,1.6730660125619115,-5.889458321624691,8,2.622390413965321,1,0,0,-0.41191369465379374,2.826406203361714,0,1,5,0
47.0,136.24,6921.44,50,629,2,-2.241677411866439,-1.6506796819511627,2,2.5273449208714815,0,1,0,-0.5404739546294228,3.015466414693971,1,1,0,0
45.0,35.51,1465.34,25,474,1,9.195163672439818,8.398477209573175,0,1.4627037163050471,2,1,1,-1.3791755740993346,4.55542115921641,0,0,5,0
45.0,103.27,4490.21,51,566,2,-1.9864316083177826,5.152777228061749,8,4.641575138824178,2,1,0,2.192772324310873,-0.35840170087876383,1,0,5,0
34.0,98.5,3259.67,43,447,4,6.538419596523126,4.646905048652329,11,-0.6452482678420947,2,1,1,-0.9265618754709669,7.217161343358193,1,1,4,0
36.0,66.94,2578.91,26,659,1,1.7330484213530843,6.2629417145345805,9,0.8757090359328156,1,1,0,-0.5237769363848898,-0.36062789483329327,0,0,4,1
44.0,93.64,3788.08,26,672,1,-1.5905382673424167,5.620308605064534,3,2.2680159397757187,2,1,0,0.28106029707118024,-3.1569928895912946,1,0,3,0
14.0,68.47,1000.39,54,708,0,2.7750193172177657,-4.878374266266146,8,0.8930561469034882,2,1,1,-0.10525367031840668,1.443592440773612,0,1,5,0
8.0,98.58,791.53,59,627,2,3.8226689798356026,-0.43587004877620644,4,1.3432270416632934,1,1,1,0.4636473117415385,6.636475019695857,0,1,3,0
23.0,78.6,1928.5,25,778,1,0.958338435805796,0.9692912350939786,6,-0.6034263644362591,1,0,1,-0.8001622910446848,-2.050780749232119,1,1,1,0
12.0,85.12,1072.65,45,701,1,1.3823296807779375,-3.3838596849972276,6,2.0767435527250178,4,1,1,0.26991918562621786,0.22339116065645298,1,1,9,0
48.0,72.49,3173.29,46,561,0,2.8905195938859296,0.6816168632368361,5,0.1582229747809808,2,0,1,-0.792961659607666,5.791089722697584,0,1,3,0
40.0,103.09,3755.07,24,720,5,-4.205970728805708,5.309865736799531,1,3.436522115395754,3,0,0,0.2422636206269709,-5.874400434438716,1,0,1,0
31.0,128.04,4178.5,19,669,1,-4.156610549828197,4.341100040659949,0,0.6707049388395909,1,1,1,0.47957970878795514,-3.4194003616143758,1,0,2,0
39.0,112.4,4414.04,53,451,2,2.7752777365476837,0.14239325405299455,5,-1.1397008466795562,3,1,1,1.4972938606452144,6.749420212890555,0,0,1,0
26.0,85.38,2425.38,39,552,1,4.5005314254039295,2.8671631350905873,7,0.6029639020651069,2,1,1,0.8929561588728437,5.919186310625212,0,1,2,0
60.0,81.47,5271.31,37,550,1,0.4797783261574964,4.534540152553391,8,2.6311624065330386,1,0,0,-1.3278052129144733,-0.6145688487818015,1,0,4,0
62.0,120.92,7287.5,64,517,2,-8.90903436001779,0.189102032416318,4,5.924428254082241,4,0,1,-0.2630050557640776,-4.01598195213938,1,0,2,0
51.0,96.84,4704.97,22,674,0,-4.122445163347874,6.346772705326816,8,4.114493915489703,2,1,0,1.1461712407458462,-6.096682517946342,1,0,2,0
13.0,88.36,1069.7,36,767,2,0.045183184240182236,2.6980565211008494,4,1.3100992379823528,3,0,0,-0.7287722836856775,-1.9132489233436702,1,0,2,0
32.0,103.79,3642.84,43,528,0,4.783785665703034,1.1733834926028612,0,-1.7062602867956618,1,1,1,0.41350805021403414,6.23144743649249,0,1,2,0
37.0,106.91,4349.45,46,542,1,0.40066530400247213,0.9641981474224279,10,0.4671102120541024,3,0,1,-1.20117481660977,3.279932838536951,0,0,1,0
1.0,44.27,45.4,58,822,0,2.7949495627473446,-4.41476754952824,5,-0.47323468087587706,4,0,1,-1.5182037753182558,-3.6710500257284537,1,0,5,0
19.0,89.34,1794.65,30,580,1,4.275523402984108,6.321880056122558,2,-0.9478979932891315,1,0,1,0.4056056075689535,3.3161237859459796,0,0,4,0
15.0,149.99,2395.34,34,664,0,-3.144205873384561,-1.883948057137421,0,-3.0133808287509423,3,0,0,-1.0225245781750887,3.939490473989821,1,1,6,1
43.0,69.76,2995.82,18,714,4,-1.131666953791848,6.862390012975082,9,1.896188361106661,3,0,0,-0.7632591038477515,-5.573521016645884,1,0,5,0
27.0,95.46,2630.6,51,602,2,2.1161935912066947,-0.938831827896534,4,1.878898407464344,0,0,1,-0.9047398253805281,5.738621961726252,0,1,4,0
1.0,142.02,134.06,25,822,4,-3.9870148073736362,2.8520311235301463,3,-3.879319451184758,1,1,1,-0.7416741402711623,0.4714770997593716,0,0,0,1
18.0,80.67,1480.55,30,703,3,3.555599303190726,2.830631564218458,2,-0.8529246920232841,3,0,1,-0.03336733965825367,1.072394924396428,1,1,3,0
48.0,19.99,879.83,51,653,0,-1.0924756676528184,-2.4528408259233627,1,1.4812997292953405,2,1,0,2.1717614668672183,-2.462960098159304,0,0,3,0
1.0,127.95,140.18,68,722,0,2.269476431955968,-2.856047888039609,1,-3.217409166247101,3,1,0,0.657228579462276,6.085534434647073,1,1,0,0
12.0,63.74,841.14,61,592,0,6.411371162387681,0.754271586645648,11,0.9415215104688093,2,0,1,-1.024199742011744,5.643916258658185,0,1,0,1
66.0,34.73,2098.19,41,497,1,7.317006958497822,4.239096910697286,5,0.8820724963295291,1,1,1,-0.8600165269823576,2.8556110096344387,1,1,9,0
31.0,98.23,2850.14,35,646,3,-0.4848626820609821,1.2626726391739067,2,0.2552627268693266,0,0,1,-0.2474054670900885,-1.268315777030446,1,0,1,0
18.0,97.96,1727.46,65,701,2,0.7635564033389123,-7.964958915179544,5,1.157619295586042,1,1,1,-1.3210534766402338,3.3233326121195805,0,1,7,0
64.0,28.51,1941.55,41,600,5,1.7718064475682302,-1.666522265447764,9,0.08171541691659823,1,0,0,-1.6518324728062674,-1.1688411452504588,1,1,1,0
47.0,19.99,874.88,54,591,2,3.2047346688940044,2.010637349938844,4,1.1376468097808181,2,1,0,0.800652358814658,-2.1238198092388876,0,0,3,1
36.0,117.6,4251.96,41,720,3,-4.704536483674213,-1.2670718051822156,8,-0.09819687743687544,0,0,0,0.8246189558201007,-3.257101380513487,1,1,0,1
10.0,100.99,969.76,28,657,1,4.64976016477498,2.62021739502018,1,-1.72335544238446,1,0,1,-0.8712397289270899,4.597298772994694,0,0,2,0
72.0,64.5,4940.79,28,804,1,-5.984479832873971,-4.2747776963814985,2,4.068940127578187,1,0,0,-0.6018097368869337,-6.853250161044088,1,1,1,1
30.0,98.8,2739.25,29,742,2,1.834080347394344,0.04612988935713379,3,-1.8590660151083118,0,0,0,2.171872811264504,4.932805358015345,0,1,2,1
67.0,68.78,4461.04,32,545,2,-1.3899609090531224,3.758349035493098,4,2.3497557979405204,1,1,1,-1.7163035188134086,-3.940045776284619,1,0,3,0
38.0,19.99,689.28,52,560,0,6.418332005259547,2.4442591049198934,5,0.6440991430281998,1,0,1,0.7234838045172342,1.603261279997328,0,0,3,0
37.0,73.03,2674.63,43,759,1,-2.885960733787328,-5.461498265125832,2,-1.0434351741119876,0,0,0,-0.6665767892545541,-3.6720726958994248,1,1,4,1
44.0,101.83,4561.54,39,522,1,2.6191938142558917,2.184677880134733,10,0.2803260497106599,0,1,1,-0.8304120736040216,7.919057031345486,0,1,1,0
20.0,107.4,2111.4,56,649,2,-6.5527308605335906,-2.8477770688548882,9,-4.7176466387808595,4,1,0,-0.4629210713737083,-3.7372040385456757,1,0,3,1
52.0,33.37,1818.1,32,513,3,2.8142536565077965,-1.9670159483173086,6,0.04244954659540279,1,1,1,-0.6323805236354193,-0.09004612091732817,1,0,6,1
49.0,90.36,4549.05,52,438,3,0.44585690176467063,4.518445930392562,3,1.8956590639757138,2,0,1,0.07989504621221273,2.401180164611391,1,0,4,0
43.0,112.96,5045.44,36,598,1,0.26512841132507514,2.08978781278359,7,1.4297970030737222,1,1,1,-0.5174995475923096,1.3998413993286563,1,1,1,0
52.0,63.6,3161.49,54,652,0,-1.5729411174344115,-5.368898225543733,0,0.6488316148698725,3,0,0,0.9306692574328335,1.2695519428446769,0,1,2,0
50.0,86.22,3884.73,40,575,4,-1.2139789437542086,-0.9603425244309819,4,0.327547229705198,1,1,0,-2.6132958791254097,0.12739761873791355,1,1,3,1
58.0,50.58,2923.89,19,526,3,4.994556346030915,5.729536098278474,5,-0.9742200629454368,1,0,1,-0.12917521916715302,-0.9463138242808663,0,0,4,0
56.0,46.43,2587.26,35,491,0,3.1804652881488735,5.886660973502018,8,0.013661034198458655,1,0,0,1.0703443993483932,4.315023701862624,0,0,4,0
8.0,77.46,664.32,42,736,4,1.626244781292189,0.46735332970067056,3,2.5638368471950903,5,1,1,1.1269441022999611,-1.064894242696457,1,1,3,1
43.0,28.87,1192.67,44,686,3,3.3583098357154455,1.0477966900415745,1,3.4599405142308686,0,1,1,-0.13902344763700228,-2.1747906297387183,0,0,5,1
72.0,68.58,4862.67,60,484,1,4.639048389064781,-2.258695464073745,13,4.063941241202811,0,1,0,-0.5860119071492281,4.940124079510738,1,1,7,0
39.0,77.84,3033.55,53,605,1,2.4366028576721983,-2.2436863123034385,8,2.159285293878386,1,0,1,-0.31162212676187273,2.6745524787849733,0,1,2,0
72.0,95.27,6523.65,18,635,1,-6.639162919329645,-2.2557059137529847,8,2.374924110897452,1,1,0,-1.534402067609711,-3.1982801336396087,1,1,4,1
59.0,93.27,6005.92,20,694,1,-6.393102265755276,6.591551920228932,6,4.338662377791791,2,0,0,-0.07069048271408049,-8.49878832114967,1,0,2,0
66.0,19.99,1261.07,40,825,1,-3.2188841686478598,-8.033956762685225,9,0.08226375197279856,4,1,0,2.405985405829733,-8.294392652146989,1,1,1,1
41.0,28.24,1125.2,38,562,1,3.947959016193591,4.46437997015267,7,1.4260143869841477,1,0,1,-0.4205075390307331,1.1293031004801457,0,0,0,0
43.0,94.52,4470.0,36,627,1,3.726845312004597,3.1524287915651135,3,1.5553269317448248,1,1,1,1.280075153644215,4.058816049676698,0,1,6,0
33.0,44.01,1514.95,35,546,0,8.555852957622326,3.096752117376411,0,0.9085038673284446,0,0,1,-1.299664830853009,5.603560384761199,0,0,2,0
59.0,55.9,3439.36,63,524,1,1.7969245324829517,-0.2745788159740387,5,0.42443092562554713,3,0,0,0.6654776935727347,4.855372237758926,0,1,3,0
49.0,98.05,4461.32,44,674,3,-3.759531732589953,1.2681938540048368,2,4.818305641473618,1,0,0,-0.39973008584979985,-3.5136747818224707,1,0,2,0
1.0,130.87,139.99,20,850,1,-2.1867124165626666,1.1100462082886813,3,-1.2676022134308895,3,0,1,0.4720671513221754,-1.7940494275390204,1,0,4,0
17.0,79.33,1368.41,47,497,1,6.532404334282199,7.475759066378831,3,-0.9347441653516276,4,0,0,-1.5693879460986406,7.432821607296961,0,0,3,0
55.0,64.71,3242.34,44,521,3,3.3859320016110934,0.4886134514372061,5,-0.392052735022972,0,0,1,1.3641722703986252,1.0658326761400017,1,1,2,0
54.0,95.55,5331.71,19,685,5,-3.1572203284864684,1.6124781377404547,4,0.7867096659030431,1,0,0,0.45958683411409557,-5.561605337135176,1,0,1,0
36.0,34.54,1342.43,51,734,1,-0.659589004441076,-5.035215623313106,5,0.2787022758803679,0,1,0,-1.0366760714840277,-3.4555418190788525,1,0,2,0
1.0,64.03,63.61,41,736,3,7.002768931774065,-0.6257979178450555,4,-1.2194678739743692,5,1,1,0.258296450749629,0.34265874244718164,1,1,1,0
1.0,66.73,61.87,66,699,2,4.522524620035125,-1.5368039970829432,5,-0.17516852007156658,4,0,0,0.17866759820576525,1.6916712876605027,1,1,2,0
25.0,121.29,3185.13,53,590,2,-0.9079096115555123,-0.9316439690396795,9,1.7132757109800347,2,1,1,1.4774525893398631,2.8301883657366864,1,0,2,0
35.0,63.34,2371.58,40,623,3,3.5148329871851156,-0.6513409534249792,3,0.4674821843906569,0,1,1,1.1723839190973795,2.857332507341204,0,1,1,0
11.0,76.06,799.38,46,595,3,5.868447727000145,2.1812479563068417,0,0.9321546537452082,4,1,1,-1.5108053463403783,4.758637443871085,0,1,2,0
69.0,60.01,3995.76,53,653,1,-3.053288643507609,0.05959136773220956,3,4.951649239925691,0,1,0,-1.0498099576549422,-5.076573532376854,1,1,4,0
38.0,69.58,2444.45,52,669,0,-1.131248567701248,-2.3069996332882488,2,2.291936878532109,1,0,0,0.9558365656810262,-1.942940265004164,1,1,2,1
25.0,40.1,962.29,20,661,0,6.59192669166626,6.02502512024219,2,-2.7623066331576838,2,1,1,1.1765404384298621,-0.207476960303643,0,0,6,0
57.0,19.99,1038.61,29,521,0,7.446576765667346,5.27211273987555,9,-1.2043486296789547,1,1,1,1.0023184486091585,2.285417678046492,0,0,9,0
29.0,81.07,2250.18,41,558,4,5.2213381081498405,2.273581747037125,6,2.3581892195617233,2,1,1,0.7600506735422811,5.18933727772881,0,1,2,0
53.0,65.73,3662.65,31,589,3,2.1698713935315483,-0.10698685778359508,1,1.0479469896695213,1,0,1,-2.6685577819233592,2.43090252251732,0,1,1,0
38.0,54.87,2104.83,34,690,0,0.14509720346349275,2.083153563004174,2,1.0962015900507576,3,0,0,-0.40905284779957013,-1.23073943120964,0,1,1,1
5.0,88.65,417.38,19,775,4,1.3973307309426244,3.47060642679204,2,-1.4497384780431073,2,1,1,-1.2173411845560054,-2.207748274380183,0,0,0,0
41.0,50.25,1927.47,23,645,3,5.400907407321155,4.316929713678615,2,0.11618278419923345,2,0,1,-0.8501924246007927,-0.42977596556548964,1,0,5,0
1.0,125.32,134.92,70,711,3,4.9278709372007565,-3.412287015614486,6,-0.7266707190137761,2,1,1,0.7448980707887994,9.02083523610502,0,1,4,0
26.0,120.46,3192.62,41,600,1,2.5604117642099533,1.7945840071414398,3,-0.2983489267757006,2,0,1,-0.3705696285875467,4.5302080035713255,1,1,1,0
1.0,119.72,120.5,58,509,4,9.469584681688227,4.620093339378261,2,-0.15531153495791894,4,1,1,2.9444197578488045,11.677307185677686,0,1,3,0
33.0,117.05,3521.92,47,536,2,3.6975371452700205,1.4505380796900915,1,0.1868796096937242,1,1,1,0.4007074664329605,7.859475127657558,0,1,3,0
20.0,124.65,2293.43,52,497,2,-2.6346862056988516,5.579922475783625,3,1.249109544192236,1,0,1,-0.1201608301097064,1.272665277599401,1,0,0,0
1.0,98.31,90.78,53,659,1,9.389848153196507,-0.18219531310006176,4,0.7125259756926816,5,1,1,0.7181078499953508,7.53739111975708,0,1,4,0
25.0,36.69,864.96,33,607,2,5.853339066475679,3.2091477718064882,5,0.5415524861849164,2,0,1,-0.041028717748182425,1.292955231764523,0,0,0,0
65.0,88.24,5621.76,34,671,1,-9.110140433058918,5.384832739283074,1,5.958847197189844,0,1,0,0.6665843866716097,-9.969652079799019,1,0,2,1
43.0,128.58,5040.69,32,625,2,-6.123520551305284,-0.23456433613987177,6,-0.07302135815971678,3,1,1,0.9850117975593145,-2.650863114794002,1,0,4,0
45.0,76.96,3258.01,47,424,1,0.3050298053467566,5.040048290762783,1,0.5868721834459676,2,1,1,0.8587557461429137,-0.6229692687383939,1,0,1,0
46.0,19.99,938.56,50,801,1,-4.283163751867052,-11.186336009767707,6,4.013596447971713,4,1,1,-1.391340384282803,-6.1290286704631765,0,0,10,0
38.0,92.4,3423.72,35,629,3,3.6803305493277,1.9321789774753826,7,0.44006267431637935,3,0,0,0.14242195019700274,2.577379643304118,1,1,3,0
28.0,82.45,2400.27,41,622,2,3.7142673946455598,3.3597006176243047,7,0.14354553335532638,1,0,1,-0.1837017411455107,2.8503165125661867,1,1,4,0
57.0,65.22,3418.5,78,719,1,-7.123468499564696,-10.885071864692735,1,4.286014429613367,5,1,0,0.3949230567432217,-1.0990320497519883,0,1,9,0
66.0,52.95,3318.66,30,448,1,1.1874345266466524,8.720216421244894,1,1.4704109592401795,1,1,1,-0.1332459212752904,-2.4187248346672092,1,0,6,0
16.0,96.32,1484.69,62,590,0,4.264934566505116,1.1364202963091747,8,-2.163355627664344,3,0,0,-1.1800748063111668,5.408577097276813,1,1,4,0
28.0,95.13,2801.62,33,579,2,2.992218817417539,3.5794524246949386,0,-1.3504391059382468,2,0,1,-1.9806803253959593,1.9863696133595714,1,0,1,0
1.0,83.52,91.22,73,708,3,1.3381825438618582,-3.759286188722946,2,-1.3804584440111105,3,1,0,-1.2379799735024741,2.582572647821816,1,1,3,0
49.0,48.41,2471.72,44,610,0,0.06446780157971349,-2.699833352224809,3,2.6749554490109735,0,0,0,0.2665428008025302,0.3487870648740976,0,1,7,0
64.0,104.19,6111.53,28,762,0,-5.589066639210004,-0.7547043763043548,8,3.2715185715747777,0,1,0,-0.5428526470960725,-3.6486317535255193,1,1,1,1
46.0,97.73,4117.62,27,702,0,-6.699919470504006,4.540394472864984,3,2.8408053527074246,0,0,0,-0.2998180786071756,-7.390737496783331,1,0,0,0
20.0,117.46,2507.85,41,661,5,-1.6939776407036782,2.6313662354085716,7,1.7498432933682975,1,1,1,0.40251313889557566,-0.1841327710947598,1,0,0,0
72.0,23.63,1582.96,37,660,1,0.20563340357917861,-6.060650763,5,1.5540709799829688,3,0,1,-0.9105363548340868,-2.6495880468515143,1,1,2,0
1.0,53.07,51.65,52,850,2,1.4322078938847749,-0.6847925706626705,1,5.394055031843062,1,1,1,-0.9676667133673353,-5.163464354179814,0,0,4,1
25.0,36.38,955.2,37,682,2,5.075817197884195,-2.387081030418848,1,1.0733035819903771,3,1,1,-1.0019482155456179,-1.8227710519869798,1,1,4,0
23.0,53.16,1337.45,51,609,3,12.996987844696019,-0.5973462189756394,4,-1.3084763860720856,2,0,1,0.6210490247883848,10.706408520208619,0,1,8,0
52.0,30.23,1500.8,18,397,2,5.103009189990454,8.571517113132895,2,-3.761572271158339,2,1,1,1.0727573334049079,2.957744454218791,0,0,1,1
52.0,23.39,1310.06,28,592,3,4.340606267954011,8.266084021558864,5,1.5610494569940536,2,1,0,-1.595826643486457,-2.666391106899718,1,0,9,0
2.0,58.17,121.06,25,777,1,7.0567680689657,4.793278514761762,3,-1.1444158130077224,3,0,1,0.6956771613837678,2.3714701386913064,0,1,6,0
11.0,81.68,908.73,57,652,0,2.834916459756212,-1.481008990324107,4,0.4123634736230164,3,0,0,0.060065420312046564,3.2311240757333475,0,1,3,0
37.0,126.99,4279.33,36,672,0,-4.269160829354782,2.2627773139236873,4,2.9298720812269057,0,0,0,0.9139286213172398,-2.1175937256012842,1,0,1,0
46.0,63.23,3146.63,36,506,1,5.914569356786734,4.02603173732399,6,2.5128535471826767,2,0,1,-0.6722015572167221,4.058127578797661,0,1,0,0
23.0,79.88,1821.61,57,632,3,4.84074719036615,-3.1065717687152747,6,3.579363763786511,1,0,1,0.1577527789052435,4.0846820857862225,0,1,5,0
25.0,107.79,2751.91,35,659,0,-0.026564175228472653,3.0439415654863797,4,1.4768322552978739,2,1,1,1.2868104614717688,-0.44872509596646115,1,0,0,0
26.0,77.7,1849.51,41,479,2,8.833865443387884,9.366395267854521,3,0.2708004683431311,3,0,1,0.2263837652488236,7.890164862604579,1,0,10,0
23.0,60.55,1523.28,44,591,2,4.888775144883414,0.614924263985597,3,0.4674161804148729,2,1,1,0.9010385370750534,3.7321409388209563,0,1,3,0
71.0,29.7,2286.59,24,547,1,6.219024563843206,3.668087284871932,5,-1.102322155881022,0,0,0,1.2622230989640388,-0.6496403777873332,0,1,6,0
1.0,72.29,75.57,77,830,3,1.3336418323301,-11.02162072742657,2,1.8186473891234778,1,0,1,-1.430559725453751,-0.5092216086710792,1,1,7,0
36.0,71.51,2318.66,41,737,3,-2.4776246040138297,-6.553938437520493,0,-2.0329299926747386,0,0,0,-1.1691922691489145,-2.8273380178068637,1,1,4,1
49.0,51.93,2550.04,30,518,0,5.325461977848556,2.93121293919708,5,2.0484678054854704,3,1,1,0.9039464428273197,2.400224527193791,0,1,2,0
72.0,45.86,3131.39,18,408,3,3.9354279570813766,10.385852439205749,5,-0.17166570023604877,4,1,0,0.9047047319134898,1.0550815895448047,1,0,2,0
61.0,19.99,1174.65,31,590,2,1.6339613607189467,-5.025806061172741,4,2.7609005297571096,1,0,1,0.8726337640292486,-3.661310031350539,1,0,8,1
1.0,101.96,103.78,63,759,0,3.750733241918024,-2.151241547189115,2,-3.553966954826952,4,0,1,-0.2986706945681753,4.1993008469803925,1,1,0,0
7.0,41.99,265.95,48,706,2,4.782627328272878,-1.422374978908795,1,0.6456038608084064,4,1,1,-0.11151095185882313,-1.1077697239069981,1,1,3,0
52.0,37.9,2041.74,18,670,1,6.073106636689651,5.2948876465587205,4,-0.16898257785198456,4,1,0,0.001658827983061723,-1.091330125259663,1,1,7,0
11.0,117.33,1187.84,42,718,0,-0.840891107983026,-1.4794455300501799,6,-2.9500926012322344,1,1,0,0.12759172503355887,2.3189911092109066,1,1,2,1
6.0,82.72,520.34,28,685,3,3.0526689873978876,5.107426573009268,2,0.19883600509203692,3,1,1,-0.8622645164185927,0.886060354422946,0,0,1,1
1.0,138.71,128.11,36,710,0,-2.234175785563911,3.203867116951187,9,-0.8198652310238962,2,0,1,0.14823535628981982,0.053531894382977736,1,0,4,0
8.0,110.97,972.02,30,850,1,-1.363142880211829,0.09816558527914604,4,0.0029811617839190507,2,0,0,1.2025434686248881,-1.2648402724344574,0,1,2,1
31.0,94.94,2854.23,21,589,0,6.258177076392363,5.515097673352926,3,-1.5932893097633385,4,0,1,0.3083218385149384,4.121652599954413,1,1,4,0
36.0,113.14,3811.16,51,738,1,-8.45965500413736,-6.234443671833507,0,0.5673892788337855,1,0,0,-1.2976284718958182,-3.088238762513758,1,1,8,1
18.0,74.46,1351.35,53,746,2,-0.5456436219676237,-5.45517031968926,5,0.5174165694815763,0,0,1,0.6824037102247325,0.309035103609609,1,1,5,0
66.0,62.8,4352.97,29,588,3,4.268654068678658,4.1315082099456975,2,1.656156746307863,4,1,0,0.25201408444349754,-0.08351569856541502,1,1,6,0
49.0,66.97,3606.05,30,585,2,-0.10149445058654245,6.015519484916171,3,1.1418576792757928,1,1,0,0.8086535638794032,-3.40454907707048,1,0,4,0
22.0,59.85,1258.67,46,714,4,2.7543004503895308,-2.7073836696882245,5,-0.03166523296621293,1,1,1,-0.4518533821354335,1.289292636085321,0,1,1,0
24.0,110.05,2388.24,47,691,0,3.490225332222558,-4.34666052118876,1,-1.124559989085025,0,0,1,1.290081157043634,5.86289361799371,1,1,0,0
72.0,76.06,4941.71,25,396,2,4.153801900429404,6.35400476669361,12,0.7614748181715871,1,1,0,0.26229366159020784,6.804133981983755,0,1,3,0
42.0,46.26,2040.17,62,732,1,-1.413089446474224,-10.499686543426654,4,4.226476239061894,2,0,1,1.390610669288292,-1.3042106866100562,0,1,10,0
64.0,62.88,4220.01,43,418,1,7.6862710866625905,2.9436320260604476,4,-2.074230333497867,1,0,0,-0.7634943132955437,5.752604531793655,1,1,6,0
66.0,84.82,5277.99,28,599,2,-6.049746138591838,0.9903719904021981,1,-0.9696835919448737,1,0,0,-0.27113182991153123,-2.3394936503005397,1,0,2,1
14.0,84.07,1065.31,24,580,0,4.454603737837477,11.858413820690979,1,-0.40953344478246134,3,0,1,1.4684642286243905,2.6850337703565406,0,0,8,0
29.0,26.31,823.41,41,616,2,4.6873322329109195,0.9877004294853192,7,0.9578116511210429,3,0,1,1.871562576098984,-0.6943328851080091,0,0,2,0
15.0,123.61,1741.56,37,673,1,0.5715758813954712,2.6215250062309163,0,0.8120265946118573,2,1,1,-0.6933826197292158,2.354821569438208,1,1,0,0
26.0,149.99,4201.41,45,607,3,-6.14380158577858,1.5883726730039276,7,2.2571514765552916,0,0,1,-0.77309244521463,0.3056014462076797,1,0,4,0
72.0,78.54,5440.82,18,421,1,-0.8968179698466613,8.252817489167118,8,-2.064826345447446,1,1,0,1.4088208189902625,1.7677290122255715,1,0,5,1
41.0,71.94,2996.13,20,682,1,-0.9840250322485125,5.600432872642008,8,0.34085929186846753,3,0,0,-0.6200008819863293,-5.452357801242391,1,0,2,0
40.0,75.18,2912.11,43,643,1,-0.3562959019928255,-5.738924773181307,5,-3.7927055853570195,1,0,0,-1.976079351292634,2.099360877963722,1,1,4,1
59.0,47.65,2575.77,45,433,1,4.918573053803907,7.347229519911881,0,0.17076447053308874,1,1,0,-0.48157935133752017,6.405607723606449,0,0,6,0
1.0,123.93,117.62,40,708,1,2.8972615510006765,2.516483366870561,8,-1.2864187775473943,1,1,1,1.136074630595519,5.078798411904298,0,0,0,0
72.0,19.99,1381.87,18,439,1,7.7342346732755365,6.214007314093127,7,-1.1847794358255546,2,1,0,0.9974149973981123,-0.9151601787904305,1,1,10,0
11.0,104.45,1045.87,29,763,3,-1.9338382888347332,4.750448439840532,9,0.6999796563050428,1,1,1,-1.011117351081861,-2.075963852794476,0,0,1,0
55.0,108.73,5743.95,54,525,3,-2.231782406569201,-3.1199507971596234,2,-2.2080912246953104,2,0,0,0.22794806506264004,2.21421448773159,1,1,1,1
59.0,93.65,5763.72,29,539,2,-1.3978655546353143,2.954964690104753,1,-1.444389678048565,1,0,1,1.2011819827429875,1.8967805703795588,1,0,4,1
72.0,71.4,5151.46,41,676,2,-3.149908700297201,-6.842490842345152,7,-0.8782220026136796,2,1,0,0.9186367245357779,-2.1870809325720137,1,1,2,1
7.0,88.2,660.07,43,704,1,2.8219016019089382,-2.56664751486884,3,-0.23994192339751452,2,0,1,-0.319948392960392,2.839006052943343,1,1,4,0
68.0,19.99,1368.62,52,577,0,-2.733782539987762,-7.345881883991046,3,0.22622313266328398,2,0,0,0.04738631574455265,-3.530639753081235,0,0,10,1
62.0,70.22,4608.32,27,649,1,1.7879527663391712,1.0589433238535806,4,0.24426319770056337,0,1,0,0.571499967500953,-0.79177608133145,1,1,4,0
29.0,149.29,4161.23,22,697,1,-3.3203937838823916,2.847909245935217,2,-0.9099930686911952,0,0,1,-0.706854389772492,2.147928473631288,1,1,0,1
72.0,49.45,3641.97,32,639,0,0.0178821647211079,5.88689159860954,11,4.599883797227262,3,1,0,1.0724246576876852,-4.509823976927035,1,1,8,0
49.0,65.38,3420.84,28,799,0,-0.7877822619376545,-2.836530422997535,3,1.5596597267567103,1,1,0,1.447286394814131,-1.3284776277764596,1,1,1,1
30.0,94.53,2731.45,33,603,1,2.9066699459626,5.135223099347992,2,0.6423249455975486,1,0,1,-1.320354761431981,2.662071473584585,1,0,4,0
47.0,89.42,4144.32,65,509,1,2.640425299560533,-0.434936408890798,1,2.668360023771543,2,1,0,-0.7328237361718964,8.482532026497923,0,1,1,0
26.0,44.85,1052.75,60,642,0,2.879731409883548,-3.798148733081481,17,3.477565458067406,1,0,1,0.03352367389976907,2.6802025175430595,0,1,7,0
44.0,149.99,6752.21,54,640,3,-7.797675951754052,0.013078354929408769,2,1.9130391180277142,0,0,0,-1.2100705131678204,-3.2817316867364834,1,1,1,1
63.0,29.97,2018.64,46,645,0,-0.9582374172855934,-7.248739887761081,2,2.128408748483833,1,1,1,0.4054729258333872,-2.776421331357551,1,1,6,1
1.0,100.1,92.26,74,850,1,2.743275772873071,-8.830591288648304,1,-2.6091966668358992,5,0,1,-1.8106795171661254,0.8749581312038079,1,1,7,0
49.0,39.3,1867.52,51,722,0,-1.5009570302037505,-7.140110947478212,4,1.6599774069963846,0,1,0,0.6265342299634824,-4.468660800262748,1,1,4,0
72.0,90.63,6218.21,18,631,2,-3.2671316837920275,3.2270383784842065,5,1.609734084739716,2,1,0,-1.2257561146566,-1.6226850744326402,1,1,0,1
1.0,84.48,79.78,64,685,3,4.5227970593067015,-2.292876008926396,9,0.26701010733724884,0,1,1,0.30161247540205705,6.115756750029208,0,1,2,0
35.0,19.99,682.97,40,563,1,-0.4018149356962289,-3.622448196931393,1,-2.434029895470836,1,0,0,-0.740398602103243,-2.7378060369535366,0,0,10,1
4.0,111.92,436.27,44,819,2,0.3961791883314321,-0.6582169799669791,4,-1.4590230473106731,2,0,0,0.023722550312675755,0.8007052193757781,1,1,3,1
72.0,55.69,3903.71,42,526,0,-1.428683186933827,1.4702726284567986,1,3.5946308277301613,2,0,0,-1.9805662499764216,-3.3781499726172974,1,0,4,0
26.0,36.91,907.94,39,724,1,-0.13198647001818298,0.32039123571311506,7,2.095614691989082,1,0,1,2.0827057822964616,-4.04711559878635,0,0,3,1
1.0,85.54,84.28,71,700,2,4.299127690212558,-5.172023436893692,6,2.692206963258377,1,0,1,2.286168375515904,4.5514068000380785,0,1,5,0
61.0,126.15,7702.35,61,558,2,-2.9067652153202963,-4.399801296946374,5,2.421298299304071,2,1,0,-0.6852346225553373,3.4414785760955713,1,1,0,0
20.0,103.8,2219.93,24,718,3,1.7416344496349225,-1.013751374696906,5,-2.4123036751418505,1,1,1,-1.0229202462373215,0.4390178078306732,1,1,3,0
14.0,81.82,1211.05,52,692,2,3.26747089627946,-2.8999758020853896,2,1.0831779873547553,1,1,1,-0.025032823640404833,3.2744963929759408,0,1,2,0
1.0,63.91,68.71,39,782,1,3.8670618063994353,-1.8530604548265444,6,-0.7158774601132828,3,0,1,0.7252047550188216,0.1608028423242427,1,0,5,0
72.0,21.89,1695.34,46,404,2,1.4542358405336946,-3.821830416709217,7,-2.0468548566660028,0,0,0,0.9632535999951054,2.0117577673148817,1,0,7,1
51.0,102.51,5186.88,57,518,2,0.25571139024170625,0.135017466603003,7,2.2325009303592225,2,1,1,0.3698285751551922,3.83290221932303,1,1,3,0
28.0,67.18,1737.41,44,611,2,1.5426332810063852,2.689395576238995,0,0.1618086812270858,1,1,1,1.0996962118804638,-0.3550972418998535,1,0,3,0
62.0,40.19,2383.86,20,586,3,4.382005660040144,2.4445929978188725,3,-1.2324559212133996,0,1,1,-0.20442093689653487,-1.3975444256021126,1,0,4,0
33.0,129.67,4350.53,41,602,1,1.5978539527553381,1.3851406912663826,3,1.796934544617835,2,1,1,-0.8627313376650566,4.393094432056674,1,1,1,0
29.0,130.62,3862.8,56,623,3,-2.1982939094518774,-2.5087166487740813,3,1.0847356231211822,2,1,1,-0.7777012947139739,3.2203701807416087,1,1,2,0
26.0,35.62,896.84,26,607,0,3.536892269336215,4.189696879300451,4,-2.08137942577835,1,0,1,1.4424376451408338,0.7880941656066172,0,0,3,1
72.0,31.08,2100.72,18,493,0,3.298024845075109,4.5712695889250154,2,1.8040053531856892,1,1,1,0.9571187706262299,0.40239889174096366,0,0,1,0
7.0,149.99,1054.36,39,776,3,-5.548556119261554,-0.005084422623863244,6,3.3214130116636564,2,0,1,-1.0385348851182934,-0.7393841862241461,1,1,4,0
9.0,118.87,1023.54,69,775,0,-3.124330784726518,-9.172073916842875,2,-1.4249845425864356,2,0,0,0.34891176847269084,0.7859670683339186,1,1,5,0
5.0,99.01,505.2,28,754,2,-2.7852612427190926,2.6681079447626592,15,-0.9683642174741646,3,1,0,1.2708849338505535,-2.2877857690738423,0,0,5,1
38.0,85.09,3041.55,46,612,1,0.7902001130472192,-0.5305978261144895,3,-0.07282297220446332,0,0,0,0.04877461444352623,3.5080134907666585,0,1,0,1
34.0,48.14,1489.27,21,641,0,3.605112341432977,2.425833108286102,2,1.7821730211687121,3,1,1,0.10546933314147192,-0.6937123211214531,1,0,1,1
56.0,77.0,4462.52,42,527,4,1.9624862826353053,-0.606316896960438,4,1.9157473392165265,1,0,1,-0.5461828057902709,5.300488892778445,0,1,4,0
1.0,149.99,152.5,55,707,4,-3.3411457184327413,-1.9290792605114289,7,1.0742401037217146,0,0,1,0.4402627070382931,4.293397417390816,1,1,5,0
1.0,149.99,153.64,26,767,1,-5.573271030496577,3.516429214719858,1,-0.14544835761051533,1,1,1,0.5467530782402311,-2.4593589073566737,0,0,6,0
72.0,70.53,5091.92,42,573,1,-5.124673250619583,-2.0611398148061597,3,0.6832262617729923,2,0,0,-0.1434280689889746,-2.7955588554162016,1,0,1,1
18.0,87.25,1636.76,46,620,2,7.143520572031379,0.45613248681469964,3,-1.0923274498393405,1,0,1,0.8783644136087649,7.383016712116955,0,1,5,0
13.0,61.82,832.62,46,652,2,2.4863655904711393,-0.06299454151735263,2,1.1439544661255838,3,0,1,-0.4357169739096753,1.8614454185615839,0,0,6,0
66.0,62.27,4120.35,55,558,1,-0.5312171734363893,-2.160092961363688,2,2.062487392895886,1,0,0,-0.8619675763533182,1.4070103799422164,0,1,1,0
21.0,108.41,2093.13,60,684,1,-3.4309377892834982,-5.029356757323844,7,0.823041916763662,3,1,0,0.13588294784183913,0.011097570494488633,1,1,5,1
22.0,76.52,1639.34,45,589,2,4.6385631925575534,4.309986334425355,3,-3.17964775293261,3,1,0,-0.6714487372538703,3.7389566500503664,1,1,7,0
5.0,149.99,762.37,46,720,1,-6.291172468549995,2.9536242081436956,3,2.6258681611561183,0,0,1,1.9073153881223774,0.17256812006194053,1,0,2,0
33.0,19.99,682.58,62,640,3,2.8731089976569666,-7.8566964358297895,1,1.8122930118163718,1,1,1,-0.17838303192699967,-4.283172461250388,0,0,10,1
72.0,19.99,1505.13,30,501,1,2.743054337598483,5.010260630056535,2,1.3186617257739175,1,1,0,-0.2856018729278986,-1.143568396219267,0,0,4,0
7.0,56.41,409.02,18,553,1,10.76830365507732,8.103782560227256,3,-0.4908844125527313,5,0,1,-1.145452869949579,4.393093390798246,0,0,1,0
58.0,116.13,7019.93,22,625,4,-6.311197264936405,3.2173692292577574,4,2.2173245274646387,0,0,0,0.7711749813688922,-6.209953221146334,1,0,2,0
10.0,107.34,1113.99,38,654,0,5.567757446664926,-2.520696413392148,9,2.3598874627229423,3,0,1,0.6112190773354792,6.242188480389795,0,1,7,0
29.0,114.04,3554.22,30,441,1,9.457289171659932,7.51738341075982,8,0.847393364003195,4,1,1,0.5763045242079313,11.00730164434311,0,1,2,0
46.0,19.99,1005.97,43,537,2,6.276657718189824,3.247796163304367,0,0.7583763488881146,1,0,1,-0.8134961507455988,1.3081652111507904,0,0,3,0
39.0,121.72,4750.91,49,595,2,-2.5061743549030417,2.2984860976420447,2,2.812484156248035,0,0,0,3.7453792279758287,0.7936823530960705,1,0,1,0
6.0,54.56,324.47,45,765,3,0.37189583435807083,-2.5023086759930417,3,-0.9193802260426985,2,1,1,1.4212935197207992,-1.9469467203617992,1,0,3,0
44.0,63.17,2890.86,21,671,1,2.3811372709747243,5.531838633439614,7,1.32048065772561,3,1,0,-0.35324654292745533,-2.5446161119972723,1,0,5,0
56.0,149.99,8505.27,31,602,2,-4.744448838550985,0.3435291575164922,3,-0.06902058786742538,0,0,0,0.3480134108767761,2.8900766299102667,1,1,3,1
29.0,108.87,3224.29,49,635,3,2.136061623381889,0.2718071578907583,4,1.4040282195638538,2,0,0,-0.2582614076212631,3.2932824103781266,1,1,2,0
39.0,60.8,2247.89,57,641,1,-0.5436517615422696,-3.481106756716062,1,3.014782665582019,0,0,0,-0.8532260813864838,1.040421581362879,0,1,6,0
72.0,72.16,5148.79,29,515,1,-5.91645412856112,-3.0582284234781154,1,-0.216098340473717,1,0,0,0.2873262121828296,-2.7726416313857536,1,0,7,1
25.0,84.95,1999.04,43,610,2,4.507528449753819,1.819458044163058,1,1.0088935038878502,1,0,1,0.16641102650614334,4.136871642174813,0,1,1,0
72.0,38.58,2553.12,24,544,1,1.1856818241602667,2.6200776031198,7,0.1835004367655665,0,0,1,-0.9793952985287622,-1.3835722183288435,1,0,3,0
51.0,56.87,2731.67,20,602,0,3.3694094811538435,8.363093996221464,5,1.3731483510987181,1,1,1,1.3453472307181933,-1.490914272368899,0,0,7,0
24.0,71.76,1730.04,67,593,1,5.199656943596632,-3.447570439123107,3,1.2879008695812104,2,0,0,-0.47058003608065185,4.778925753173586,0,1,2,0
39.0,43.46,1755.33,29,636,2,2.7623256469117243,5.415896670130893,1,0.32604126913439213,1,0,1,0.05313942805704505,-2.1146990199804914,1,0,6,0
33.0,118.35,4230.46,27,741,3,-2.2819018956204618,1.0909277741239616,7,-0.42884107294812807,0,1,0,-1.2314872528466252,2.209082353516239,0,1,1,1
48.0,84.52,3767.18,32,806,1,-5.4695708808836825,-1.433158006626836,5,1.66700453175403,2,0,0,-0.4276195643280089,-5.819646559424696,1,0,0,1
53.0,119.04,5779.14,36,683,2,-9.25814656331158,2.950288671039876,4,5.546819446771567,0,1,0,1.0543248076737624,-7.082428567246593,1,0,0,0
42.0,44.22,1707.2,51,598,0,2.8330877424527645,-0.10462832683659373,4,0.18844684915990761,1,0,0,-0.6057286666644445,1.9797716310755968,0,0,2,0
2.0,117.05,218.31,37,705,3,-1.6319896446414037,5.201240508659388,6,1.7461793401277248,2,0,1,-0.909986374180291,-1.0880716731524815,1,0,0,0
26.0,67.2,1916.25,32,549,1,5.825888423504885,5.916258756930309,11,-0.4959087966460104,3,0,1,-0.8663990348710527,4.178811695778826,0,0,2,0
1.0,80.66,85.28,52,850,4,2.5849960390501856,-4.9767993505603085,3,0.6446265787882401,5,0,1,-0.3422975466766155,-1.3155981304243638,1,1,9,0
51.0,36.87,1805.33,18,565,1,-1.4634701208674874,5.41682352664528,7,-2.2559174469184917,2,1,0,-1.378968599893075,-1.9003925292337083,0,0,4,1
20.0,83.61,1766.59,51,637,2,3.4570674529582126,-2.380298616764383,4,1.5633283537732507,2,0,1,1.3920848609037175,3.4333766494987845,0,1,4,0
49.0,43.2,2243.77,48,672,3,-0.05963695671909183,-3.8554516171303956,1,1.7183426600535512,3,1,1,-1.7196297584041484,-0.6961734517328676,0,1,2,0
39.0,37.14,1408.88,44,611,2,3.0362569735141927,1.1573107056393421,6,0.3839777215510781,1,1,1,-0.2776884195771628,2.0500694169412514,0,0,2,0
40.0,71.39,2911.35,22,715,5,-3.7206228289107957,6.658296207428933,2,2.7301603257335723,2,1,0,1.9152730772836726,-7.458415037701785,1,0,3,0
19.0,123.83,2214.01,18,850,0,-8.444443784979212,0.3024860452396168,13,0.6506308862590412,1,1,0,-0.24508111908840427,-8.732049602951403,1,0,6,0
46.0,97.69,4230.83,20,680,0,-1.6399865254564592,2.733857540019874,1,3.111306537931998,3,1,1,-0.35217653047047665,-2.7829516799608305,1,1,1,1
43.0,91.56,3762.34,42,732,3,-4.219903702823966,-3.422093446614305,1,0.18573559430994935,1,0,0,-0.3916218735823892,-4.341953066964729,1,1,1,1
72.0,57.85,4099.38,19,778,1,-3.473219929042688,-2.2049785797785666,7,3.2737097473055035,1,0,0,0.7449289909148057,-4.139846739423355,0,1,1,1
24.0,63.07,1603.03,50,621,0,3.027292721594578,-0.7833555027347772,2,0.8860767662913416,2,1,1,1.487228669278596,2.719247743479274,0,1,3,0
18.0,149.99,2811.84,40,668,0,-7.766986353919508,2.549000103966662,1,2.648522277055901,0,1,1,-0.5306553195568983,-3.2924331642832647,1,0,5,0
66.0,96.53,6203.39,39,559,2,-8.612222433142147,-4.824016558873394,1,-2.0589805682733875,4,0,0,-0.18242012725638418,-4.22546302715773,1,0,9,1
25.0,31.12,831.06,39,724,0,3.1572207057227497,-2.6655931753499487,9,-1.4316497371533692,0,1,1,-0.43029643556720143,-1.2186943743486227,1,0,1,0
60.0,127.62,8420.43,33,741,1,-7.674320553550499,1.427576691911307,3,3.609040225470131,1,1,0,0.306542966122346,-4.838278774067081,1,1,4,1
1.0,71.32,67.32,74,850,1,-0.5959915145118074,-12.45344077646322,2,-0.44951415993650723,1,0,1,-0.255228048980709,-3.3143278731276364,1,1,7,0
23.0,104.11,2329.92,46,569,2,5.530520318255479,-0.6856736704042974,1,-2.0463126392016617,1,1,1,-0.10429831031570505,8.0115592924136,0,1,2,0
27.0,112.33,2825.97,18,736,3,-1.2640382942210906,3.458853203022867,6,0.3419158049192509,3,0,1,-0.9152710061894139,-2.915086839479171,1,0,1,0
63.0,42.57,2537.79,25,591,2,0.8146401095454144,-0.7144156357111395,7,3.576963155366404,0,1,1,-0.9676551566247142,-0.4074899195743787,0,0,7,0
26.0,88.64,2523.58,65,687,4,-1.1714765856167895,-8.013483144579684,9,3.657719751596639,0,1,1,0.8131066317551693,2.5664907708969773,0,1,10,0
49.0,66.8,3330.74,65,607,0,-0.3990270793827877,-4.753072779612215,5,0.26459965150430165,1,1,0,0.5206381678113124,2.7349748492656825,0,1,2,0
46.0,94.24,4185.54,46,680,0,-4.36453532723714,-4.14777140405432,5,-0.8662472142338211,1,1,0,-0.010947332018192467,-3.029212321540514,1,1,3,1
9.0,102.87,956.05,34,654,1,0.3155247750161438,5.461402111134221,2,1.4581516553345337,2,1,1,0.23345552448619367,-0.49320314323089093,1,0,1,0
58.0,80.49,4246.53,21,571,1,-2.042228433568558,3.8194734913392536,11,0.8086833564530092,2,1,0,0.6437616537147836,-1.7687476421592612,1,0,2,1
32.0,19.99,576.54,36,624,0,5.394136379846829,1.9697441949233558,0,3.329929685949328,2,1,1,-0.8586742409905411,-1.8351754578170463,0,0,3,0
27.0,87.38,2235.03,47,546,1,4.0660621433869455,1.0422260668389685,3,0.7103111123052284,2,1,1,-0.15812202111130083,6.5139571877349,0,1,3,0
44.0,71.9,2853.2,51,651,1,-0.4472457455722766,-4.918784055874172,3,3.6528683213678494,2,0,1,0.7089411804307386,2.5277628142862394,0,1,7,0
1.0,106.47,114.91,66,781,2,5.728925318489633,-4.681902186290167,2,0.1570278414966053,3,0,1,0.7153471997514409,4.733898598123432,0,1,3,0
48.0,60.67,2880.1,45,615,1,-4.617864409200339,-0.6334169529693484,3,-0.5919678445749975,0,0,0,0.4938477716422142,-2.80008404538668,1,0,5,1
72.0,72.63,4774.18,30,642,2,-2.39268134006622,-2.7418459781717726,0,0.17048609567047557,3,0,0,0.44528148151848435,0.052311788114503176,0,1,1,1
1.0,68.81,75.32,47,794,2,-0.17914224307706944,2.007379743507451,2,-0.8070976555476098,1,0,0,0.24563101342331892,-1.2790512437414425,0,0,0,1
43.0,96.76,4120.24,31,697,3,-2.722059832375621,-1.6816369227965016,3,-2.3397448124867464,2,1,0,0.3984000958610959,0.971335926392823,0,1,3,1
1.0,115.59,116.15,41,652,3,3.521333431216847,-0.9565979313827844,1,-7.5830697803431555,1,0,1,-0.029411356119098966,8.371047467128154,0,1,1,1
70.0,103.24,6834.73,40,551,1,0.19269489406606527,0.687998118253566,2,1.8063101190949489,1,0,0,-0.2950458453904712,2.986856887796383,1,1,4,0
26.0,115.83,2892.44,31,685,0,-4.051467331533089,5.9395169468753455,1,2.8496902173251084,3,1,0,1.3946571222200346,-4.502450668995335,1,0,0,0
30.0,46.2,1407.03,19,631,3,6.896345871765483,4.679124918661828,5,-2.209629821123396,2,1,1,1.3376246037797381,0.70217786831894,1,0,4,0
68.0,38.49,2373.12,24,622,1,3.907574753791567,1.7710699519600037,11,-1.0322765962963016,0,1,0,-0.3748025018588783,-1.4802433119951146,1,1,6,0
20.0,55.99,1099.77,35,587,5,7.8875765441941,3.3154736981496966,5,1.4745552435160996,3,0,1,0.7751034069762416,3.9598851603157916,0,0,0,0
21.0,99.84,2056.78,57,699,0,-2.621488696207593,-0.1252634944823716,5,1.1086222948913211,0,1,0,-1.30280760438095,-1.2832410438036443,0,0,0,1
39.0,118.07,4285.83,42,536,2,3.513216383278659,0.030495693680261584,2,-1.8921283704140062,1,0,1,-1.7881765054246803,7.35769725530191,0,1,2,0
24.0,103.93,2293.74,58,758,1,-4.744356581787537,-3.1709158251888443,1,1.7633799770724985,1,0,0,-0.4221964818301122,-2.815153906789811,1,1,0,1
23.0,127.52,3217.48,33,735,0,-4.098993547130652,-0.785366481996006,4,-1.4546536204505278,0,1,0,0.7555171157510111,-0.5333537047115756,1,1,3,1
64.0,105.37,6534.5,43,561,1,-4.042282864584934,-2.219515856546801,0,-1.0246943170247786,3,1,0,0.896351873081852,-0.3424684106857968,1,1,0,1
63.0,137.32,9263.45,41,503,2,-3.6262138625046307,0.20649543882903823,1,-0.9287551146459669,2,0,0,1.124518925167043,2.8578442524171477,1,1,0,1
1.0,83.52,76.56,26,754,2,2.5322038277424364,4.749859886540419,0,0.16027546520485192,5,0,1,1.3060754765654858,-0.1194442259485908,0,0,3,1
1.0,95.74,100.13,48,723,1,8.46003916577829,-0.7256501626725507,1,-1.196116246699669,5,1,1,0.5695364369042587,5.19383959343655,1,1,4,0
24.0,97.59,2286.03,23,735,0,-4.076062372765783,6.853763508158308,2,2.184801636622592,2,0,0,-0.42633980275923916,-5.571704234107667,1,0,2,0
43.0,105.9,4319.23,25,632,0,-3.083587989388956,-0.40179772752994214,3,-3.3021578621978027,3,0,1,-0.8478558668775765,2.0657662117070403,0,0,4,1
60.0,119.51,6904.27,45,425,1,-3.5548037196727713,3.6752700150791564,1,1.9152646255477226,2,1,1,-0.36663850078169,-0.7394984008571259,1,0,1,0
62.0,90.98,5480.94,43,678,2,-6.1530217753678205,-4.6507885757878045,0,0.3085146919770777,2,1,0,-1.1110765315829958,-4.3240450057506,1,1,4,1
25.0,82.07,1902.26,18,752,2,1.2266097612900821,6.1586563558771505,0,0.6535116356659485,2,1,1,0.0876443550708316,-1.6196935095941676,0,0,4,0
38.0,54.81,2023.66,18,783,2,-0.9023612414437017,9.963856081677106,3,-0.07298810994636296,3,1,0,0.15972564178938575,-8.250350898478429,1,0,5,0
58.0,38.07,2116.16,22,542,2,3.670160296800275,11.354882369362668,8,1.8944548515813806,2,1,0,-0.059901775588143746,-2.3392819910826765,1,0,10,0
1.0,117.41,121.21,18,746,1,-1.9513729053043625,6.995795617840046,0,-0.4711397880197342,2,1,1,-0.23432960121011975,-2.568449721064814,1,0,0,0
12.0,141.74,1662.67,30,777,1,-2.4874638290918245,0.3372076911683503,4,-0.8321548756520641,2,1,0,-0.47649131717802073,0.9822072927884371,1,1,2,1
16.0,62.19,924.57,59,727,1,1.9019507527228945,-4.420344741069899,4,-0.820941551811413,1,0,1,-2.848526861429887,0.3338622862599011,1,1,0,0
14.0,112.44,1731.04,45,617,2,3.105763050425826,1.7880353906512407,1,0.0740478831256679,0,1,1,1.9726261021944993,5.880568528732292,0,1,2,0
24.0,84.94,2022.32,50,606,1,5.784260460443191,-2.3021934085551283,6,0.5193660563671507,2,0,1,1.5493721457715501,5.504732549657492,0,1,2,0
7.0,118.82,862.54,27,708,1,-0.7864027335585781,3.518826569897585,0,-0.2656818437515943,2,0,1,0.3461973787327738,-1.030381209452242,1,0,2,0
67.0,101.37,7469.36,41,553,2,-3.8869916813652003,-0.12843063264646792,2,2.5719172983772856,0,1,0,0.2525381426746744,-3.715515741668243,1,0,1,0
17.0,97.65,1636.93,54,644,3,0.8393402934628802,-0.9743696337262754,0,-4.348867830312382,2,0,1,-0.8610316479436748,3.064564883586992,1,0,4,1
3.0,149.99,434.35,41,673,1,-2.1510722980009405,1.6887923369162061,5,0.5858013929628635,3,1,1,-0.7101307150573316,1.9937157186609282,1,1,4,0
20.0,116.46,2497.42,64,632,4,-0.3445330281611952,-4.144962700000564,4,1.3143392320932095,1,1,0,-0.5986862074069379,6.33619318488631,0,1,7,0
5.0,77.99,364.72,37,850,1,1.8105006354023112,-1.1345488459905704,1,0.1742069234618514,1,0,1,1.0410184105215596,-1.9057128077348875,1,1,6,1
17.0,149.99,2773.53,55,712,2,-7.0299876782910315,0.20084946703952994,8,5.401773587189925,0,1,1,-0.5324140858834016,0.704214257518584,1,1,2,0
5.0,132.93,714.4,18,818,1,1.2154442654968975,6.144135335073803,3,-2.650546985108757,0,1,1,0.5576369254873667,7.337956442358014,0,1,2,1
48.0,68.66,3215.13,47,616,3,0.8948762615769127,-4.405729078806635,2,0.8456175495932372,1,0,1,0.2482186751135239,2.453361193528793,0,1,4,0
53.0,68.85,3907.34,62,633,0,-0.25912892126860454,-6.5293579180194685,8,1.1438856368800017,2,1,0,0.21037165111249287,2.344769294835513,0,1,2,0
61.0,42.7,2757.01,54,650,3,-3.2002172321035904,-5.173765612296086,6,2.4336493654247175,1,0,0,-0.5646413198278303,-3.011522610238205,1,1,6,0
38.0,93.12,3363.57,46,523,2,-0.2406240196901908,5.664115468465942,7,0.8987174551621024,0,1,0,-0.10666975326603993,0.6637911863137463,1,0,4,0
6.0,41.97,230.85,19,667,2,12.69088938322756,6.487257746791592,1,-5.1191581122214105,3,1,1,0.7105273184838469,6.1794768012433385,0,1,8,0
1.0,119.49,119.33,32,743,1,1.0866313969410248,4.814312891711077,3,-0.29541274091671943,3,0,1,-0.2660983498353848,1.2962040497176788,0,0,0,1
31.0,110.72,3600.42,41,539,3,1.8397334921186974,2.686414740294986,3,-0.40719421429543023,0,0,1,-0.41098218789007895,8.984201523843543,0,1,1,0
1.0,89.65,95.03,38,702,1,5.090194258228784,-0.14044745804556755,6,-0.07901627821278234,4,0,1,-1.640186276739586,2.943713680315809,1,1,4,0
69.0,110.03,7853.28,25,632,2,-2.9749589558526073,-1.6705563761561495,0,0.08175687839819057,0,1,0,1.182991545915699,1.9467708715559264,1,1,2,1
1.0,80.77,82.31,28,837,3,3.0902088707668343,1.767112899267974,1,-2.876737855390943,2,1,1,0.4011091347203565,-0.1452114687784613,0,0,0,0
32.0,59.2,1822.78,65,705,1,1.0876138668947049,-5.628128102420686,10,-0.40814034851087244,1,0,0,0.34770923205758336,0.4025911314254959,1,1,2,0
47.0,35.62,1548.22,33,593,2,-1.5300761625469246,0.4421473072253403,6,-1.0488946057632926,2,0,0,0.925408433330322,-2.716861007743701,0,0,6,1
62.0,55.19,3373.52,37,435,1,4.672847111771531,6.0449111268119635,2,1.0796644558566837,1,1,1,0.5555949527594324,1.2196210392312206,1,0,6,0
17.0,78.79,1372.08,44,639,3,0.9372282303457721,0.6125240007958503,4,-0.0120990318777352,2,0,1,2.139573662848416,0.41140789728258886,1,0,2,1
47.0,21.04,970.29,60,729,0,-2.64970429070617,-7.716863493138072,3,4.755776620536134,0,0,0,-0.3238998809511218,-6.427754894381723,0,1,9,0
61.0,124.27,8310.06,42,553,3,-2.563339410552535,-0.19663328180243056,0,-0.036654581349455984,2,1,0,0.8533454210352655,1.9370673798840325,1,1,1,1
20.0,85.2,1831.77,23,639,2,5.199030406896326,6.154900993657269,6,-1.1746316955595328,3,1,1,0.12092156394665649,2.816602476930267,1,0,4,0
27.0,32.28,869.18,55,732,0,-0.039055817834773625,-6.198457315739691,0,1.6966613371695423,1,1,1,0.4050995776689269,-2.3059974110555888,0,0,6,0
16.0,81.33,1180.8,46,573,2,7.1859770450901275,2.4940782565836868,6,-0.5191619935570232,3,1,1,-0.10644875767274875,6.005813056241351,0,1,2,0
34.0,63.6,1999.53,26,850,0,-1.2799282208941243,1.2236624483492577,8,1.4461950331785847,2,0,0,1.322838367734741,-2.829835152611773,0,1,5,1
40.0,87.05,3344.4,45,538,4,5.773058609862451,3.599320116364013,7,0.5453459957657587,2,1,1,-0.5552187892886112,5.990943088246235,1,1,6,0
35.0,55.39,2020.79,18,850,2,-5.462111406935264,6.393402434294774,1,1.347386657382166,3,1,0,1.5355775067363775,-13.799537274299793,1,0,2,0
24.0,68.06,1500.95,18,729,0,-0.4362134168041588,9.451975170474185,1,0.8229280777388921,3,1,0,1.4795765369904748,-6.3712543189461455,1,0,4,0
22.0,90.48,2150.0,18,759,3,1.1812338424381272,6.610762511473946,5,0.8145203910741595,4,0,0,-1.6151278134787825,-1.744145503730503,1,0,4,0
66.0,66.79,4266.83,18,547,1,1.1690360900261882,4.303417147917308,4,0.22064525564463544,2,0,0,-1.02024576422267,0.617729053939419,1,0,0,1
35.0,28.23,1048.74,36,629,0,1.0821371474311323,1.9778691732944438,10,-0.22786871011481324,1,1,0,0.9220475403927332,-1.593947258749529,0,0,4,1
9.0,67.63,551.64,41,585,1,6.474792648024245,4.334109072022828,2,-0.4168022737817759,5,1,1,-1.2419968127390724,4.262710938083472,0,0,0,0
48.0,149.99,7200.65,46,609,2,-4.739663123384153,1.7244037539364538,5,0.8599769956154394,2,0,0,-0.7729997832859707,-0.15178630366485285,1,1,4,1
23.0,63.66,1582.47,18,850,2,4.2380952858333725,0.05509931424408972,1,-0.6241791514498252,0,0,1,-0.37982369455836634,2.573207782359123,0,1,8,1
72.0,58.18,4100.06,21,602,1,-1.7925865423843037,5.064214175743545,8,2.0993704472088686,1,0,0,-0.2166458665142798,-6.289460878885808,1,0,4,0
53.0,48.63,2753.61,18,850,2,-4.645701973589703,-3.663690192134135,0,0.7454630656370668,2,1,0,-0.700534058570091,-6.159567003167787,0,0,4,1
50.0,77.6,3814.62,21,648,2,-2.2006231456586622,-2.2752008876398118,3,-3.6632610406571735,2,0,0,-0.504151633202222,3.7639434278793606,0,1,7,1
1.0,149.99,158.77,54,675,2,-9.385602038946502,2.1283557065395535,7,2.403155837516944,1,1,1,-0.20741133639083456,1.7309247947333575,1,0,7,0
15.0,102.95,1593.88,18,803,2,0.08878809211359334,3.6944798613900267,1,-0.29097584036207735,4,1,0,0.1936488795770472,-2.1500188367234343,1,1,1,1
14.0,75.06,1003.64,45,675,4,0.8473324615219989,2.6621317825267607,3,-0.1507336792065027,3,0,0,0.5468237127440466,0.902931353278635,1,0,0,1
12.0,79.52,1017.47,49,816,2,1.7493249891713258,-10.937387463632547,2,2.872737463398904,1,0,1,0.5126051715314337,-1.2643391416789784,1,1,10,0
19.0,72.54,1392.88,38,660,2,2.4937062129161855,3.7658575657014977,2,-0.11018363671872822,0,0,1,0.09509375044816686,0.8271024171964622,0,0,3,1
48.0,79.23,3521.73,18,743,3,-4.482656221571011,7.871503074354638,4,3.1308853115188575,3,1,0,0.5221091270653264,-9.106082901748145,1,0,3,0
57.0,19.99,1222.37,27,602,1,1.4922301560159796,1.4731918959849555,3,0.8816676822668326,1,1,1,-1.183837343487164,-1.9399959275145497,0,0,1,0
64.0,112.76,6601.65,22,695,1,-5.7381017375139525,2.123334621538539,3,2.453438047184363,0,1,0,0.9892123079801328,-3.619666099357868,1,1,2,1
6.0,129.73,789.11,28,754,1,-1.4882434798761783,0.5098913716436518,1,-3.959423390175116,1,1,0,-0.5126649670404597,3.6349515816495206,0,1,4,1
1.0,99.69,104.45,70,794,4,4.441795992466021,-7.0266198075262265,3,1.1634391020921315,5,0,1,-0.373096220905028,2.68390179380267,1,1,9,0
47.0,91.57,4174.71,51,582,1,-0.15395254288570737,2.2464254572106945,1,2.238566736016605,0,1,0,-1.5776594258042342,1.2836908843162804,1,1,4,0
42.0,64.84,2904.1,56,689,0,2.1432131948628808,-0.3300508859159006,1,3.9215215503224665,0,1,1,2.378081944407317,-1.029243110266386,1,1,5,1
72.0,114.1,8687.95,35,602,1,-7.381583837699733,1.3581906069463239,2,5.184356555641675,1,1,0,-0.3251540280195679,-5.692842732955007,1,0,0,0
1.0,106.91,115.8,46,818,1,-1.4915147409495864,1.390061160428814,4,-4.870132229729583,2,0,1,-1.854129876389647,-0.6208021755198484,0,0,3,1
23.0,97.68,2207.2,30,630,2,5.630835049660291,4.923982234633712,3,-0.04688104214346478,4,0,1,0.5143166806835874,4.2458668034242955,1,1,4,0
2.0,75.73,161.39,66,837,1,-2.0297001610116316,-8.984227248428653,3,0.7910646991290968,1,1,0,0.5647406850381776,-2.6181334000964678,1,1,7,0
9.0,49.93,453.86,48,850,2,-3.0090322440374173,-7.905842853226669,9,0.8294753587975437,1,1,1,-0.23840514314558495,-5.225680403706616,1,0,10,0
48.0,92.81,4664.22,54,501,2,2.7975857372258632,1.5015697502448917,0,1.4201809572195025,0,1,0,1.8106971973144455,7.567445984500549,0,1,0,0
49.0,59.78,2830.26,53,580,2,1.7155245489722972,-1.1357551462480076,5,0.2873769581413872,0,1,0,-0.16430874495194567,2.282102946181833,0,1,1,0
9.0,109.55,992.08,31,693,1,2.2258472046125983,4.04745173956296,2,1.3195144502645029,3,1,1,1.3594230674625511,1.8356335878860308,1,0,1,0
26.0,87.17,2392.68,49,518,2,10.437642513965772,0.6185210043341458,1,-2.0364948106840726,1,0,1,0.12881272787575637,11.22791551141722,0,1,5,0
68.0,53.1,3699.78,42,632,1,-1.928948919624394,-3.426812941887406,1,0.8315764740328904,4,1,1,0.6547378441046816,0.9897068497593262,0,1,0,0
48.0,65.88,2934.66,22,709,2,2.4041793945585406,3.855971519035052,12,0.8129283743062374,3,1,0,0.7857662489526909,-1.9167141462525379,1,1,5,0
37.0,87.05,2915.72,51,518,0,1.2053111736303233,3.4382945598642496,1,0.9016838856936924,1,0,1,-0.5690627578667465,2.5510562988572336,1,0,4,0
71.0,53.21,3430.54,57,637,3,-0.5892429023111346,-6.6197091865828135,0,1.6256438559348672,3,0,0,0.4673957300983491,-0.28552674659819066,1,1,1,0
53.0,102.26,5291.98,59,446,4,4.173169083581485,0.09344343152931826,2,0.9534379875142889,1,0,1,1.5586366600655972,7.567296789320716,1,1,4,0
61.0,66.7,4415.55,41,713,1,-1.2587036723773817,-5.468465784813848,0,0.5698878607228482,1,1,0,-0.28651831012249773,-1.8758911560609122,1,1,1,1
49.0,59.73,3037.8,42,715,0,-0.3529615905405662,-1.3973781001490813,1,0.9709939109805653,1,0,0,-0.6381488050463919,-1.0755957126732392,1,1,3,1
15.0,69.1,994.08,42,644,2,3.0209771193407713,0.7205806697714471,1,0.9251898775077612,3,0,1,-0.20745331691744825,1.6652000806455078,0,1,4,0
46.0,69.22,3281.8,49,581,0,2.918494818411148,-1.3872504860846089,1,0.02494185824600348,1,0,0,-0.2398241477420812,2.8067087058817197,1,1,0,0
48.0,69.96,3111.41,24,538,1,-1.3359569235927158,2.5315166170845442,5,-3.8151033031985713,1,0,0,-0.571470487308618,0.943384546725426,0,0,4,1
1.0,74.21,74.41,51,688,0,3.8240073920809796,-1.5027870060612267,6,-0.1609348667470557,4,0,1,-0.023187995738892683,2.2227942905276574,1,1,4,0
3.0,106.71,315.49,61,752,2,1.5435303252466641,-6.607460081924161,6,-0.352778569460077,1,1,1,0.02954388332506125,3.6226146735065035,1,1,3,0
6.0,112.16,632.13,30,626,1,2.2103107444772774,3.8623871571315176,7,-1.2684338786308853,1,0,1,1.377954965571854,2.127384110529058,1,0,1,0
2.0,100.96,191.48,58,705,1,3.2038398035597937,-5.921057650980764,12,0.8730421212525977,3,0,1,-1.7711607184923264,4.173956585831596,0,1,7,0
64.0,38.56,2649.94,20,792,2,-5.307436868698345,-3.2739992243264706,3,0.9031737362275528,3,1,0,-0.9248152828074632,-6.007801731600997,0,0,5,1
15.0,82.19,1270.5,47,596,1,6.313534563360019,1.3524638842564225,2,-1.0900275191040283,2,0,1,-1.1867806503700256,5.55868841989133,1,1,3,0
54.0,41.83,2202.1,29,565,3,0.7322194190168884,3.018432789708169,3,1.696615703647836,0,0,1,-0.5938690596274128,0.3996960360197279,0,0,2,0
1.0,92.14,89.0,80,825,2,0.8227850115063118,-11.889613048886462,7,1.6887596206982178,0,1,1,-0.17972384604322972,1.9600324205297979,0,1,8,0
51.0,27.42,1515.02,44,702,1,-1.0388091810754967,-4.847280538350908,1,2.73636387136213,4,1,1,-0.06697236362453181,-2.6573190045018222,0,0,3,0
59.0,58.11,3139.44,26,511,1,1.6788062524673895,2.142030709551748,6,-0.2160051997626734,1,0,1,0.15168670068883047,0.12979205384522477,1,0,1,1
40.0,94.3,3677.63,41,595,3,-2.7530478665203573,3.6949306314865997,0,1.9430890206163065,1,0,0,0.012024681188580378,-3.615962149989622,1,0,0,0
5.0,78.23,365.35,49,666,1,5.648728668019274,-1.4624200066583275,3,0.8699482158617518,2,1,1,1.8430591681118977,4.400841167657354,0,1,3,0
35.0,96.47,3475.02,52,711,0,-4.428430096863027,-3.886607037166818,4,0.6486004384426507,2,1,0,0.45564837781083556,-1.3001919520552139,1,1,6,1
18.0,84.18,1482.92,35,731,2,4.650848909042735,0.03468799637651377,3,-1.3130848814079497,3,0,1,0.8529545431913759,2.98713201086203,1,1,3,0
51.0,80.87,3802.33,34,761,3,-5.857947442355783,-3.110667446655658,5,0.36954906273949006,2,0,0,-0.04837705928399095,-5.962310722964387,1,0,2,1
17.0,118.21,2147.51,41,755,1,-2.3639536084277895,-1.4341093479084213,8,0.998011087022463,1,1,1,-0.49684175483182846,-0.9117100257470199,1,1,2,0
64.0,40.61,2486.91,38,539,3,3.6091732879478315,-0.4170698829044658,2,-0.01164683846071446,1,0,1,-0.16201876400645446,1.9444467024069827,1,1,2,0
38.0,61.07,2150.92,34,738,2,-0.48627549560723443,-3.765056158634522,6,-1.7224066507480682,1,1,1,-0.49864491619352597,-0.25159134151891266,1,1,2,1
21.0,94.16,1948.33,53,674,1,-0.5058822316281161,-1.7329848229922156,2,-3.039110613526912,2,1,0,0.2053079738244483,1.7641809626569853,0,1,1,1
67.0,74.5,5140.98,37,631,2,-5.8507130038265664,-3.5618519770732853,12,-1.1585371592754319,1,0,0,0.9937766792316614,-1.520270369725821,1,1,6,1
20.0,111.13,2118.35,45,816,1,-2.420144786712781,-3.80026144488245,0,-0.09868246885183518,2,1,0,-0.8097981154168832,-1.523390113249416,1,1,2,1
72.0,41.4,3166.35,18,409,1,5.432135081284195,8.390540511860646,11,2.8195101879235547,2,1,1,-0.7491637760688644,3.7640851642320285,0,0,0,0
21.0,61.84,1336.78,80,844,2,-4.343923075125233,-13.758295698122808,4,3.589868308143702,1,0,0,0.43413300681214606,-3.6286671624373987,0,1,10,0
20.0,63.0,1154.64,47,747,2,-1.4837678221769721,-4.013363971478579,1,-2.779441517972782,1,0,0,0.3708547624212034,-2.608208747568003,1,0,2,1
45.0,58.8,2466.31,63,656,3,-2.7686769932491613,-5.2362808577479045,1,1.9805411197449612,2,1,0,-1.1446268579327405,1.013879118321866,0,1,6,0
54.0,32.94,1759.52,56,669,1,-0.587153159979627,-4.422916182218099,2,0.3558113972991211,1,1,0,0.4341851723736976,-2.4905067143856003,1,1,0,0
16.0,78.02,1241.68,49,647,0,4.8388311687896755,-2.788761813749353,7,0.7488778392955351,2,0,1,0.3606341407562071,3.9290766893756177,0,1,3,0
60.0,64.85,4186.27,58,658,2,-4.076036349715003,-5.91236458894635,1,2.227021256004324,2,1,0,0.12327906775222376,-0.8262722092600888,0,1,4,0
53.0,37.1,1815.95,31,455,1,10.147356324052147,7.408319364632342,4,-0.1858923215028575,0,1,1,-0.22572578417063907,4.992749148913236,0,0,9,0
62.0,36.91,2413.98,49,687,0,-4.350368069393363,-3.3720091656852262,0,2.8856180442849744,0,0,0,-0.09469672430407819,-5.221746072661712,0,1,5,1
59.0,94.74,5269.87,30,659,3,-2.531698069319189,0.18335788785112372,2,2.0374420680381276,2,1,0,0.10972640889958475,-1.11522089566082,1,1,1,1
42.0,115.76,5249.94,42,699,1,-4.192831358186229,1.3952340065287745,9,4.566018777088351,2,0,0,-1.630171335376945,-2.5974264380434096,1,1,1,0
23.0,114.32,2547.03,50,611,3,2.1765862285782545,-1.2238179082008969,3,-0.42424190486111,0,0,1,1.4889949577163597,5.13675366468356,1,1,0,0
65.0,64.71,4294.73,32,527,3,-1.1454755219921657,0.05667413522217992,1,0.8525240709162316,0,1,1,1.3104857378583659,-1.280193587004505,1,0,3,1
1.0,149.18,155.04,37,767,1,-4.460342561962671,5.08466669013992,6,2.7128628160961976,3,0,1,0.16256230994680726,-0.638451036145327,1,0,0,0
72.0,19.99,1423.43,21,464,2,2.4324335381530853,1.8872620366330313,4,0.7749129113124644,0,0,0,-0.11962737771945951,-0.2551663667991503,0,0,2,1
49.0,27.29,1232.92,37,610,2,5.009292315333334,-1.1697088623681566,0,-0.29470944101788155,1,1,1,1.0165309425598525,1.0526199567014116,1,0,2,0
31.0,74.95,2267.73,32,650,1,0.13877606080281685,5.220898018312095,1,0.5537393211123158,2,1,0,-1.7621952278620974,-0.7513747213361648,1,0,2,1
72.0,50.85,3453.25,30,408,1,6.202815054688321,6.800925850992364,9,-0.21235742820245396,1,0,0,-1.7422580441776674,5.319219884683651,0,0,6,0
21.0,19.99,381.39,33,636,1,8.259610526859912,2.43506232591979,2,2.1147200654572056,2,1,1,-0.6406228762008961,-0.3920419472426156,0,0,0,0
46.0,93.77,4088.4,20,820,2,-7.179205290458611,-3.109449401538903,5,0.5266159936860867,0,1,0,0.5084449105084837,-5.578768157493571,1,1,7,1
15.0,95.53,1447.57,39,787,1,-4.7948919767196,2.863507782436905,2,0.5760822641052008,0,1,0,-0.44090368510346817,-3.821667703089441,1,0,1,1
11.0,94.17,997.34,47,628,0,3.4294878792211323,-3.1313376970578815,7,2.847141818447252,4,1,1,-3.0381151650450184,4.491878798175704,0,1,10,0
61.0,109.53,7104.02,64,520,0,-0.18253220305093595,-3.8466187531556146,6,0.9545511358355355,2,1,0,-0.8135053526605518,4.520547293869713,1,1,1,0
50.0,69.12,3563.26,18,591,0,3.4771675652162535,8.605069210037959,6,0.8884997226978797,3,1,0,1.7244451021051783,-0.3650177159411042,1,0,7,0
41.0,79.09,3362.82,78,736,4,-6.428443899985883,-10.797152707568495,2,1.9358313823427147,2,1,0,-2.1162029910336964,-0.7187122932388923,0,1,9,0
26.0,19.99,488.81,37,737,1,3.2421296829898614,-3.0947480125082105,6,1.180161033447229,0,0,1,-1.3773888809663357,-3.2466796466846013,1,0,2,0
26.0,92.28,2356.04,60,715,3,-2.7418193592399027,-3.597449745037947,6,2.016382121489163,1,0,0,-1.0324560385983816,-1.943262118508107,1,1,2,1
45.0,145.89,6568.17,30,615,2,-3.6802873821003184,1.2732866090014685,1,-1.3961491385896296,1,0,0,1.4045585620311374,3.4604129503788092,0,1,2,1
1.0,138.18,147.07,28,841,1,-5.428175451308468,-0.012094477958250775,4,-3.3051250991987215,0,0,0,0.5526348037542901,-2.73706732919814,1,0,4,1
34.0,118.15,3645.04,37,719,0,-2.2252983772284654,0.12682131657018506,4,0.26468104585421737,0,1,0,-0.4100714436504835,0.019393820762161063,1,1,2,1
45.0,107.7,5071.19,33,824,2,-5.001423677807731,-1.183815237995796,9,2.7333375617381206,0,0,0,0.31533491407774344,-4.715939314291159,1,1,1,1
45.0,112.98,5134.89,35,579,2,-1.9531023738171205,1.7269407017208767,0,1.7532246396774935,0,1,1,0.9923830337793592,-0.9565470908270627,1,0,1,0
1.0,139.52,128.53,28,850,2,-7.102047787917011,1.2116092996998493,13,0.45508290769735565,1,1,1,1.3247030953106864,-5.2268322727789975,1,0,5,0
44.0,60.29,2455.08,47,605,2,2.967837064606334,3.3531841456101588,6,2.4400029245811354,0,1,1,-1.2668387329347393,1.8662967324414663,1,0,7,0
32.0,27.1,809.13,29,592,0,4.686499770821225,5.689433975821456,3,0.3321012760156208,2,1,1,1.7157444002380369,-0.22599936687419797,0,0,2,0
40.0,33.71,1438.46,45,670,2,3.9824907627226747,-2.7010901273654504,6,1.3175113485802086,0,0,1,-0.356275230975334,-1.8505886805899683,1,1,1,0
21.0,95.28,2036.8,45,639,1,4.1269355511305195,-4.084442296484076,6,2.341925000974775,1,1,1,-2.144090784019927,5.5888632996764045,0,1,7,0
28.0,75.11,1963.19,31,693,3,-1.8601479618672812,0.4085113885862484,9,-0.663428877803471,2,0,0,0.8297687052960496,-0.7760523360658274,1,0,5,1
1.0,143.68,151.71,29,833,1,-3.4654328144515456,1.7522476742229767,1,-1.7198956305563105,1,1,0,-0.30195184055464636,1.1141621468014322,0,1,3,1
49.0,58.41,2926.86,52,564,1,3.231421731413116,-0.9082013055155663,4,-0.127664944184254,1,1,0,-0.22779085915863706,3.399677428673985,0,1,2,0
35.0,62.89,2185.86,30,547,2,7.083340059205887,3.2300428808588055,7,-2.886164544973432,1,0,1,0.6056139047052448,3.6876157661678675,0,0,4,0
33.0,82.87,2991.64,21,419,1,10.70116352194189,9.748195362523898,5,0.1357642281477759,3,1,1,-1.0103690657021756,9.726312433308834,0,0,4,0
31.0,46.44,1343.65,46,483,1,9.886830264599695,1.5901570175833855,11,-3.160178041317647,0,1,1,0.9334848801515315,6.422632313366204,0,1,4,0
36.0,106.82,3799.15,40,675,2,-3.825979078397297,3.5103777398542158,9,3.88924855134995,1,0,0,0.4026335287988202,-2.6484566534929814,1,0,2,0
54.0,26.58,1426.78,48,502,2,7.731502913261869,1.9025645090665788,3,3.1169956965544006,1,1,1,0.21775386079767556,3.873482213919355,0,0,3,0
1.0,119.78,129.21,46,705,1,0.905040296446611,1.2839525818902997,2,-0.9634279130318902,0,0,1,0.24955505620645402,4.3350830538745075,0,0,0,0
29.0,82.39,2312.52,40,556,0,4.501955256383187,2.3717715736799656,5,1.8158785787906728,2,0,1,0.08042462323817118,5.305160473426875,0,1,2,0
25.0,68.02,1608.22,52,642,3,2.238904250688899,-1.462832331123579,2,-1.2063431391164054,1,1,0,-0.32643767495231046,1.9443520092026096,1,1,0,0
69.0,19.99,1323.32,44,536,0,2.6375536386162373,-3.8943849115365063,2,2.0201046336684643,1,1,1,0.028163897451837876,-1.938449162399975,1,0,3,1
18.0,92.19,1585.77,46,521,2,6.4857592755284035,1.8838517357469267,8,-1.6212139261873562,0,1,1,-0.3224349646346597,6.943180714361267,0,0,2,0
21.0,94.88,2036.56,39,633,0,3.7307033941139816,0.7871469127227542,1,-0.557929385331199,1,0,1,-0.2860728153009572,3.423650577096131,1,1,1,0
13.0,68.64,905.27,62,760,0,2.5895707218513713,-8.344064182497267,7,-0.01707490934774225,2,1,1,-0.26887218747156516,2.684538087431911,0,1,3,0
54.0,46.28,2701.85,29,500,1,5.475091896404093,6.548423462355312,3,-0.3319644272715533,1,1,1,0.8248455453963723,-0.09120117341598837,1,0,6,0
20.0,107.75,2287.35,38,831,2,-1.293702322156319,0.006148129196167789,0,1.125076758029087,1,0,0,-1.7186870153802978,-1.0702589699171974,0,1,2,0
44.0,33.69,1555.09,18,696,1,2.896288042005807,6.897298635440521,5,-2.108706741903293,1,0,0,-0.5434578653026896,-4.8764722724295435,0,0,5,0
60.0,44.61,2920.2,49,458,4,6.512518430566795,5.880456130818655,0,1.6157000194330715,1,0,0,-0.29431131336501787,4.140902812834209,1,0,10,0
45.0,130.43,5789.03,67,394,1,7.389121264918396,-2.8947369200558377,0,-0.9797517580050784,0,0,1,0.06446332099483815,13.982772725889799,1,1,2,0
34.0,74.4,2720.23,31,658,1,2.0194179869951516,1.146581076273552,5,-1.5037263637299962,0,1,1,0.13123909148321133,-0.5545338478760174,0,0,1,0
52.0,19.99,1024.32,43,514,1,8.993742535281825,2.8372639087646507,14,1.0446367396798528,0,1,1,0.4322795799833157,2.9093400338619566,0,0,6,0
1.0,136.64,129.63,32,818,3,-0.5468126023828553,6.322253643271917,0,-0.6862102733068068,3,1,1,0.46658028772407095,2.0716903586321007,1,0,1,0
46.0,19.99,909.88,71,771,2,-2.9482937080291727,-9.555640678121678,1,-0.2656542580951021,3,1,0,0.8318094066758792,-6.334280916257523,1,1,1,0
67.0,46.67,3179.52,18,661,3,3.0614407689042644,5.502183992284227,1,1.5513484429805928,3,0,0,0.07363476165278673,-2.914824925421553,1,1,7,0
36.0,67.13,2325.29,18,721,1,-1.2874300093954651,8.281433963580719,0,1.7385767973477928,4,0,0,1.3121388829611749,-6.878714272397879,1,0,4,0
4.0,75.44,271.64,30,737,2,3.0103138331438952,3.6268388949972445,3,-1.6360367885866114,3,1,1,0.18570662488720596,-0.301815811231602,1,0,2,0
53.0,60.46,3188.92,18,589,1,-1.498839061016784,5.850772537052685,5,-1.223365270993717,0,1,0,-0.4896166253999076,-1.3412134734375742,1,0,2,1
7.0,124.58,868.51,36,659,1,5.44978556799878,0.6179500615144062,2,-2.7306601620961115,2,0,1,0.9984712014387791,7.039981068151923,1,1,4,0
47.0,97.75,4479.26,47,593,2,-0.8741306108955194,0.14093408871891566,5,1.4732451587691608,0,1,0,-2.7424197611420005,-0.1678730134684997,1,1,0,0
61.0,111.57,7364.76,39,640,1,-4.463456640405697,-2.059648055125795,6,2.6624264530027113,0,0,0,1.297381950738203,-3.1244769557846173,1,1,2,0
33.0,66.32,1972.58,26,742,0,1.2761613185260312,2.789544344266471,3,0.153647040244409,1,0,1,0.029062170422353928,-1.575934480406318,1,0,4,0
20.0,33.95,715.25,43,675,1,2.600679014316974,2.288174994058431,13,-1.3994390886838093,1,1,0,-0.7327901165699896,-0.7531294962412287,1,0,2,0
20.0,148.01,2862.73,62,617,2,-3.111046934607093,-2.7334657185818285,9,1.5570227518871578,1,1,1,1.9576976793072955,3.2728105121053312,1,1,4,0
18.0,99.49,1715.14,18,850,2,0.21135630113990417,-0.06063175646244917,7,1.0152412588060344,3,1,1,-0.387749145105116,1.8825262480176628,0,1,2,1
72.0,69.61,5431.66,54,568,4,-8.110617241250731,-5.811712653179979,1,4.393356745145655,5,0,0,1.227962486937219,2.2780986457046057,0,1,8,0
55.0,72.51,3985.36,54,468,3,4.1539488068324175,3.2564002660260427,5,-0.48968176581871725,0,1,0,-1.5035460456998275,6.817364309559208,0,1,5,0
45.0,82.66,3879.34,21,725,2,-1.1875327035094514,4.7201230710742355,3,2.277496282310894,3,0,0,-1.9278201807581086,-3.5016952676201263,1,0,4,0
29.0,104.36,2982.79,50,610,2,1.1194660766776963,-1.7934948586825217,1,0.6514782593215531,1,0,1,-0.9915804700153645,5.536914307318158,0,1,3,0
25.0,33.05,844.96,35,576,4,5.601780942562945,3.8998724376130376,11,0.37137021376035073,1,0,1,-0.04364666078960508,3.1677504701223187,0,0,1,0
9.0,64.49,621.07,60,747,1,2.5637693365964496,-5.799011763370072,8,-0.2903525090860536,2,0,1,1.0799730295236094,0.1998926586150103,1,1,3,0
53.0,55.66,3111.12,58,665,1,-0.6618164253179287,-7.111164574995274,2,4.6073612890965085,3,0,1,-0.5811793815439197,0.5426435423291144,0,1,7,1
1.0,149.99,145.51,49,704,1,-6.982198660900637,-1.7592603353864376,9,0.4206103696718183,1,0,1,-0.07612224563916106,1.5321603729895197,1,0,8,0
1.0,75.01,72.33,54,713,1,6.798942285040345,-3.6606664449171586,5,2.0201272504831977,2,1,1,0.6581738752116166,3.211051964774962,0,1,3,0
48.0,71.2,3519.15,80,705,0,-2.6394620319662225,-11.327095184149032,5,0.9448722595967914,3,0,0,-0.4348926183191095,0.9808078242872956,1,1,3,0
37.0,96.32,3459.95,31,583,1,-4.6022825436415955,-0.24945188081295036,3,-4.132980711132137,0,0,0,-0.8843693659602555,0.415711418305997,1,0,8,1
54.0,78.29,4544.66,28,680,5,-4.029376437198408,-3.983892324457344,3,-2.028830376900304,2,1,0,1.9835091328668157,-1.706842970851338,1,1,5,1
19.0,50.15,897.74,56,649,3,2.915438158170749,-0.01252489422542872,0,1.1047132926465473,0,0,1,-0.6131319775180667,2.3619905765129423,0,0,1,0
72.0,19.99,1439.3,30,490,3,-2.6262342929375393,-0.9967101624574373,5,3.4879912836046,4,0,0,0.2509210587395649,-2.252015470874148,0,0,2,0
26.0,90.32,2434.45,39,602,2,-0.6865538527963057,7.232871273514108,1,2.540409095749833,2,1,1,0.5119180145321871,-1.5276009653323943,1,0,4,0
31.0,95.15,2916.67,47,528,0,5.713729924035795,2.18484896008966,9,3.097156496944855,2,1,1,0.35370499351293233,7.454976384826116,0,1,2,0
50.0,97.24,4546.78,38,668,0,-6.537753992004721,1.3354032100535194,0,-1.2403666552715116,2,0,0,1.520496653399392,-2.1496716932873414,1,0,0,1
72.0,88.95,6969.54,64,352,2,-0.4555941847262907,0.18417365887779172,2,4.049586484289574,3,0,0,-1.0239454602413933,2.793926224313485,1,1,4,0
43.0,117.94,4986.17,24,726,0,-3.050539874379854,0.6856557750732479,7,1.3798581150186189,0,1,1,0.6301687190814356,-1.7294737405043679,1,1,0,0
72.0,61.48,4379.0,52,350,1,7.960161100441516,3.135385465275344,3,1.3393594777595346,0,1,1,0.5402662582784524,6.760525648193905,1,1,7,0
34.0,59.16,1912.48,18,703,2,5.010192816170918,6.00526553056204,3,-2.328144685403235,4,0,1,-0.42940964083406985,-1.2616641065317047,1,0,5,0
36.0,65.49,2251.36,64,560,3,4.166165794824268,-1.8382258018269755,3,2.8543364294549134,1,0,0,-0.6565107573138006,4.736244847694669,0,1,2,0
62.0,34.65,2285.03,18,447,4,8.016674725417335,7.34404612595355,8,3.4935181735024177,3,1,1,0.3491790833351973,3.250994952911901,0,0,1,0
1.0,149.99,160.37,23,850,2,-8.024949203137787,3.217072237079865,4,1.1416208320438512,2,1,1,0.44104650757993186,-4.581398162410013,1,0,6,0
26.0,93.19,2531.59,38,562,1,0.03835749294580698,5.098626258893509,4,0.1744617564020743,1,0,1,1.0903197268407256,0.3043843051704079,1,0,2,0
43.0,114.7,5396.38,32,702,3,-2.163728255957595,0.055865767459560255,1,1.2366905446198149,1,0,0,-0.8337873861438803,-0.21077065048336072,1,1,0,1
35.0,38.9,1392.48,18,534,3,7.478671118924578,11.106856375916728,4,-0.9023560282768105,3,1,1,1.2879346324028553,0.23535287532022775,1,0,8,0
56.0,91.14,4758.57,46,462,3,1.7445874291473773,4.6645738250037505,5,2.2619636622718384,0,1,1,-0.2520580282720529,1.9510128774918214,1,0,4,0
28.0,113.5,3347.92,21,676,3,-2.0688290980805792,8.245897716323478,9,2.4330577536736455,3,1,0,-0.6294413561077905,-2.5908379792527407,1,0,3,0
72.0,31.52,2380.61,61,593,0,-8.459403088266901,-6.202337519138417,0,3.0754282515197535,4,1,0,2.1854323910680535,-3.7377782986465524,0,1,6,0
5.0,82.23,398.08,18,567,1,8.635379733294467,7.304524570925932,1,-4.80585787844228,3,0,1,1.196356517949093,4.382008004785997,0,0,2,0
39.0,62.07,2224.79,35,518,0,5.036607996410039,5.36390468029766,0,1.038840446536954,0,1,1,-2.5784170293672224,5.687614388275174,0,0,2,0
72.0,75.06,5708.75,31,623,0,-6.807727807631553,-3.3592331899371053,2,1.3372028009509531,4,1,0,0.6489375135468759,-4.844366547669706,1,0,2,1
47.0,80.85,3857.72,46,589,1,2.3722411390811966,0.2549999707937949,9,0.8540338821769659,1,0,1,-0.19390567790966046,1.7123131472861457,0,1,2,0
41.0,46.84,1994.34,37,635,0,2.721075182497207,0.21474982270754295,0,-1.346941022026559,2,1,0,-0.9729301345630564,-0.4536382931809246,1,0,2,0
42.0,102.23,4416.56,34,649,2,-4.110133455715858,4.186903576076378,2,2.150726602756913,0,1,0,-0.2578113670415311,-4.413517191527326,1,0,1,0
1.0,72.6,75.39,65,850,0,-0.331733743193863,-11.522107210654,5,2.277461532328736,3,1,1,0.9820774805738993,-3.712495563448369,1,1,10,0
43.0,19.99,880.8,49,589,4,4.758044312762121,-3.84854943372464,8,2.122308872025454,2,1,1,1.2017074044205496,-0.2219672262545892,1,1,4,1
41.0,138.63,5399.65,56,647,1,-2.829626771003029,-2.9385020615790456,1,1.0942730894976562,2,0,0,-1.3284253110738513,0.3548217185120181,1,1,1,1
46.0,65.95,2769.46,34,468,1,9.907194749010063,4.956265986626052,1,-0.529752373448186,1,1,1,1.0781359301508622,7.853292056242289,0,1,7,0
1.0,90.18,96.67,18,796,1,4.760868056117293,5.663950662815552,9,-5.525212836247435,3,0,1,-1.2923075912909934,0.19867837396169255,0,0,0,0
54.0,19.99,1040.66,57,647,1,1.262032551172391,-3.8381002022223063,7,2.2190170841052255,3,1,1,1.4690902725820711,-2.0056672741075254,0,0,0,0
68.0,74.4,5150.26,42,444,0,3.6026123195076494,2.664301782553075,2,0.04377408218522838,1,0,1,0.9668745544013315,3.163951881721985,1,1,4,0
1.0,95.64,105.15,62,824,2,3.0088240195655347,-5.964292287036077,6,-0.6544497189144588,5,1,1,1.5198562773851099,0.8876542473122653,1,1,6,0
22.0,84.28,1886.3,40,704,2,-0.05501808721403041,2.562555176937378,3,1.8885302639339758,3,1,0,1.1731141865938506,-1.727353890102477,1,0,0,1
27.0,135.62,3873.73,35,795,5,-6.631073271178038,-2.948765995775145,5,1.1243918141338658,2,1,0,0.6591049302302946,-5.671193360642502,1,1,4,1
46.0,42.91,1867.28,42,514,1,6.972244020940158,2.9681596449067444,4,0.43541514528155995,1,0,1,1.0690102211961698,4.431399977098427,0,1,3,0
22.0,102.97,2360.91,31,730,2,-2.674498652146341,2.734724320811625,5,1.0728328366478999,1,1,1,-0.9256914526049214,-2.8341881573852197,1,0,0,0
20.0,149.99,3295.08,44,681,2,-4.030689903445341,-0.6375704927751913,4,2.4911547756257675,1,1,1,1.3194927111410044,0.9082569475730338,1,1,3,0
30.0,25.47,779.94,20,675,4,5.9977866152353165,9.143912343470417,4,0.12735105307559902,3,1,1,1.0930052030854547,-2.3637559663478678,0,0,8,0
12.0,84.76,925.77,34,716,0,1.2062203973759316,1.3828122563097072,5,-1.0034739644554445,1,0,1,-0.7168507128636109,-0.6478384047235811,1,0,0,0
50.0,58.31,2654.11,38,528,1,-0.3183243759802656,4.270530120801715,5,0.21667085179145318,1,0,0,2.3355863712871447,2.223049874364934,0,0,2,0
11.0,76.77,879.16,51,717,3,-5.460265718194797,-1.9434828314438979,5,-2.1532516958611065,0,1,0,0.1576196853486939,-2.9627378768753108,1,0,7,1
46.0,86.61,3834.56,32,617,2,1.0657169520971763,2.5311137597139153,5,0.8240198644010845,0,1,1,0.9603549419164392,0.4683736989866732,1,0,3,0
72.0,70.85,5081.63,18,524,2,-4.374559479331547,1.9956743960340244,1,-1.0802780797603342,1,1,0,-0.7373299975852656,-1.7996982290543149,1,0,5,1
72.0,33.67,2229.99,37,402,4,-3.2966754358645436,-5.51443230464914,4,-0.7147416110559729,3,0,0,-0.30637046555306874,-0.9560239390222666,1,0,7,1
72.0,21.38,1505.8,20,751,2,-1.6485085514003734,-5.985428334844321,8,1.850825918309638,1,1,0,-0.4074887949483181,-3.1166114566057734,1,1,3,1
47.0,19.99,1022.41,35,702,2,-1.0540348292886308,-1.7887586164495564,3,-0.17329669075155352,1,0,1,1.1354159062128495,-4.5874696208512225,1,0,1,0
1.0,75.87,82.59,57,684,1,5.466062802838874,0.48148910048730925,6,-2.737282926059098,3,0,1,-2.0416872385972753,4.490278201664142,1,1,1,0
27.0,82.73,2102.41,33,618,0,3.092947704482876,4.98989820901066,4,0.36929471159347,2,0,1,-0.2837549103088548,1.6721689014223078,1,0,4,0
1.0,132.99,137.67,47,652,2,-0.8101180130906475,2.1816493930368672,1,-1.387563688215601,0,0,1,-0.3245740215639979,3.0555759317792557,0,0,3,0
1.0,54.57,58.15,73,815,1,3.1308537572707964,-7.100454314515554,0,1.1330412795928575,1,1,1,0.7174957481416862,-0.20048309806973974,0,1,4,0
1.0,149.99,141.6,28,825,3,-7.282487264663058,4.905419416471743,9,2.6927679710166776,2,0,1,-0.4584711143809583,-2.790802946408335,1,0,2,1
61.0,19.99,1204.55,31,646,0,3.992832409560498,-0.38679174085962525,11,1.999776500241969,1,1,1,-2.079524858632955,-4.573040411046426,0,0,2,0
1.0,149.99,157.77,36,759,2,-9.028458590518648,-0.14415175937572994,5,1.336801786111637,0,0,1,-1.9344294343315704,-1.66957999727766,1,0,9,0
31.0,52.73,1626.52,48,675,1,-1.1269794204995545,-5.42754207858104,2,0.928292503159882,3,0,0,1.1154616006282236,-1.6272370179917293,1,1,9,1
25.0,45.09,1060.05,28,850,2,-3.8196038683058147,-3.8767377748004073,1,-2.129951282395469,4,0,1,-1.2464619753620054,-7.247953990947138,1,0,0,1
42.0,107.66,4396.72,32,704,0,-3.3000275074799617,1.899642900123881,1,2.2819465566137898,0,0,0,1.0514878427722731,-2.875327909062854,1,0,0,0
15.0,138.59,2217.58,18,850,1,-3.558782592174835,2.670164173912621,7,-0.8264299151217184,0,0,0,0.09081131326313668,0.4668597446445864,0,1,1,1
29.0,143.1,4158.56,43,587,2,-4.544710670006563,4.915932243473843,3,3.5315617114178584,2,0,0,-0.3287286159408466,-0.887048798264515,1,0,1,0
20.0,115.05,2445.57,27,673,2,-0.6048969572275271,2.964751317902909,9,-0.8144181513852763,0,0,1,-1.0596446018498737,-0.10501796649142264,0,0,1,0
24.0,77.47,1852.04,45,794,4,-3.562762098349428,-5.415799284476815,6,1.6368502232673818,4,1,0,-0.8853720200705061,-2.462923458961899,1,1,9,1
26.0,85.82,2108.3,26,752,1,-2.032258396316666,4.103729138622396,8,1.7912651907247428,0,0,1,-1.0453956705110785,-3.601419801627415,0,0,2,1
10.0,95.66,1042.15,50,567,0,4.28493072027848,3.027227546961415,12,-0.9802800021955816,4,0,0,0.3109215349808246,6.979726408794899,0,1,1,0
58.0,48.63,2895.94,38,581,1,0.32325992239978873,-0.0970606480735055,9,-0.07100096758495167,1,1,1,-0.6851852361989732,0.0624590842090193,1,0,1,1
51.0,40.8,1966.22,50,710,1,-4.9083054170227625,-7.969758955300019,6,-1.9682864400566373,3,0,0,0.17537382347795108,-6.57150060655502,1,0,5,1
45.0,34.13,1509.75,18,639,0,6.269190225113624,5.260571193938244,3,-1.5422055661822287,2,0,1,-0.9173043342434567,-1.758003065328989,0,0,5,0
72.0,92.93,6581.01,47,497,3,-3.947564219677475,1.5563676080139044,8,5.543059613791251,1,0,0,2.1387117958919863,-2.175629069976903,1,1,4,0
31.0,118.02,3594.52,18,720,1,-1.9016683756566353,6.975595893989781,2,1.8378783035436579,3,1,0,1.0200816888505173,-2.9527784621305173,1,0,1,0
72.0,42.27,3324.77,25,772,1,-6.688464858734583,-4.163535793597857,1,1.9151497514058007,3,1,0,0.07614831907644785,-8.910924878122296,1,0,3,1
72.0,97.35,7180.12,44,456,3,-0.069454655102697,0.23431628901130028,13,3.442282999935204,0,0,0,0.2722471766761479,1.5851940943918679,1,1,4,0
1.0,116.31,120.62,32,677,3,4.030812327503242,4.321732550894177,3,-1.763338009544651,2,0,1,-0.7206763002804321,5.482129343059903,0,0,2,0
47.0,119.27,5444.98,30,707,2,-3.74706086662339,2.4461186785262803,3,2.5844247472798254,1,1,0,-0.40223653658552544,-2.183011884146852,1,1,1,0
72.0,62.08,4542.59,40,627,0,-0.7322073401117154,2.3353156982067746,3,4.108566571552704,2,0,0,-1.7996302614385087,-3.5029221639151076,1,1,6,0
1.0,91.44,89.99,22,833,1,1.308673270968998,3.9403134295533135,6,-1.951108757846728,2,0,1,-0.15604987664282455,-0.994241758795712,0,0,1,0
72.0,84.48,5863.79,24,705,2,-9.490996594929447,5.162079555181278,1,6.447220879463043,0,1,0,0.4894697325922399,-12.173687762466635,1,0,2,0
56.0,86.11,5236.97,45,591,0,-2.8489182338892602,-2.562187925876375,3,0.5579847643689133,2,1,0,-0.840444067013725,3.7277370010409174,0,1,5,0
72.0,47.69,3372.82,23,662,4,-8.563413176859124,-6.96452911184314,1,3.32451825383358,2,1,0,-0.3589171948661268,-8.205542353353,1,1,8,1
38.0,84.5,3286.7,65,642,2,-1.2897736775169528,-4.835797281378489,0,0.8221974969616711,1,1,0,1.680457265097903,2.176378925720016,0,1,3,0
72.0,73.09,5092.14,30,601,2,-1.3632469807546643,0.3436257650643095,0,2.7940323168119883,1,0,0,-1.0740526730546416,-1.1747481104886928,1,1,1,1
62.0,32.72,2211.56,20,479,0,5.566635281292502,6.4735074387528675,0,2.479247020396117,1,1,1,0.23460830936723895,4.198867409587175,0,0,1,0
44.0,86.35,3819.6,49,684,0,-2.2798378033582085,-6.368049962935218,4,1.4589605904083538,1,1,0,-0.14096563917356797,1.1179583822420298,0,1,7,0
20.0,46.72,919.11,32,541,0,11.506404926368399,6.307790275303244,1,-1.8900052581200568,2,0,1,-0.2579222149838487,6.064498372031351,0,0,8,0
1.0,101.53,110.57,62,682,0,6.386069808511809,-2.3850967482752377,2,-2.7213635402595338,3,1,1,-1.0824896758439242,6.975805794711182,1,1,1,0
40.0,83.2,3620.44,61,637,0,-0.4027219306692162,-3.90557794920562,1,3.6344542277321055,3,0,1,1.3257522135009334,4.05893232306495,0,1,5,0
1.0,113.6,115.04,78,720,0,0.961130179039147,-6.137072051282991,3,1.588505908010228,0,0,1,0.1269704729312537,6.0562870843220065,0,1,6,0
30.0,88.04,2628.39,51,800,5,-4.468771093090513,-0.39537910615924193,1,2.5538692640253395,2,1,0,0.6555231558635825,-4.41496281421097,0,0,3,0
28.0,142.29,4308.9,35,701,4,-4.517444081961527,2.236756872246385,2,2.3188106595240123,1,0,0,0.3900209732629274,-1.0182111513731378,1,1,1,0
57.0,70.43,3875.05,31,584,2,-5.470417086202285,0.9914556121351452,7,-2.0466892999402684,1,1,0,-1.0679529121533147,-2.359473207272929,1,0,4,1
15.0,134.71,2024.63,40,719,3,-8.114706344929855,6.587100511304397,3,4.898538245859736,1,0,0,-0.5573410614677611,-5.023750556788815,1,0,0,0
1.0,149.99,148.06,26,702,0,-2.5409601428749475,3.9509775599116033,10,-2.436777815107846,4,0,0,0.39047021776030144,7.359242644160309,1,1,3,1
1.0,91.65,97.35,80,850,2,0.17190211890909599,-10.996877380284802,1,-0.08899226183240594,0,1,1,1.1149219108189388,1.0280660966311865,1,1,5,0
18.0,53.72,900.2,36,850,2,-3.072719601545459,-4.4624641193673495,5,-0.4090750438767194,0,1,0,1.1403350774553112,-6.079732864980396,0,1,5,1
18.0,106.22,2004.43,61,661,1,1.0633987029442684,-4.134389780428898,5,-0.09762375211283669,1,1,1,0.901349784270242,3.8830023565818754,1,1,1,0
47.0,121.46,5888.11,36,644,2,-5.505250479784102,-2.6167302642697,6,-1.8820576643149254,1,0,0,-0.41552312958108695,-0.3466605564224549,0,1,6,1
72.0,89.83,6240.68,38,588,4,-2.9009935286272963,2.451739952345468,11,5.274057049379658,2,0,0,-0.8898575447276303,-3.53856676508583,1,1,4,0
44.0,92.31,4273.05,28,651,3,0.15461532988358484,4.002047185164139,2,0.34370999837103877,1,0,0,0.1382245626100603,-0.9422186989087197,1,1,3,0
35.0,145.98,5476.17,54,550,0,-4.03655360145623,1.7970179572038696,8,2.9800890150592756,0,1,1,-0.26701487016988673,1.5426924462582767,1,0,1,0
17.0,79.98,1446.55,35,561,0,9.14249622530899,3.4925802538567026,1,0.14631782556049455,1,0,1,0.4110084061569001,8.146597382505625,0,1,3,0
1.0,134.02,133.43,64,850,4,3.7063002559659517,-6.438870193190064,9,-0.3940994031909292,4,1,1,-1.906599545836441,6.006343756473439,0,1,9,0
39.0,69.76,2787.24,25,571,0,-0.631327212993125,1.8922597761046351,7,-1.5774946603658262,2,1,0,1.56670599704046,-0.09064676208156588,1,0,6,1
20.0,89.56,1768.56,18,772,1,-1.4734958595335708,4.046795519453029,8,-0.3070217451140248,1,0,1,0.2510361368185313,-3.777316773824049,1,0,1,0
50.0,52.14,2862.98,44,580,0,1.7992237671051055,-0.4404426273750801,7,2.2759785196257876,1,0,0,-1.1847984619593455,1.1143868940031123,0,1,3,0
27.0,93.79,2568.23,39,516,2,6.3316474430056084,0.8929673055456745,2,-2.5742364059185885,0,0,1,-1.6952503211284262,6.567705658712329,0,1,1,0
72.0,50.83,3727.04,18,502,0,2.665624175548203,5.85658078213402,7,0.547164942643156,3,0,0,0.6585749160612536,0.5402354216801957,0,0,2,1
34.0,88.76,2717.69,49,589,4,3.810790252103264,4.191724026605665,5,1.3023529635287803,1,1,1,-0.42284745098666,5.401062780368555,1,1,7,0
1.0,74.83,81.78,42,758,1,9.53631016106789,2.2492820642153517,9,0.06424167706742656,5,0,1,0.10208424463121282,2.3472487875779398,1,0,5,0
6.0,85.59,477.06,40,819,2,-0.3239263814827578,-3.2346251215059216,0,-3.016298031979602,0,0,1,-0.4694425791855645,-0.6866394026200178,1,1,1,1
55.0,19.99,1096.27,49,731,4,-5.465376276613769,-6.989413717628743,1,3.694926294521692,0,0,0,0.8634391540225157,-8.176889405581766,0,0,10,0
18.0,58.91,990.87,55,732,1,-0.5226667352519277,-3.6006534263075913,2,-0.5696610864788753,2,0,0,-0.479968638761004,-2.0147823620894907,1,1,3,0
2.0,71.29,135.58,46,825,1,-3.0485279839170762,-2.4351352393240218,6,1.3924260931233927,1,0,1,0.3192520958758813,-4.593058236886412,1,0,4,1
18.0,66.65,1143.85,18,763,0,1.0172582030892086,12.146590238248411,2,0.05881708492613247,4,1,0,-0.08865247916781502,-5.1742152249408555,0,0,6,0
72.0,84.44,6632.37,41,350,3,-1.086470344443471,4.726937077113531,4,3.9190874529382955,1,0,0,0.31789109574235086,-0.889288396507205,1,0,4,0
1.0,73.25,69.34,44,614,2,8.32266805446241,1.9358711872555348,2,2.9559223280094153,5,1,1,-0.277895371570318,6.133898807436475,0,1,7,0
1.0,149.99,140.14,21,738,2,-1.1220183633129157,1.0723028880916277,3,-6.146698416824769,1,1,1,0.5110522751490708,6.68688078380286,0,1,4,1
62.0,41.03,2498.44,40,570,2,4.634638147812198,-1.635747505685682,1,1.5807173729829593,1,1,1,0.3529515811204596,1.269367243321487,1,1,2,0
52.0,49.04,2535.58,21,447,1,8.32822092373532,7.667380323085069,11,0.7746491201954152,1,0,1,-1.4575952083892307,5.227108974035013,0,0,4,0
61.0,41.71,2626.54,52,499,3,2.1836520265157837,2.198394591973518,3,1.8280076197287904,0,1,0,0.26202488083267483,2.7194751203794274,0,1,0,0
60.0,82.6,4596.4,47,595,1,-4.601420752879903,-6.708255238818104,9,-0.369180473409206,0,0,0,0.35026610981176515,-0.5988009861238058,1,1,8,1
47.0,61.42,2627.29,59,597,2,1.5277489650544196,-1.722579215220688,1,0.8459971143423723,0,0,0,0.007526888946156536,1.8291968435629167,0,1,1,0
28.0,89.1,2270.68,48,491,1,0.09930612334160907,2.6759392675957736,6,0.47011649399995653,2,0,1,-1.508914359674572,0.07446578621811292,1,0,1,0
1.0,149.99,145.55,44,850,3,-0.41804066286784497,2.2191043447353946,1,-4.990621871532799,4,1,0,-0.866692710085359,2.1867642198019284,0,1,1,1
24.0,75.28,1860.8,41,646,0,2.233598898682961,-1.1124366384804878,10,2.0211782498022317,1,0,1,0.5742944972872498,3.2126893258792983,0,1,6,0
55.0,19.99,1168.2,45,774,1,-3.8055817277698734,-9.258674106059226,6,-0.9421444584657042,2,1,0,-1.4593689173854547,-7.51067179760238,1,1,7,1
19.0,48.46,849.06,53,670,2,0.5071326384313448,-5.032891150291167,2,-3.99598744567245,1,0,1,-0.6087783233083427,-0.8259254959012508,1,0,3,1
41.0,100.45,4210.44,25,727,0,-0.014348086621706837,3.981811833592882,0,3.0765796330051356,2,1,0,-2.12632774132722,-0.339157243104638,1,1,4,0
38.0,73.86,2744.31,57,740,2,-3.0185493271623556,-8.580440817009768,3,-0.22846528236552566,1,1,0,-0.3561175489255973,-5.342811230090005,1,1,4,1
54.0,100.95,5074.94,31,650,1,-0.6100307390337715,0.7520115660603618,0,1.6745937123687127,1,1,0,-3.014441105453871,-0.35794217648346743,1,1,2,0
20.0,95.35,1717.37,39,716,2,-1.0703189246148421,5.224549059082558,2,0.1828727960265144,3,0,0,-1.149093013417093,0.20622889786356202,1,1,3,1
1.0,106.23,112.4,49,576,2,7.806387609157462,2.8212565196208335,5,-2.0814742726796505,3,0,1,-0.5732881312967641,8.375404166335983,0,1,1,0
72.0,63.49,4601.87,44,503,0,1.9166121675296215,3.952401578158595,3,2.874380515803802,1,1,0,-0.11105623997054885,0.38952512889217994,1,0,7,0
62.0,53.71,3024.35,18,662,4,2.87554490265093,4.980295396103257,2,-0.005718624091882951,3,1,0,-0.14798644870438338,-2.5520481200323535,1,1,6,0
12.0,87.35,983.02,18,744,5,3.364158851938503,7.201855858979959,0,-1.0227961385221604,5,1,1,1.1767945942248594,-1.1739643664503054,1,0,3,0
1.0,98.95,107.29,76,850,3,-0.775339013748938,-15.555438634610686,3,1.1168841423820908,1,0,1,1.17831897860221,0.2779378285906117,1,1,10,0
36.0,34.68,1135.14,52,689,2,2.8714931025051835,-5.390004558645674,1,3.1122242855966475,1,1,1,0.48005335214075057,-0.626498967774881,0,1,4,0
72.0,78.71,5940.9,18,566,0,-5.421241785968678,2.057293822612388,10,2.8729270077829994,1,0,0,0.9993038614725769,-3.648920730423755,1,1,0,1
9.0,83.03,753.3,39,697,1,8.293572914269676,-1.7144345585208576,15,-3.7635994691934234,0,0,1,1.0891298560548706,7.742867905014956,0,1,3,0
26.0,74.23,2113.62,62,644,2,2.586564616731111,-1.985867737620844,3,-0.28685941241366464,1,0,0,1.1581159477204623,2.4917055090704125,1,1,1,0
62.0,79.39,4980.8,39,503,2,2.035425712739436,-0.4803217211987356,8,-0.6742907274280475,2,0,1,-0.3491147072677657,1.162548815168914,0,1,0,0
61.0,77.76,4949.16,36,558,0,-0.6197511950575897,3.6253839592154358,7,2.7700107872225277,1,0,0,0.3029061398457515,-3.199125678399457,1,0,2,0
1.0,69.55,63.38,40,743,1,5.708997146664596,-0.6014009732070112,2,-1.5745448736825307,1,0,1,-0.09122667560909076,3.230415223009975,0,1,2,0
54.0,100.96,4962.04,22,672,4,-5.280144604250106,1.6985913954438252,10,-0.04753610625400839,1,0,0,1.221289401762481,-2.7689186992081734,1,0,1,1
38.0,97.13,3593.7,18,703,1,1.156335244368826,5.91163905555281,10,0.17430322897902173,3,0,0,-0.961888024280198,-0.7789340020921277,1,1,3,0
1.0,57.39,51.74,18,781,4,7.026252144438065,5.743935509732895,2,-2.702262507648304,4,1,1,0.8491627766840968,1.155045206068856,0,0,4,0
72.0,84.55,6041.15,34,546,0,-4.048218553141196,1.6408905471327806,4,3.469379652684671,2,0,0,0.6672730171848031,-3.650432674573684,1,0,3,0
72.0,102.98,7757.29,39,534,0,-4.391023976144,-2.319613019979091,0,0.4239143870726073,2,0,0,-0.4153873876889075,0.10450425833603041,1,1,3,1
18.0,83.14,1581.01,18,680,2,3.990770121113109,6.588536708961266,0,-2.312967414115347,3,1,1,-0.6970642706442278,-0.4148483699717515,0,0,2,0
72.0,87.24,6211.3,30,604,1,-2.2533929062720235,-5.367521423674687,5,-1.7431865005553857,2,1,1,1.8052884845392225,0.7900215009890253,1,1,2,1
7.0,29.4,196.05,56,789,4,1.9157396764268586,-5.18550927280768,1,1.052177151842853,2,0,1,-0.6812135315274773,-4.428701970974139,1,0,4,0
26.0,44.6,1142.38,54,674,3,3.0303454393604867,-2.9800381604684016,3,2.0304336198711934,2,1,1,-0.5131425423050362,-0.15957780742587915,0,1,4,0
31.0,24.73,707.86,18,554,5,7.412224493003623,7.537978679863049,2,-0.6108761935635089,3,1,1,-0.06098829246654592,1.5737056276881591,0,0,3,0
1.0,59.99,54.03,63,735,1,3.597998083023255,-4.988736603758736,6,1.7805745215135862,4,1,1,0.019603802367002723,-0.25758653816630256,1,1,6,0
57.0,66.97,3889.65,50,576,2,1.523077026770991,-2.9930167520500843,11,3.9767608546443323,1,0,1,1.0002910624159647,3.309161440651028,0,1,5,0
35.0,72.41,2705.32,21,646,1,-1.1402672130914937,5.76947650204899,2,-1.2658676020955388,0,1,0,2.5034907313649395,-5.277988570140139,1,0,1,0
1.0,129.44,140.4,80,850,1,2.9420970506974453,-9.261576745462186,2,-1.5088871621725461,2,0,0,-0.9011599409614112,5.573209016886479,1,1,3,0
29.0,42.52,1211.41,50,647,2,4.61260058028516,-1.0000509711490546,8,-0.5245480946050679,1,1,1,-0.39034545571821505,1.5135920315787699,1,1,2,0
22.0,131.77,3133.23,44,639,0,-4.742067173146492,-2.1624115040628036,3,0.176383670766027,3,1,1,0.9760748059292916,-0.8701659611675078,1,0,6,0
64.0,19.99,1153.86,46,524,0,5.189568763478047,2.072210138148947,0,2.447965714464245,1,1,1,1.320887931592534,-0.2310878402283006,0,0,3,0
21.0,81.93,1825.68,29,782,3,-0.4543029303331891,6.568755574222119,1,1.2622945507200196,1,0,0,-0.18736791336549705,-2.434428305189082,0,0,7,1
34.0,50.57,1886.3,46,648,3,4.875538235154945,-2.1472476951124055,8,1.9583071639568024,1,0,1,-0.007255053620050074,0.8307184930294713,0,1,1,0
19.0,89.44,1649.73,65,666,1,1.1290669085627079,-4.806404160511496,10,1.4356799676827414,1,1,0,0.9212035790000619,3.4728176047513304,0,1,5,0
39.0,59.17,2155.1,43,597,1,2.879799043795174,0.5809602513149446,5,1.35729163954459,3,1,1,0.8703096974941982,4.528878996269794,0,0,0,0
1.0,149.99,158.97,55,705,2,-8.72727544958512,-4.158368996510744,4,1.55167138643177,3,1,1,0.8045337568955319,3.5524857295237475,1,1,9,0
69.0,76.32,5581.55,28,627,1,-2.763085862709272,2.2745404240134097,2,2.202139847328537,0,0,0,1.1964894908270989,-5.125899922354871,1,0,2,0
1.0,57.57,58.35,38,711,2,7.771895473002172,2.2307010721944533,1,-1.5606666507594338,5,0,1,0.004377760714819915,1.2270866007325751,1,0,1,0
34.0,108.6,3355.05,23,714,1,-1.0226594784710519,1.149089884827468,4,0.569136048706202,1,1,1,-1.015271947479007,-1.2650854281315598,1,1,1,0
48.0,116.31,5707.18,38,673,1,-5.921576283192018,4.11392738186313,4,5.371058840411235,1,0,0,-0.3530135268244494,-3.5742874057923024,1,0,3,0
21.0,105.42,2094.13,38,629,2,2.1887657765284705,4.070643289214778,4,0.27095106738805386,2,0,1,-0.800986645304626,2.82982389615104,1,0,3,0
66.0,19.99,1257.42,18,516,6,2.928934528731405,5.429548323118299,3,0.0853784695319556,2,1,0,-0.6524018337200518,-1.4438036988687404,0,0,3,1
54.0,70.92,3676.4,38,696,1,0.1303228839165128,-2.359210714332221,7,5.697996729856989,2,1,1,1.952778849549481,-3.8592384647966362,1,1,1,1
31.0,73.75,2411.49,59,618,2,0.3040923398157763,-2.137433632688186,1,-0.1295033308527641,1,0,0,-0.29532228267265076,4.643055545282916,0,1,2,0
53.0,50.72,2856.84,18,766,1,-6.381368516649326,-2.9452294453101655,9,-1.5376340251546783,4,1,1,1.1970639124022735,-5.878045454286472,0,0,7,1
1.0,73.44,74.95,18,678,4,8.195779201078008,8.523359761859362,4,-3.992726134305711,4,0,1,0.7849529239195555,3.251177082289807,0,0,4,0
20.0,85.85,1719.13,23,609,1,5.380470316285284,2.94422990883667,3,-2.7761803345600105,0,0,1,1.4070471897008938,3.4171253897196134,0,0,1,0
3.0,124.93,385.26,47,677,4,1.8981355828847892,-2.5423986281714734,3,-1.2957902063630966,0,1,1,-1.0653839082257595,5.038968888705376,1,1,2,0
32.0,58.57,1888.27,69,735,2,-1.0382393400295944,-10.01201784292966,4,2.8019152949402106,0,0,0,-0.057583619770633226,-1.7296661425736695,1,1,8,0
1.0,56.15,57.66,18,751,2,10.277791933978262,6.713150170875366,2,-2.5824527873378127,5,1,1,1.1222846841578658,4.14278256580159,1,1,7,0
23.0,60.12,1389.75,23,705,0,-0.8062694938989633,1.7535327896258655,15,-1.335446548496241,2,1,0,-0.17196732625279026,-0.9696376603645465,1,0,4,1
72.0,89.85,6340.77,43,556,2,-2.4647415549743372,0.531360147409832,7,3.7697903941311677,1,1,0,-0.7138656635722619,-2.8134661623530546,1,1,1,0
1.0,93.63,102.51,21,718,3,1.666321072409034,7.727606606855449,9,-1.0622641010548244,3,0,1,-0.8458817915982964,-0.36766151146183634,1,0,3,0
72.0,87.12,5774.36,48,528,1,1.6702318588782032,1.1939192977768955,1,3.224730079943158,0,0,0,-1.3482494582244817,2.9319601159695226,1,1,6,0
1.0,65.06,67.24,44,651,4,9.589975769266667,1.1199786693115072,5,0.5145812978496336,4,1,1,-0.4381444032628878,4.712759756233874,0,1,2,0
22.0,72.11,1548.91,25,632,0,5.89431409423004,4.348937428463957,8,-1.7320495578224149,2,1,1,-1.7484518238699371,2.465794020549935,0,0,3,0
17.0,77.64,1245.61,31,520,3,7.4663556470248995,3.7742639330830743,3,-4.332636373065387,0,1,1,-0.6313487178351349,5.057120964478881,0,0,1,0
52.0,50.89,2392.11,55,634,2,-0.6074974931933099,-3.7556927806566267,3,2.9612408600951885,1,1,0,-0.13502319658630837,-0.2438499431817847,0,1,4,0
72.0,19.99,1515.3,34,484,1,0.08187782128278645,-3.3063553874649605,12,1.3646793883894035,2,1,1,0.2219137389681209,-2.8812110572918175,1,0,5,1
72.0,112.24,8625.19,59,494,2,-1.2316290318779408,-6.3564934992451585,2,1.8190940325158744,3,1,1,-0.2088670948777818,2.2375952391437086,1,1,3,0
7.0,117.42,887.33,39,703,2,-2.9880395084385594,-2.826773669523538,4,-4.5848574905493145,0,0,1,-1.4365658924554559,0.025214618048805752,1,0,5,1
49.0,125.89,6115.9,35,630,3,-4.42625359044184,-1.973815409956311,4,-1.5637448825998317,1,0,0,1.2506814379233537,0.5564339138400858,1,1,3,1
24.0,49.77,1187.61,24,581,7,7.610380977298937,5.128425633845149,8,-1.571728588482268,2,1,1,1.5937736921931849,3.2617885444428065,1,0,4,0
72.0,25.9,1909.02,62,601,2,-4.666273124777182,-6.966890956155175,0,4.472783776837642,5,1,0,0.12513891466662622,-1.8775431608912683,0,1,5,0
67.0,19.99,1412.47,18,439,3,13.615478003281924,6.750217880825534,5,-4.2788691000089365,2,1,1,-1.1080283019249035,5.594231022953632,0,1,10,0
35.0,85.26,3230.88,29,730,0,-2.1091557848912332,5.1377086601372755,4,3.306521031051881,4,1,0,-0.2058518339501334,-5.498640601571627,1,0,2,0
35.0,79.4,2557.94,61,645,1,0.15753848727499437,-4.00613786888386,9,2.2449558907853464,0,0,0,0.03261167491313532,1.7238163734343126,0,1,4,0
16.0,113.98,1671.35,33,729,3,-3.6609445001446246,4.974737573338684,1,1.8350195960854965,2,0,0,1.1452534426368044,-3.6868822751517647,1,0,0,0
18.0,91.93,1731.08,47,585,1,7.570908936641621,0.5925219436359905,0,0.4292318248812543,0,0,1,-2.0989445390521335,8.508954851797304,0,1,2,0
43.0,149.99,6043.55,76,392,0,-2.013389185861121,-0.7922180188438749,1,2.999240685612727,4,0,1,-0.28227905370724554,7.29860575022435,1,1,1,0
18.0,106.29,2071.83,28,620,2,1.5407998873345794,5.057074572237191,1,0.09744960141463355,1,1,1,-0.48687278821974245,0.9713044158843387,1,0,0,0
1.0,75.16,80.23,71,850,5,0.4463878433215911,-9.018002343300582,6,-0.8436958656747645,2,0,1,-0.12859315635539398,-1.452544940244901,1,1,6,0
19.0,85.63,1729.41,18,703,1,1.0830395822386516,9.643416093271858,3,0.4686926414880559,3,1,1,-0.06021038960773341,-3.1747609042648754,0,0,3,0
54.0,77.74,4586.12,42,665,2,-7.259513340275164,-7.356983023516929,1,-0.7684741767744807,2,1,0,-0.12703811382749683,-6.309416830893095,1,0,9,1
72.0,48.72,3655.49,42,434,2,0.7299664774597514,0.1522291377828931,4,5.4998614997987305,3,0,1,0.3857403282156221,4.580582443636152,0,1,6,1
29.0,69.13,1913.3,33,742,3,-2.658722903051716,4.486697072596929,2,2.359410666840688,2,0,0,1.088162345175558,-6.522907046564328,1,0,2,0
60.0,59.55,3339.53,18,608,1,2.378948710100346,7.101368183856305,11,2.939242471962568,3,0,1,1.4667362324631352,-1.572194658922773,1,0,4,1
22.0,98.48,2191.46,49,581,0,4.401507002647886,-0.21793283633060148,4,0.09672741504664784,2,1,1,-0.36075063228961224,6.575597424374027,0,1,2,0
38.0,123.58,4846.89,38,539,0,0.7436868708598696,7.01700498120452,4,2.8831047874929356,3,0,0,-0.11701038284965008,2.578041151731743,1,1,4,0
50.0,42.08,2018.82,33,500,2,5.61334510366842,4.998563015000526,7,2.1419857839546124,4,0,0,1.054741066021547,0.7893469976164229,0,0,0,0
35.0,77.67,2586.94,49,668,0,-0.3687377876940748,-3.8247430189914313,1,1.9212251000071476,1,1,1,0.7628670791227816,0.9638314521854453,0,1,6,0
52.0,93.97,4696.48,46,558,1,-0.4652052276580695,1.745870309764293,6,2.23774492089905,0,1,1,0.38159317645447255,0.044129024771238104,1,0,2,0
1.0,149.99,153.7,51,807,0,-1.1802336432450171,2.019538188986373,9,-0.4123984239962123,4,1,0,-0.43862831378177897,1.8369201168585965,1,1,3,1
18.0,122.69,2270.89,53,548,1,-1.255422977453706,2.7845921101254913,1,1.1574861718093277,0,0,1,-0.7522707372823716,2.0231518706377156,1,0,1,0
42.0,91.51,3785.44,31,494,1,0.8174843643497905,3.679230088895398,2,-1.0271523018499158,1,1,1,0.4914360435091607,-0.23838477100868982,1,0,0,0
61.0,44.62,2765.79,21,536,2,1.7302578980235235,4.7643216761158715,4,-1.707303341700546,2,0,1,-0.35833767228446234,-3.3843438843724956,0,0,3,0
69.0,58.04,3606.49,38,506,3,2.9314862495695597,2.047618726297507,0,-1.1984103106052575,1,1,0,-0.04620302381156568,3.50413597968565,1,1,6,0
55.0,101.16,5214.52,39,595,2,-3.280311215239091,4.25913511429837,3,4.48955150365336,1,1,0,0.7660363141508395,-3.3918376151899716,1,0,2,0
60.0,30.42,1886.7,31,534,2,3.1222909783607986,3.204093728448091,0,-0.21164068350972098,1,0,1,-0.6251575254527275,2.1205958088692243,0,0,2,0
53.0,69.88,3906.69,39,723,1,-4.958621932136622,-6.704603341627317,7,-0.8744428680957682,2,0,0,0.7762610170386476,-5.534793771308903,1,1,5,1
39.0,48.73,1824.97,27,499,1,8.667437414448829,4.98179732937099,6,0.8484511915479604,4,1,1,-0.4266262568297303,3.7360201562483097,0,0,0,0
72.0,72.64,4973.95,39,487,2,-0.2935579541271997,4.55187310756488,2,3.4458262411403116,0,1,0,-1.4704223413835176,-2.18320431160353,1,0,5,0
72.0,19.99,1425.16,32,456,2,1.5750712774031421,5.246014415840755,1,2.295688519989167,2,0,0,0.6784901527124058,-0.4874042257440972,0,0,3,0
28.0,97.05,2564.62,43,596,2,5.5494344609483495,0.18501134407106018,6,-1.245472849592871,2,1,1,0.6147536482221854,5.560953504122178,1,1,2,0
21.0,108.71,2092.52,57,745,0,0.020146012095630588,-7.127453068650989,5,-2.9642610513342267,2,0,1,0.05990101900796597,4.048472863860251,1,1,2,0
43.0,56.68,2227.63,46,596,0,3.0696324298744257,-1.4120344184097735,0,1.3751181782998043,1,0,1,-1.6564305690921908,1.585880403622815,0,1,2,0
72.0,26.27,1843.69,37,460,2,4.79758237417812,4.046425712496134,0,2.444417416828086,0,1,0,-0.8053198617406454,2.329370643178473,0,0,2,0
22.0,149.99,2993.43,29,694,0,-0.9608221425758428,4.301403730527688,1,-0.16861926019001494,3,1,0,1.6039900039275994,6.8466426172723835,0,1,1,1
22.0,66.3,1498.33,58,820,1,-3.4150341171309817,-10.025160855178028,5,2.0227318085551693,2,0,1,0.9108734057567578,-2.0607092635555917,0,1,9,0
1.0,130.96,129.66,43,695,1,0.8875617281065228,-0.332215928972813,1,-6.685478786832563,0,0,1,-0.8342969769627625,6.517748805205526,0,1,1,1
27.0,50.86,1457.17,18,708,2,2.7836731599768516,10.543651162014694,2,0.5681379034362111,3,1,1,1.6369338608787378,-3.6486033119360655,1,0,7,0
53.0,28.08,1444.29,23,595,2,-1.6933907708623883,2.9144701976019967,5,0.05661811625685498,2,0,0,-0.0780114291561578,-3.8482044954828667,0,0,8,1
50.0,68.1,3261.9,25,650,3,-2.6532183824642694,9.343556301888981,0,3.049050792601564,1,0,0,0.1449097919545564,-6.045867934117458,1,0,6,0
56.0,73.29,4244.3,60,569,0,1.7264674842430552,-3.679409710725048,2,0.3886506314309184,3,1,0,1.6950011993616763,4.651678397400324,0,1,2,0
46.0,30.5,1331.67,19,724,2,0.6227394928648834,-2.66223793084344,0,-2.5689441292038158,3,1,1,-0.34428981433651357,1.975997579990983,0,0,3,1
6.0,87.89,551.95,39,837,4,-4.090729988732315,-4.023978205527604,4,-3.6944651316635886,2,1,1,-0.18010760051076247,-4.747302267514904,1,0,3,1
26.0,28.29,668.7,44,699,1,1.4532568862477175,-1.6909596843175678,4,3.26405477142448,4,1,1,0.372403547636759,-3.6821378849175126,1,0,6,1
49.0,101.67,4605.81,35,691,1,-5.704603728733524,-2.137326811813393,7,-1.42695286170552,3,0,0,0.047515827932448025,-3.1758146079592495,1,0,1,1
48.0,115.38,5840.63,63,619,0,-0.7596754791449745,-2.794761209812369,1,-0.1431713243484194,1,0,0,-1.2911754114273717,1.2285755149269038,1,1,5,1
58.0,45.05,2631.32,50,575,2,1.8835137414828105,-2.9368953298018066,1,1.870849101988095,2,0,0,-0.9814890655011062,-0.25334975369433427,1,1,3,0
55.0,63.89,3552.66,56,536,2,3.453027614317056,0.2748225312943259,2,0.9598581727955873,1,0,0,-0.16088828831314414,4.33046492705117,0,1,4,0
69.0,19.99,1265.66,43,508,2,4.286827242481369,1.438652132807138,6,4.5949314934461265,0,1,1,-1.343812658408537,-1.3372765997261797,0,0,2,0
13.0,108.93,1516.08,77,685,3,0.7824349658442256,-7.7534470784382465,7,2.6884210573208716,0,0,0,1.5853869949973232,4.973254004762201,0,1,7,0
72.0,75.84,5908.43,59,412,0,-0.20409675642773947,-3.1537804540208643,1,1.434516119150341,5,1,1,-0.7320564720601075,2.3722308079026027,1,1,3,0
14.0,44.52,667.79,50,663,2,3.798034020936551,1.5112703403500298,5,-0.5160215522961867,2,1,1,1.5546731089558987,0.3979464290085565,1,0,2,0
1.0,101.08,110.6,75,789,2,-1.7380334298143378,-8.022697521641197,4,1.7636498044873614,4,1,0,-0.13415914435272974,-0.5654429710529526,1,1,10,0
28.0,136.69,3966.96,51,736,0,-2.536565810822334,-5.444924725438051,7,1.0319238745576702,0,0,1,-0.3436082011150521,3.0795799850915504,1,1,2,0
30.0,75.57,2354.64,69,711,0,-2.6365893893886323,-7.960241067019987,5,0.7104782625525191,1,0,0,0.92246742174328,0.6191408113761887,0,1,6,0
66.0,46.7,3267.44,18,643,1,3.1168533706523385,2.557195702737392,2,0.3608852346844958,3,1,0,-0.14498954022086044,-4.087363178470154,1,1,3,0
8.0,102.32,796.25,49,610,2,4.747706402018457,2.801734413296036,3,-0.8482967272206153,2,1,1,-1.4151995560275903,6.580623506210113,0,1,2,0
9.0,149.99,1230.36,57,630,2,-5.201926071358846,-3.7688182217842967,0,-4.699473413492731,0,0,0,-0.7688210914640773,-0.5317524087034535,1,1,5,1
15.0,98.28,1449.22,42,613,0,4.053215825543094,2.297617460845229,13,-0.3845658852846988,2,0,1,1.0058621207158713,3.779058537561866,1,1,1,0
1.0,58.08,56.44,79,850,0,0.2024654539790985,-13.692620397963738,6,1.6884747743387334,1,0,1,-0.1394668084096735,-1.7177807139372308,1,1,7,0
30.0,97.44,3062.25,35,568,2,-0.3611894592684969,4.183949432954205,4,-0.4240508272628162,0,0,1,-2.0778551285500773,0.01990467416351516,1,0,1,0
33.0,63.91,1944.27,63,681,2,1.4799655677176469,-4.552192247479067,0,-0.48593131698723513,2,0,0,0.014202103302422409,1.6821608740353886,1,1,3,0
23.0,76.43,1693.82,18,729,3,-3.2054405042855736,4.620592972300821,0,0.1627453221656877,0,1,1,-1.5322592190025184,-7.9383927104786745,1,0,2,0
1.0,67.36,68.08,43,702,3,5.141144219148432,-0.99782579895636,5,0.8614689812121237,5,1,1,-0.7247644914387636,0.0734839705547991,1,1,5,0
1.0,113.47,104.79,38,668,0,1.1622055577084058,3.4835965623323,6,-2.2606358716446437,1,1,1,-0.299275584153487,2.0238061009460337,1,0,3,0
16.0,78.16,1184.59,54,652,1,0.8420406918540743,-3.2039856138818057,4,2.824691475851137,2,1,1,-1.156231120856984,3.1692256031480177,0,1,10,0
37.0,106.04,3718.64,49,544,1,2.769422703236432,1.3860757212243056,3,0.5870411511339659,1,1,1,-0.46293266754625795,5.73555393836273,1,1,3,0
70.0,73.96,5482.48,42,449,2,3.265388487108707,0.04352036797396935,1,0.3349660822626096,3,1,1,-1.1712416639921541,2.647692541409464,0,1,2,0
37.0,69.8,2766.32,61,659,1,1.3139850481982696,-4.629350539618566,4,0.9132219564328969,3,0,1,0.9198101813464236,3.8801278134613226,0,1,0,0
47.0,79.62,4051.33,32,738,4,-7.05080293444619,-5.604580192758884,7,-1.2161665342873555,2,1,0,0.47397977381347084,-5.628087844187431,1,0,7,1
72.0,59.73,4619.04,21,771,1,-3.6263859732361277,-3.5424048692070538,3,5.338306866886402,0,0,0,-1.4167770938164832,-3.959156375216356,1,1,1,1
39.0,58.02,2274.07,73,621,0,-0.023100722296118575,-5.021819585513217,2,3.150381837123315,0,1,0,-0.9809182885159929,1.7838772108796823,0,1,6,0
53.0,63.12,3657.24,33,798,0,-1.7657534432934623,-2.359627209067523,0,1.6284406498544657,2,0,1,0.8613315176748064,-3.7885997910087745,1,1,4,1
25.0,107.78,2848.6,26,755,0,-0.8459577683751701,0.9443716332423187,4,0.5143971842316366,3,0,0,-0.640482016049798,-2.2462633840176953,1,1,2,0
56.0,66.72,4057.06,75,665,1,-4.196533964361417,-7.527543305178121,1,1.1616196556032246,4,1,0,0.7404185870357033,1.23768281669995,0,1,2,0
40.0,40.75,1761.81,38,814,0,-1.676909551210121,-2.5180671451489007,5,-0.2296538529220139,3,1,0,-0.29260335087925643,-4.181566319228537,0,0,2,1
24.0,72.93,1769.3,33,680,0,-0.6861349466255439,2.678315059960482,7,-0.15004745353059612,2,1,0,-0.3877075985574586,-0.9876518030503761,1,0,2,1
5.0,73.66,403.21,51,664,2,5.067900784288118,-1.0230392360914593,1,0.7476731100275735,3,1,1,-0.10934434030161627,2.4830364528557456,1,1,3,0
41.0,53.94,2342.75,29,500,2,6.260246469130675,3.0129323280699483,2,-3.011749760603298,0,1,1,0.656083648473684,1.836218732460323,0,0,2,0
61.0,39.98,2531.13,52,595,0,0.5580506657387099,-1.423002604630553,2,0.11495009629409259,1,1,0,0.5838031181659621,0.19960542696232225,1,1,2,0
21.0,68.87,1320.42,65,773,3,-2.3073123490868963,-7.151642547546682,7,4.663007948061265,0,0,1,-0.7756031336757258,-5.227840631947632,1,1,5,1
22.0,85.09,2027.12,66,664,0,4.547903215104263,-3.7158323149572285,2,-0.7810950518195224,0,1,1,0.02343177518875238,4.1224770910239465,1,1,5,0
29.0,80.96,2287.29,18,710,2,2.263335785694475,7.218551551151483,0,0.6583333809647115,4,0,0,1.086977491259521,-1.754407898276809,1,0,4,0
1.0,59.96,56.78,80,850,1,0.20096921153844405,-11.482338917756374,3,0.7865849214244269,2,1,1,0.18858776355993406,-1.6024822435284145,0,1,4,0
64.0,92.34,5743.96,51,565,1,-4.860202006212347,-5.8585225266787075,5,-1.1090208206904004,1,0,0,0.6703465773064909,-2.5414252707773817,1,1,5,1
72.0,29.28,1903.14,36,502,1,5.586127059364328,-0.02730425417767512,4,0.5437442601909628,1,0,1,1.4788971752285116,3.351363084148273,0,1,2,0
1.0,80.38,74.07,44,756,0,5.147398808566139,-4.5971880275471255,0,0.3401543888672727,5,0,1,-1.6236917156299977,0.4247083357735435,1,1,5,0
48.0,25.07,1086.8,26,478,2,3.35656582872162,3.1096319016860487,6,-0.5000673350591384,3,0,1,0.8935661246484569,0.09796087434106945,1,0,4,1
10.0,66.0,628.02,53,734,1,1.2991030901517349,-5.802293451938512,7,2.501939391143026,0,1,1,0.030686896016921525,1.5211958370992273,0,1,9,0
11.0,19.99,217.63,18,613,2,9.459451157502665,6.790519912573426,6,0.053257744571584054,5,0,1,-0.8008210065321013,-0.1209365090372903,0,0,1,0
34.0,86.26,2992.52,65,658,2,-2.8385725029838538,-4.259852266183369,4,0.29565782263623863,2,0,0,-0.5219160133739309,3.508133194610577,0,1,3,0
43.0,104.56,4218.99,46,524,0,-4.851988295821487,2.747082720854142,4,2.5896048748613842,2,0,1,-0.9934644120967463,-3.553102936686855,1,0,2,0
51.0,77.05,4155.13,38,475,2,7.581578480759025,4.513409904181729,8,0.54607152610275,3,0,1,0.06638540144475191,5.95356732913242,1,1,6,0
58.0,84.05,5328.89,19,663,1,-4.582432443300134,-3.3801870985220437,4,-2.7373425025103866,2,1,0,1.2928779341988865,-0.438901435055264,0,1,7,1
37.0,70.14,2637.36,58,679,1,-0.6459700989784048,-6.526261929047501,4,3.0371231645283396,1,0,0,0.38197455076590375,-0.4959131571187131,0,1,8,0
33.0,74.48,2246.8,68,740,4,-2.4995928439422688,-9.294943935866169,4,1.2226345000968624,0,1,0,0.35115307263331913,-1.1846401059670784,1,1,6,0
28.0,135.5,3915.39,27,709,2,-5.451954418218914,3.817722449503418,0,-0.7018264556274926,2,0,0,-0.2602728624405834,-0.5008667699193678,1,1,1,1
42.0,72.28,3304.46,26,678,1,3.196269081243721,5.009854553799131,7,1.343007109073289,2,1,0,0.48627425986706924,0.24302327238635946,1,1,6,0
24.0,88.57,2165.5,31,770,0,-0.861475045074551,2.1555233654335013,2,1.490296663554467,1,0,1,1.4767177156056468,-2.1779160104467956,1,0,2,0
30.0,47.45,1311.43,74,607,2,5.021655983376402,-3.112606907804669,6,1.7385985614714001,1,0,1,-0.4852501733859363,4.162519177218831,0,1,2,0
1.0,124.81,134.35,40,849,2,1.198181502708404,0.5044260244854544,5,-0.8545565633024247,3,0,1,-1.052738747636381,0.8024990418618456,1,1,4,1
55.0,97.04,5703.16,25,701,0,-3.0620197582708366,3.500556625947485,11,3.510305228892455,2,0,0,1.5109301184897985,-4.818342004907086,1,1,2,0
18.0,149.99,2435.57,45,701,2,-11.353697243062888,-1.1135113466071735,8,3.3330637857933056,2,1,1,1.125819543537975,-4.456083230843427,1,0,8,0
52.0,93.4,4395.54,36,610,2,-3.4544365344173555,4.179228180931254,7,4.06977689368162,1,1,0,0.19225964129040218,-4.12089214125516,1,0,2,0
7.0,79.28,606.61,80,794,1,-1.8173743305642196,-8.45592938198487,7,-1.344785504497568,1,1,0,-1.2949914177837867,-0.1262914663743692,1,1,1,0
3.0,69.86,200.41,80,844,4,-5.7465173934179505,-10.587980665154852,0,1.6368989490596415,0,0,0,-0.6890575675646334,-3.4821489252811277,1,1,10,0
17.0,52.18,928.68,57,705,2,2.953663280655817,-3.1619805339722453,4,0.21128095344752296,1,0,1,1.423133469044491,0.5740681316726652,1,1,1,0
1.0,87.36,91.07,21,741,1,4.967036576189494,6.150023088396426,5,-3.5542708785673063,4,0,1,0.15542448886139024,0.4432657692059852,0,0,0,1
49.0,52.69,2809.4,42,609,4,1.3935003325968418,-2.1909537271085715,3,1.8640705723384343,1,1,1,1.2964283232711509,1.4413822317980205,0,1,3,0
1.0,134.32,131.01,56,817,1,-1.110295099237039,-1.025992826126981,9,-3.737777901895022,2,0,0,-0.1600219784931619,0.20840599625867914,1,1,1,1
62.0,38.38,2294.69,33,507,2,4.151682274499362,2.62454932616962,4,1.1318406526096376,1,0,1,1.1938810779129367,1.773586817519082,0,0,1,0
64.0,60.14,3534.68,49,559,3,-0.6531393651065134,-0.7814384736276866,1,2.1702309441781655,3,1,0,-0.36381716178242746,2.808040654248212,0,1,2,0
14.0,89.38,1355.33,24,850,0,-3.628237745016714,0.2186177366249529,7,-0.47242697802115696,0,1,0,1.2357936015385533,-3.3583130266817496,0,1,0,1
31.0,65.9,1897.17,52,620,2,3.2672826458752495,-1.644335207401513,4,2.169059972364708,1,1,1,-0.9102238251000054,2.700899615548006,0,1,3,0
59.0,75.71,4859.29,18,554,0,-1.6471482595231526,5.5574410176352,4,-1.641212690909843,0,0,0,0.09084995349580606,-0.3263780849011516,0,0,0,1
72.0,49.36,3829.4,18,472,0,1.9095780691113406,10.180358542196753,4,-1.273183024171567,2,0,0,-0.5394825216692111,0.7280582854572119,0,0,2,0
70.0,67.13,4319.42,43,540,1,3.2946684453130044,-0.4441938846043345,5,0.4879017768722954,1,1,0,0.5888141047635038,2.157486470575067,1,1,4,0
1.0,138.02,133.51,42,850,2,-0.6365168070231045,0.10020955274257456,2,-1.7659073932096627,3,0,0,1.2411894627726703,0.2898861341943961,1,1,0,1
30.0,44.69,1347.23,27,526,1,8.477845724811225,6.178163248960939,3,0.2282153979126722,4,0,1,-1.2713348699303813,2.8147430150581174,1,0,2,0
18.0,111.61,1892.41,23,762,2,-4.86253922326209,4.279748121109304,0,2.2203762150124615,1,1,1,0.5954799474109356,-5.427439804281702,1,0,2,0
51.0,84.7,3923.44,46,533,1,0.7802409171068448,1.04261585925808,1,0.07714677690428617,0,0,0,0.7063703918939976,5.1474264045222595,0,1,0,0
33.0,29.76,903.0,36,556,3,5.545218796726549,4.035160692427651,4,2.2322680230966316,1,1,1,1.7844503994186123,2.3865794111887877,0,0,2,1
52.0,40.42,2149.08,36,735,0,-0.6486063847213404,-4.157161917332221,5,-1.192325558527491,2,1,0,0.944195902004066,-1.0909465505555185,0,1,0,1
7.0,53.21,363.03,53,722,1,5.547536730983852,-5.700932852421465,4,1.8898815075219937,3,1,1,-0.1348033653392976,0.5081735670879979,1,1,6,0
35.0,104.27,3714.84,46,632,1,-0.10476669565605502,-0.8689862967808244,4,0.381996175538081,0,1,1,-0.2980802603840003,1.0713298290274,1,1,0,0
1.0,106.73,97.54,56,653,1,4.004403564403271,-1.468124430645185,5,-0.9124105316121213,2,1,1,0.2578743241674944,7.246184091598878,0,1,2,0
1.0,113.12,110.62,18,721,2,1.816609737720763,4.054416610799565,5,-3.322020396150988,1,1,1,-0.16136774920144534,1.8411181930405447,0,0,1,0
23.0,139.92,3208.37,18,707,1,-3.4906718565275456,0.5651948241699193,4,-2.8189969513499804,1,1,1,0.7991739863956759,3.063985937553652,1,1,5,1
37.0,44.96,1602.56,55,652,1,1.8856211573789867,-2.8358943598605766,2,-0.6966274768856581,1,1,1,-1.837164236134311,0.5407060064995249,1,1,2,0
41.0,55.34,2282.93,49,580,2,-2.600948028047657,-2.4700664540450914,3,-1.1269239111652114,0,0,0,-0.24565186248336068,-1.57981462794029,1,0,5,1
41.0,58.67,2510.38,38,540,1,5.423395872050211,3.720720072562216,3,-0.26886909134370895,0,0,1,1.0724696181255986,4.717638410816157,0,0,4,0
31.0,140.27,4262.35,44,647,2,-1.014811226884428,1.796904127171797,4,2.9307953880399755,1,0,1,-1.605344573485918,3.7932569418129574,1,1,2,0
72.0,19.99,1477.71,18,701,1,5.2313248244352275,9.004428246765853,13,2.1700280807309333,4,1,0,-0.3706998033525585,-7.103870826331283,1,0,10,0
48.0,109.71,4808.89,40,570,5,1.0822046882003018,0.9354129872900427,11,0.49508932759463486,1,0,0,1.5401168846916007,2.8323545797265774,1,1,2,0
35.0,106.78,3438.93,37,751,1,-4.498872102770293,-0.9098115992925736,3,0.6079633193258441,0,1,0,0.283832581794862,-2.264635992570496,1,1,2,1
1.0,114.55,105.05,80,850,1,4.180090951409408,-9.539136658464217,13,-1.1865255332740285,4,0,1,0.08861420655610029,2.5586903427935237,1,1,4,0
5.0,94.75,500.74,23,710,0,4.350344421243434,3.9562402588953467,5,-1.9440472634238533,3,0,1,1.2959821768350874,2.454778219199425,0,0,2,0
1.0,127.05,139.5,19,824,3,-5.217905552557661,4.6503496927975405,3,1.0991296206892294,2,1,1,-0.7171143442464695,-5.252448507180206,1,0,3,0
1.0,115.72,117.67,34,709,0,4.735160999364625,3.7521949140396,0,-2.552750146175409,3,0,1,-1.2818328130099663,5.238415740803042,0,0,1,0
63.0,34.9,2092.58,46,533,1,0.8036140683314691,-4.997230239316222,2,0.10499187348548,2,1,1,0.44808795857788136,-0.6090866708473442,1,0,4,1
31.0,110.21,3213.1,31,849,2,0.7226941627786774,-0.23907588017528023,8,1.6310183387459598,2,0,0,-0.9114010807252625,1.1631645917098654,1,1,5,1
64.0,62.73,4068.84,40,588,1,-2.7325875415018936,-1.5344476268684357,11,2.082856941368516,1,0,0,-1.8339099927980878,-3.1836703714855967,1,1,5,1
46.0,43.11,1974.17,34,815,3,-3.408389340210671,-4.144311347929454,1,-0.6305355245134363,3,1,0,1.935955939900043,-4.347770664995112,0,1,2,1
38.0,81.02,2885.77,28,690,1,-2.1986409645903238,-0.5317966782917913,8,1.5838374144769034,2,0,1,0.6251048857729418,-2.381675086552401,1,0,2,1
72.0,83.73,6115.36,18,480,1,-3.660846000380342,5.94451606406186,6,-1.7033918122445497,3,1,0,-1.3739676222586719,-0.6987633585473237,0,0,2,1
47.0,39.91,1865.92,48,616,2,1.6095281909544146,-3.3363711815124275,4,0.2930950998118278,0,1,0,0.8092971889564318,0.0026623187276918277,1,1,3,0
45.0,19.99,898.56,45,565,0,6.039063717742223,0.7332112746007056,7,3.777347641529719,4,1,1,0.9532016635553578,-1.694374131990191,0,0,3,0
17.0,112.7,1922.05,40,742,2,-1.3020799467494135,-3.2782681597150853,6,-2.744683319949913,2,0,0,0.29963101717715274,-0.019797219407825806,1,1,2,1
55.0,54.17,3270.41,42,691,1,0.11270931878328116,-6.343796670001905,4,-1.1804540138766453,0,1,0,-0.6715461236407426,-0.42934027596940705,1,1,1,1
60.0,90.23,4994.74,33,526,1,-1.507863529896788,6.682389719587232,5,3.6327487245119205,1,1,0,-0.8308227355654852,-2.2395249924789358,1,0,4,0
46.0,19.99,951.64,30,615,3,7.226101735918394,7.547791169855152,0,1.045079229729045,4,1,0,-1.3942230183159268,-1.473359024370738,1,0,10,0
72.0,72.22,5072.96,48,707,1,-9.31691337635647,-8.736134150931308,2,1.675367796600284,3,1,0,2.3664899028405864,-10.959696263612841,1,0,6,1
26.0,74.03,2005.61,39,603,0,-1.6161381699300643,5.536417919793122,0,1.4932434277008562,0,1,1,0.7052870190137283,-3.8444932900707993,1,0,2,0
24.0,58.66,1315.38,31,494,3,8.933129553878558,8.822412462867847,3,-2.4074309894369907,2,0,1,2.067286071939644,6.874012163311236,0,0,8,0
63.0,49.43,3140.29,36,508,3,3.580531306425443,0.7143074006483653,3,3.5547425513602,1,1,1,-1.2747242727696457,2.141224524087341,0,1,4,0
52.0,67.79,3202.61,31,669,2,-3.74456643630585,5.724311706512323,1,4.417961059630771,2,1,0,-0.27005010356871106,-7.133732896246325,1,0,4,0
1.0,42.4,39.88,40,730,0,8.044903421354253,-1.9733105785066896,7,1.285286835800191,5,0,1,0.18146757613045844,-0.27426743197932024,1,0,5,0
43.0,51.71,2326.1,47,608,0,1.7755481216618467,-2.000379154795248,6,2.0920287528760295,2,0,1,-0.11048338685032863,3.293704874857654,0,1,4,0
55.0,21.01,1106.86,34,518,1,4.492045007176359,4.122348981461768,3,1.641479450223847,2,1,0,-0.3865519600087803,0.5872664191955407,0,0,0,0
26.0,104.05,2851.1,32,649,1,-0.027029572502972287,2.7603663241182117,5,-0.2402095248224584,1,1,1,0.5416880031673664,-0.31653793708690925,1,0,0,0
16.0,92.9,1495.05,45,835,0,1.079842070528697,-2.456661603509678,2,-1.0530541119710026,1,0,0,-1.2288511401528632,-0.2787011582989014,1,1,5,0
67.0,21.89,1344.52,49,614,2,-2.3429646456901674,-2.986968077615975,2,2.041812345318002,2,0,0,1.2990938349757803,-2.8876009516546515,0,0,3,0
72.0,40.17,2817.83,18,551,4,-1.5668701332954798,-1.786220696541884,2,1.6139640865312708,1,1,1,0.30453286559195375,-3.893179345773243,1,0,7,1
27.0,79.11,2078.14,32,758,0,-3.9076116385881976,0.3453934003717103,2,0.6340053488989027,0,1,1,-0.3326107885587807,-7.584123505647206,1,0,3,0
61.0,59.36,3856.44,65,386,1,8.329442680105656,2.880274020278848,5,2.607390822134983,0,0,1,1.5383045283351098,8.631385975062917,1,1,9,0
64.0,67.82,4772.09,31,645,1,-0.9714752150435264,2.0409611777973167,4,2.238495500035235,0,1,0,-2.537936378071012,-4.008858776083549,1,0,3,0
1.0,108.64,117.54,59,838,0,6.71014307880994,-4.753880311051805,2,0.4411061825655239,5,0,1,0.20729792371363975,3.927143978166076,1,1,8,0
57.0,113.11,6988.07,56,483,2,0.5167719839113891,-0.6699401502737844,7,2.6316633447860767,1,1,1,0.8595151749379116,3.5394445752899704,1,1,1,0
39.0,22.88,924.15,42,619,1,3.7472523148587413,-1.0026718635724237,4,0.8760742869489783,0,0,1,-0.8650833770855282,0.10859170764429847,0,0,2,0
3.0,75.99,234.52,27,599,3,0.006387142251889372,4.092312650183653,6,-3.7964238129797567,5,1,0,0.5001391736524553,1.1364717517758194,1,0,8,1
70.0,74.61,5665.04,48,621,2,-0.706931521363582,-0.767046906684169,2,3.3695976219597523,0,0,0,-2.216711113992002,-1.726151095598556,1,1,3,0
27.0,94.45,2378.46,42,773,3,-1.9100693257553218,-3.3011742890947735,7,-0.28744197949465256,2,0,0,-1.832037417174916,-1.4581009714149138,1,1,3,1
19.0,107.55,2119.79,44,723,3,-4.6198819940261915,-2.9963236756629414,2,-2.575899161455957,1,1,1,0.5709358209577102,-3.928183469845255,1,0,2,1
60.0,19.99,1214.23,18,406,2,13.529607954306133,7.004099546642436,3,-3.2134807350850054,2,0,1,-1.2505428812518085,4.638060074470109,0,0,8,0
15.0,74.86,1182.65,48,565,2,6.667114608184904,3.979158069201185,2,-3.050850155236644,3,1,0,0.539058943702772,6.296088336305702,1,1,5,0
64.0,64.13,4162.46,33,546,4,0.5671144151882026,4.923438816219326,4,0.5241136367561438,0,0,0,-1.0205461229977368,-1.3962072043379659,1,0,5,0
60.0,79.07,5061.86,54,544,1,0.5591892169387537,-1.1537392491510166,9,1.398765034376006,0,0,0,-0.2564927469342689,3.5191942560258385,0,1,0,0
1.0,137.02,143.74,45,726,2,-2.576178584501597,-1.0182320083835041,3,-3.9333848498929025,1,0,0,-1.086023386822005,2.264001922430386,1,1,5,1
7.0,98.54,720.47,42,693,3,2.1997923910097317,-2.047223943469794,6,-0.2844880190564337,3,1,1,0.22618711793996268,3.2650854775828138,1,1,5,0
61.0,81.69,5265.69,36,572,2,0.6257557274621521,-2.344207453505296,3,-2.777194103557339,2,0,0,1.3867001751005372,4.810594159956508,0,1,1,1
72.0,23.41,1730.59,33,480,2,3.8220636571751903,1.4492462708514915,2,4.675286123913954,0,0,1,1.5179313755318298,1.1309279112000836,0,0,4,0
1.0,98.55,98.72,37,760,1,0.3041833124021455,3.5094493018826673,5,0.49420388401838183,2,0,1,-0.9646885515210297,0.17322342066655627,1,0,2,0
72.0,121.2,9538.91,48,454,1,-4.319747328119038,1.7269100115434721,4,4.376439892576686,1,1,0,2.6099136076708582,-1.3542697991124404,1,0,0,0
72.0,65.29,4415.14,24,580,1,-3.2638056028701508,1.864038061551559,3,4.661727269498914,0,1,0,1.3209463288243042,-4.321748871365831,1,1,3,1
1.0,130.54,127.88,37,733,3,-3.9307133647709267,3.742879539496221,5,0.3792664148660213,3,1,1,0.4105259838833084,-2.621272356178081,1,0,3,0
28.0,86.53,2327.95,59,569,1,5.874795793391423,-1.3751417084888131,1,1.4761241772935283,0,1,1,2.3955838611346283,7.379500594751586,0,1,0,0
41.0,84.17,3146.22,34,577,1,1.3878421368236111,5.479770081790522,1,1.5744667002686201,1,0,1,-0.3826023885124521,-0.18521672373388048,1,0,4,0
31.0,76.51,2510.23,30,699,1,2.067366032247679,6.22953655620503,5,3.071538351647597,2,0,1,0.04025818585279857,-1.7259753474064474,0,0,5,1
46.0,59.36,2696.45,27,621,1,9.596096342479012,1.8433888725306002,5,-2.3919827405527423,2,0,1,-3.408274589327025,6.480241170146771,0,1,7,0
20.0,85.77,1624.07,48,651,3,1.347598774365703,-2.5358997214692605,9,0.8462662551058814,1,0,1,1.8775445233473251,3.8568580829887305,0,1,6,0
57.0,59.43,3494.97,39,537,1,1.03772539381135,1.1126062850933494,4,2.8825198936201906,2,0,0,0.8090392233039574,1.5214436563913885,0,1,5,0
59.0,24.03,1495.15,31,485,1,10.276188582080371,6.218973437568903,2,-0.538721162769184,2,0,1,-0.4283657827765894,3.655685717149808,1,1,10,0
69.0,33.28,2166.34,35,502,3,4.068614649745688,1.7109956663799486,4,2.920376816576229,1,0,1,1.1429703549221095,0.7754144265614817,0,0,1,0
3.0,89.26,259.17,27,725,3,5.15316992719758,6.980382222436344,1,-0.8392094563359253,3,0,1,-0.8243596529143501,4.17268294979371,0,0,7,0
53.0,99.85,5758.11,54,663,0,-7.114289749971503,-3.7402970611669946,6,0.36419898164941966,3,0,0,-1.2435435876809655,-6.75793722563774,1,0,0,1
68.0,19.99,1344.66,18,445,1,2.768965749634647,6.364120936185213,5,-0.5280150411758632,1,0,1,-1.2445134561840205,-0.9058210912833973,1,0,1,1
30.0,85.9,2325.61,24,692,2,-1.8693471800847064,4.09659843212036,6,0.08907584406113966,1,1,0,-0.4489504968232,-4.999995846276757,1,0,0,0
45.0,76.72,3201.64,42,542,3,4.423329353404843,0.12344188667874208,1,0.5231569314168023,1,1,1,-0.35384605592181895,4.648248139001507,0,1,0,0
66.0,68.9,4472.55,54,488,2,-1.8542767433087581,-7.742541952001607,4,0.5385706508993597,0,1,0,-1.2554377278649025,0.02886720692821808,1,1,10,1
42.0,114.54,5051.07,32,671,1,0.0036963942935081817,0.4010595682845325,10,-1.8665117846033503,1,0,0,-0.6770004787389302,4.716037493486791,0,1,2,1
33.0,128.31,4487.25,31,801,2,-5.164764657866968,0.2814635987814405,7,2.0278724960168155,1,0,0,-0.4568286397284603,-3.304018156563657,1,1,1,1
8.0,116.54,885.67,27,744,0,1.8237617050371036,0.29783352412264646,1,-1.978500096448312,1,0,1,-0.1520198066630939,3.3088170144438975,1,1,0,0
49.0,72.37,3432.72,22,708,1,-4.610248704209714,-1.2810325326694139,2,-0.6077893440675863,2,0,0,-1.7017059820747136,-2.3952455359961258,0,0,6,1
26.0,129.99,3193.48,42,720,1,-4.819892535740887,-0.6036624065074729,0,1.0806733570561533,0,1,0,0.6707962327028543,-2.0199662892364056,1,1,3,0
1.0,134.83,146.21,32,818,1,-1.8454622651075514,3.6415955969607556,11,-0.06952899885341224,3,1,1,-0.2387409247852985,-0.39356578801066605,1,0,3,0
1.0,127.26,118.62,39,608,2,5.58096461545458,2.692320616666742,8,-2.1896251736168098,3,1,1,0.9430013270011839,7.3640264139833045,1,1,0,0
53.0,71.43,3956.67,31,690,1,-4.946244357599325,-4.864911301560248,2,-1.145870261124118,1,1,1,-0.17816430078793247,-4.360793426475679,1,0,5,1
72.0,84.54,6319.36,27,705,2,-6.397514666483465,-1.634370552429404,1,2.6077439490798517,3,1,0,1.1563554860472636,-4.776173810712642,1,0,1,1
32.0,81.65,2466.99,25,648,2,-4.345857774332408,4.944264244815368,2,-1.7487012469150236,3,1,0,-0.9036015494042663,-1.819060497956792,1,0,1,1
1.0,103.62,105.69,59,726,1,4.439774555653864,-3.692607680759946,4,0.7277907272580434,3,0,1,-0.26192563413466663,5.4230221098936315,0,1,6,0
66.0,87.17,5398.78,51,530,2,-0.4627939859118277,3.928408591546599,3,4.963083442531444,1,0,0,-0.7309275363039018,0.3644463017657353,1,1,6,0
51.0,26.86,1288.26,19,564,4,3.7292444176828212,5.181241305044523,2,0.03110937581064832,1,1,1,-1.5641811367153517,-0.5141413152631907,1,0,2,0
45.0,43.38,1880.33,41,699,3,-0.83885714381931,-4.751800339838975,0,0.24750333274624903,2,0,1,-1.5909115290387288,-0.8755272350893972,0,0,3,0
17.0,69.86,1073.62,61,738,2,0.3971177496847979,-5.576935614633862,1,0.14802063347326544,2,0,1,-0.16276511211457906,2.0163221801979936,0,1,2,0
72.0,83.54,5478.04,18,472,3,-0.8050498168666809,6.225481719384091,5,-1.2250271952980838,2,1,0,-0.3624135293224786,1.5580588042663008,1,0,3,1
72.0,66.96,4542.95,25,541,1,-2.984390331005805,-0.27235518596917935,8,1.161093778298469,3,0,0,1.0661352985856045,-1.7541762485901882,1,1,2,1
72.0,74.31,5793.75,30,610,1,-4.661250599799631,1.5701026944616612,8,5.266796380988968,1,1,0,-0.438933075231937,-6.9409002482973365,1,1,4,0
1.0,51.94,53.85,18,850,1,-1.6152781891903856,10.922245170965759,8,-1.2047159761684134,3,0,1,0.49066420216763607,-12.395126275365284,1,0,0,0
37.0,101.3,3724.67,44,693,0,-1.8884582627640647,-4.43129260407536,0,3.5723135151119707,4,1,0,1.5214941243834508,-2.05850560918763,1,1,8,1
1.0,68.49,73.61,47,707,3,4.976547908274905,-0.40280904922430677,11,0.44092017922578836,2,0,1,0.44804839282363756,3.173796258990226,0,0,3,0
31.0,34.68,1004.06,23,767,2,1.1322636171231903,5.52402570356005,0,3.671825088949863,1,0,0,-0.0389051342876428,-5.6197528124655465,0,0,1,1
14.0,137.56,1981.77,35,780,0,-2.1662825437991957,-1.3840629766638828,11,0.5401629475393837,1,0,1,-0.5697865036983412,1.1560851216800376,1,1,2,0
18.0,121.71,2080.03,44,667,1,-2.5081329842216586,1.8618709072935336,8,1.587439700694119,2,0,1,0.9026778771499253,-0.3637601746161713,1,0,1,0
47.0,53.76,2441.08,18,626,1,0.8438978256459885,5.822204711781163,8,-0.7095819650981575,0,1,1,-3.419595586319025,-4.464645818130814,1,0,3,0
72.0,55.37,3752.65,39,538,0,3.2150191014319582,4.178543364494432,6,3.7813680618056327,2,0,0,-0.3119905436131694,0.19898523850341837,1,1,8,0
48.0,96.86,4269.27,26,607,0,-3.3530060857330732,5.529966029988236,2,2.8666656734037232,1,0,1,-0.287955027678783,-4.505817345154437,1,0,1,0
67.0,54.88,3554.65,48,469,2,2.70899478464084,1.0551060331633122,5,3.6874966095013417,0,0,0,-2.870269084803044,4.439191915834289,0,1,3,0
25.0,85.5,2316.78,20,619,3,3.060802106445242,6.520014200845596,3,-1.7964052495771772,0,1,1,-1.5169741368807041,1.1533233092131612,0,0,3,0
13.0,122.37,1603.61,43,752,3,-2.778823443401309,2.7227315984018956,10,2.5329023036627802,2,0,0,1.9844022900441984,-0.5284800071307469,1,1,1,0
36.0,98.46,3472.49,46,543,0,1.1459023205798722,3.532195310208973,4,1.2384172770470683,0,1,1,-0.03606775288692256,2.1108630061214013,1,0,2,0
42.0,45.53,1760.06,44,615,0,-0.4774252421994072,-1.7348201170823385,13,-0.019124029261539555,1,0,1,0.20438684982438524,-1.7810070317193403,1,0,2,1
68.0,87.41,5372.13,41,652,2,-5.711846870341948,-4.214565008421901,2,1.5940183089513087,1,1,0,0.30466835465075026,-5.028336958047748,1,1,3,1
33.0,75.3,2296.77,31,809,2,-9.500137821104637,-5.55184024724497,1,0.3478611631087333,1,1,0,2.6021323964072076,-10.71360075303406,1,0,10,1
28.0,104.98,2902.89,19,684,0,-1.469726890218002,5.365642967694581,5,-0.2503633460442104,0,0,1,0.9996862343948503,-2.2348240344175903,0,0,1,0
31.0,66.5,1862.73,45,511,2,7.259341790295466,6.34918828074595,2,0.3442936556074444,1,1,1,-1.7532176537286746,5.407119987869826,0,0,7,0
33.0,50.89,1615.67,33,662,2,7.456050969344733,6.188917665604793,4,1.6055268686286,5,1,0,0.8635503736325861,3.3143002166786903,1,1,10,0
18.0,98.17,1915.34,18,781,2,-0.15016166645307036,5.492712787290097,2,3.2817445262115705,3,1,1,-0.9995077208217251,-3.439808715496741,1,0,1,1
58.0,19.99,1258.84,22,586,1,2.384291097892206,1.2104572275529306,5,1.5357767418044235,0,1,1,-1.2230629410436893,-3.3179416633191567,1,0,2,1
21.0,148.9,2896.58,50,545,0,-2.7160859914572475,3.680823771886223,4,2.0599016060295714,2,0,1,-1.1980193218725934,2.3388515599172615,1,0,1,0
72.0,84.2,6436.88,35,589,1,-4.996764341168976,-3.15914561685353,4,0.8803006910790782,3,1,0,-0.2468516154496954,-1.8213775776857488,1,1,1,1
45.0,64.81,2861.44,33,661,0,0.43008139620083036,0.792665153814874,2,2.036015120340678,1,0,1,1.2176123839902684,-1.6261401836989766,1,0,1,1
48.0,103.28,5387.67,60,362,2,3.5177704873648907,0.9911235425058113,1,0.19900144921191865,2,1,1,0.2717579068957081,6.340832059625215,1,0,1,1
41.0,49.19,1952.37,36,762,1,-1.8224712925423354,-4.973731984858181,1,-2.402100979839417,2,1,0,1.1119760104035992,-1.695473837734217,0,1,4,1
1.0,80.46,88.18,18,699,1,5.5149523673427066,10.87699663969188,3,-1.510376467293018,4,0,1,1.381797534671681,0.7927022947935782,0,0,5,0
43.0,96.74,3852.65,27,749,0,-0.8031879579038502,-1.0650409298622046,4,-0.4562084208803523,1,1,1,-0.3798099859293363,1.0546682683508444,1,1,2,1
16.0,67.79,1058.17,37,585,1,5.535161600651212,4.285190000191342,4,-0.09162023566485367,2,1,1,1.487620275173107,5.007548914389684,0,0,0,0
64.0,26.4,1842.9,38,521,1,3.667405432540568,1.8957697520242673,5,0.3902353087802667,1,1,1,0.006536083569018939,1.352236366477141,0,0,2,0
4.0,81.76,302.77,65,790,2,0.2985234002110179,-8.968572359685014,4,2.2050487671676446,2,0,1,-2.040009821046041,-0.41508994832546475,1,1,9,0
38.0,81.68,3348.38,26,650,0,-0.9403926097741482,1.4457937520402873,7,1.729457759113354,4,1,0,0.2710718421500353,-1.8655723174966363,1,1,6,1
7.0,83.64,572.62,55,679,4,3.9323626746668263,-1.5058590108836745,4,-0.6901643636208573,1,0,1,0.582283581372255,4.234170794182262,0,1,1,0
28.0,149.99,4459.93,47,616,3,-8.253345259432827,0.5710649202454215,7,3.2623032743100913,0,1,1,0.4738140394623799,-3.52264115512804,1,0,6,0
27.0,74.07,2170.3,38,685,2,2.530276959945638,1.2651452807342305,5,0.4412689594806903,1,1,1,0.44264885655725245,0.13714376122268507,1,1,2,0
43.0,51.39,2043.85,24,573,1,6.026786267855378,5.453324957156494,0,-1.2107698147868158,2,1,1,0.5427994985104886,0.8307998715876043,0,0,5,0
72.0,78.49,5562.39,50,467,3,-6.89099717551798,1.5919959137759554,6,6.331738041635653,2,1,0,-1.5527217058448595,-6.942412983146403,1,0,2,0
1.0,29.21,31.54,49,699,2,9.040228793379788,0.7327766863039279,2,2.839532963758288,5,0,1,0.13070931258848292,-1.3153106084403114,0,0,6,0
31.0,59.69,1725.27,51,642,1,1.512895627307248,-2.374063331517918,3,1.4245703568186185,0,0,1,1.0383063258597556,1.9501338231813135,0,1,4,0
33.0,136.15,4848.0,48,666,3,-4.754215063323807,-2.3631871680063363,2,-1.7494901737186686,1,1,0,1.8258634067898953,-1.6934477996941413,1,1,0,1
49.0,60.54,2836.1,44,666,0,0.6018533880739803,-5.9468536634443225,0,2.535134185734454,2,1,1,1.0369759609618865,0.5887917345005846,0,1,5,0
1.0,77.89,77.27,64,738,2,7.101457636943423,-1.8179566785799268,14,0.6327587621758574,5,0,1,2.341248527746975,3.1293511537341545,0,1,4,0
1.0,49.21,46.36,59,737,1,3.9919636916842265,-3.818563262023842,0,0.8503766806733553,4,1,1,0.16412721278038755,-1.0007501969521833,1,1,6,0
1.0,57.33,55.98,80,850,1,-1.7283331263559534,-12.148598021379318,8,1.091827263001665,0,1,0,-0.3900683209881071,-3.7006375818900104,1,1,7,0
35.0,105.4,3454.35,41,550,1,4.167007844916735,0.9446734660164826,5,0.9258043198282442,2,1,1,-0.2797164358393829,6.54416871188287,0,1,1,0
57.0,73.56,4556.59,23,593,5,-0.33857899104716205,6.394479634482231,3,2.4123122762013787,1,0,1,-1.0951367653816648,-3.0402304605266104,1,0,5,0
1.0,80.01,76.54,52,701,3,4.825705982468318,0.42877254808662657,10,-1.0768083330722953,2,0,1,-0.08124499186908556,3.884546351482648,0,1,2,0
26.0,38.62,958.84,49,695,0,5.367478750642354,-3.9040312380497104,4,1.2026760853295644,1,1,1,-0.15783742033975962,-0.5376599055144607,1,1,0,0
1.0,55.74,50.82,29,850,3,3.1908271581168437,-0.6190445689129618,4,-1.176461326535152,1,1,0,-0.0894924963341311,-0.09890314795676079,0,1,3,1
18.0,149.99,2940.03,23,779,0,-4.066000058642609,-0.6311316118578252,6,-2.6881989690227317,1,0,0,0.4978987102578037,1.4245549993243238,1,1,3,1
32.0,149.99,5008.83,30,623,1,-8.885542428263946,1.216803264722995,2,-1.7869164289620012,0,0,0,-1.2563867544318812,-0.11510188372117677,1,0,6,1
1.0,122.82,133.62,77,652,1,4.014129495137912,-6.192458414403768,2,3.3125114300283665,0,0,1,0.3473389708674699,9.407551838877671,0,1,7,0
26.0,27.7,675.83,75,782,0,-0.08744801001814258,-9.74428130613173,2,0.3320698464709194,4,0,1,0.5895274172305643,-1.7952479892820363,0,1,1,0
17.0,77.99,1445.55,33,790,2,-2.6557803558916055,-3.6923936486125712,8,-2.4459410997987616,0,0,1,-0.7431621814177493,-2.7117701211521936,1,0,5,1
51.0,98.37,5202.64,45,479,3,-0.19214829026871108,1.652773886320801,11,0.661143940389828,1,0,1,0.8429965420314615,0.4288524740426179,1,0,0,0
72.0,78.14,5534.88,25,443,2,-9.035361042431884,-2.9535274517238954,1,-4.221838698774514,2,0,0,0.4501640101151245,-1.522743309939755,1,0,10,1
29.0,100.12,2708.29,23,788,2,-7.131006513641491,3.1720034009470064,7,2.057735940959486,1,1,1,0.3521967366878146,-7.952771604836953,1,0,1,0
59.0,81.29,4326.57,46,559,3,-0.6184482661113371,-1.8699343173223133,4,3.5161009297058126,1,1,0,0.7304142236074092,3.573292053375939,0,1,6,0
59.0,76.81,4470.03,28,638,0,-4.090185176560987,7.87117102169678,7,5.309556142322489,1,1,0,0.09864893451358696,-6.431463954184432,1,0,5,0
34.0,57.18,1928.08,48,618,1,4.9555434290889515,-2.418558374881281,10,2.296363708024567,0,0,1,-1.554377400959799,3.1091880792018154,0,1,2,0
53.0,97.76,5662.94,45,642,1,-4.849296791761927,1.1696733447592111,3,3.132474151716915,1,0,0,-0.5870599097931797,-3.704959704569317,1,0,1,0
52.0,114.22,5421.38,57,369,2,3.4240263872038526,0.8716243487619927,5,0.6868730940176706,1,0,1,-0.45024230987505454,6.635697387777608,1,1,1,0
39.0,46.19,1938.42,24,647,0,1.6107628759842152,-0.11315923394371652,13,1.386939118755663,2,0,1,1.3015501863315944,-1.305869046583334,1,0,6,0
46.0,55.57,2748.22,58,567,3,2.821131474771568,-0.9346614641665132,8,1.2998776704568233,1,1,0,0.6382520030108457,3.743287075893423,0,1,1,0
33.0,78.14,2347.75,47,758,2,-5.5657925697008475,-3.112209333282526,4,-0.08574360974210582,2,1,0,-0.6280178527880781,-3.5426673988546247,0,0,3,1
21.0,19.99,391.08,27,648,2,5.971295026170411,4.743654795535796,2,0.1367056412669556,2,0,1,-0.5943236430390991,-1.665064954502742,0,0,2,0
1.0,131.63,138.5,43,793,2,1.941015832412788,-0.2103861559405617,7,-2.1236104392753097,3,1,0,-1.3352151279425277,4.050493091473884,1,1,2,1
25.0,68.17,1836.75,52,834,2,-0.7398160261820719,-2.4479700601562686,2,1.0922597631761097,0,1,0,-0.36034371691407013,-3.644150417718185,1,1,4,1
12.0,115.17,1247.33,40,586,1,5.819304909064333,1.9768846526555859,5,-1.1604163513695123,2,0,1,-0.6166178353034864,8.781055634146819,0,1,0,0
1.0,89.9,86.68,55,752,3,11.801684648051024,0.27894937154104626,5,1.842805377001465,5,1,1,-0.42995050273588165,5.930879558751615,0,1,7,0
41.0,48.07,1930.22,45,850,5,-6.223198032851567,-5.97632611957359,4,1.6685325731303289,2,0,0,0.2229419955483646,-11.367248284620711,1,0,2,1
35.0,68.48,2482.12,30,634,0,1.8508211670883907,4.645837288526733,7,0.9929198905361447,2,0,1,-1.2343907983899083,0.006457029294727078,1,0,3,1
1.0,119.93,127.08,26,774,4,-0.062133388727077965,4.642430262505356,4,0.7720111365026231,5,0,0,-1.489333617950285,-0.5250808237941791,1,1,0,0
1.0,75.47,73.43,61,768,4,1.1298602372589028,-3.2512597578521216,4,0.7004722545626273,5,0,0,-1.56955860677118,-0.19484290742440297,1,1,9,0
44.0,105.05,4250.85,19,670,3,-4.47561327858543,-1.5786797677153657,1,-2.337714618979614,2,1,1,0.11721887617642762,0.456054858552845,1,0,6,1
52.0,85.07,4739.4,61,420,2,5.854592915925537,-1.7847862018504244,6,-0.835627874226535,2,1,1,1.1596676372553874,8.04311673712235,1,1,3,0
1.0,76.86,81.87,54,764,3,3.220712376628198,-4.9331013941899515,2,-1.0439368465526946,5,1,1,1.2267254061029935,-0.5230206564345364,1,1,4,0
14.0,100.22,1468.13,53,680,1,2.266656465889156,-3.6085755660502157,4,1.7037063767217786,3,0,1,-1.0689899116498547,2.989629479026198,0,1,6,0
1.0,60.97,61.52,36,759,2,4.94632391994542,1.5154531321694493,3,-1.6094575299699678,5,1,1,-0.44556573154199886,-1.4915262825165982,1,0,1,0
5.0,75.68,381.5,36,584,0,9.297150085943027,4.015887127093439,6,-3.0470480460784937,3,0,1,0.8885444296734493,6.591268450224356,0,1,4,0
50.0,52.34,2772.68,58,460,1,3.468340034919718,3.181518190924015,2,1.988542231106111,1,0,1,0.8880753311408311,1.4250147217666316,1,0,5,0
59.0,69.7,3923.08,37,464,2,2.455712564116965,4.609590107486895,3,-1.6123296270914986,1,1,0,0.21013617699183842,5.498496116406546,0,1,3,0
1.0,120.52,124.32,43,687,0,5.991447043513885,-2.415310236008249,2,-3.2415811587311567,2,0,1,1.8647492850131053,7.828976604113528,0,1,2,0
1.0,93.17,95.12,43,600,0,6.346280810157808,4.308985541149391,3,-0.5632549137215831,5,0,0,-1.05161564203609,6.0960522978697975,0,1,4,0
1.0,149.99,152.36,36,759,4,-8.47186686020691,1.4266013752507631,3,0.5225035705966365,0,1,1,-0.5276587839580249,-0.3704156861138858,1,0,6,0
34.0,77.58,2448.19,38,494,2,5.3731359091551925,5.814827232441275,5,0.06086289403439027,2,0,1,0.04992688671807618,3.2050654104801417,1,0,4,0
1.0,94.66,91.91,26,653,3,3.080805750786458,8.635293494488891,1,0.05301253452304888,3,1,1,0.03882668776895314,0.6529666690678442,1,0,3,0
31.0,49.51,1410.04,40,669,1,2.736538393664957,-1.7316039404772139,1,0.7973842853354443,1,1,1,0.821899813826966,-0.5183390255823666,1,0,2,0
1.0,85.94,87.27,65,724,1,5.1143043331143865,-4.639123798342706,0,-0.1370429690267092,4,1,1,-1.352781008298071,2.89709297769856,1,1,2,0
22.0,121.42,2770.95,43,648,4,0.888885726500688,-0.9272910838279059,2,0.44838514515551275,0,0,1,-1.8034671779371712,4.199081443606771,1,1,1,0
67.0,107.64,7519.46,52,643,1,-6.69535631928816,-0.11308176328648291,1,5.7502426395961095,1,0,0,0.37547604654416755,-3.7634026773578184,1,1,2,0
21.0,118.99,2437.42,26,604,2,-1.2565679890781447,9.723131027973345,12,3.054480279759988,4,1,1,-0.3686986730225257,-1.5627579543183558,1,0,2,0
1.0,68.73,72.17,70,845,2,2.571242751926445,-9.91006784882108,1,-0.08714752523811586,0,0,1,-0.5874726850479268,0.7079483215075713,1,1,3,0
15.0,84.45,1174.39,61,747,4,1.2746313629127555,-7.674410899668123,2,0.6185881033496652,1,0,1,-0.7920233380722868,2.1032528735980702,1,1,4,0
28.0,19.99,611.17,41,712,2,2.5354573804108225,0.11328701332814511,8,-1.3904258958590008,2,1,0,-0.5316863993632779,-5.593737816662553,1,0,2,0
36.0,49.94,1946.27,57,716,1,0.43391827747143413,-7.365906332745593,7,2.5957885341039493,2,0,1,-1.094384874139092,-0.8719184280659058,0,1,5,0
19.0,82.26,1517.24,25,594,5,8.864127754438185,7.0599181218322435,3,-1.9166300851323954,3,1,1,0.08646605891261357,6.326357608304576,0,1,6,0
59.0,19.99,1074.33,18,453,1,6.228866347627941,9.73426486402107,3,-1.7345011147945608,3,0,1,-3.046183249963298,2.102430674818925,0,0,2,1
1.0,118.77,118.94,39,822,1,0.5370076636057042,9.344547576955005,3,-0.01680312726943567,4,1,0,-0.5437658899778561,0.28083894954738853,0,0,5,1
66.0,83.4,5787.83,31,686,4,-9.82348181335031,-5.999385681122934,5,-0.07254764110467993,3,0,0,0.49053832588899143,-8.466237296068545,1,0,9,1
72.0,34.79,2398.98,37,528,0,3.286197052045772,-0.537171138458152,2,3.01494497551398,2,0,1,1.3367390677308382,2.0001355060789394,0,1,0,0
15.0,19.99,312.35,47,754,0,2.9488845045833947,-1.78312349598891,1,1.1890092910280234,1,0,1,0.48433032958550104,-4.376834698142141,0,0,2,0
23.0,19.99,451.94,37,774,4,3.366137718142328,-4.3151825194386815,5,1.9936970936066984,2,1,1,-0.5733764907408058,-6.6751251272845185,1,0,5,0
26.0,97.28,2758.44,43,676,0,-0.734008497868535,3.176346189218203,6,2.377217769829681,0,1,1,-0.3106633260229256,-0.21721268396236398,1,0,3,0
4.0,148.13,584.48,34,826,1,-4.942551490050998,3.076521053514142,1,3.432613513518775,3,0,0,-1.2493586730652118,-1.1866603198904684,1,1,0,0
63.0,101.4,6589.28,30,575,3,-1.546045979012543,2.628311416761175,13,2.279978589705,1,1,0,1.356712089622753,-1.4133615659829266,1,1,2,0
1.0,49.98,52.3,47,737,5,-0.959308495109647,2.0232606523227563,3,-1.267147355250677,2,0,0,-0.7254459363120496,-2.976941119469839,0,0,5,1
42.0,72.9,2915.49,35,646,2,-1.4394269953948333,2.3045890180461983,5,1.0360748242307467,1,0,0,0.1484406303830588,-4.60314906596067,1,0,1,0
10.0,135.16,1244.15,45,665,1,-0.9974547537834223,-1.3236988207788736,1,0.31448651121763893,0,1,1,-0.32694730120930293,2.4820568470237494,1,1,4,0
14.0,92.94,1276.25,42,688,0,4.925817215175541,0.32189667948580986,2,-0.5832625502751184,1,1,1,-1.3090747246574257,4.5141608900886085,0,1,2,0
32.0,77.04,2647.32,66,437,1,8.939510093671517,-0.3563870325420829,4,-2.3602577265265205,1,0,1,-0.8976646276583108,10.578922922928793,0,1,5,0
27.0,67.84,1804.01,18,679,3,6.543916827005682,6.134385632648494,5,-1.2116731536257843,3,1,1,-0.8961165044821621,1.6867716495686222,0,0,5,0
20.0,71.95,1329.91,35,518,1,6.884755114584289,8.337390774302927,6,-1.6320325832933427,3,1,1,-1.1037464909003842,6.00990231466534,0,0,5,0
48.0,135.45,6554.75,47,633,1,-8.174579341961028,-3.3956040227609123,2,-1.310439696442147,2,0,0,0.39410243483902013,-4.459845164380509,1,0,4,1
49.0,77.11,3902.5,33,546,0,1.9428726556554368,-0.008725777296497168,4,1.050123083863484,2,0,1,-0.6445603421670086,1.2597653459662441,1,1,1,1
30.0,39.03,1277.98,26,542,0,6.561113228385499,5.409628829082162,3,2.4685809435965433,5,1,1,0.7150575017560955,1.0175566961110691,0,0,4,0
37.0,40.38,1592.15,31,447,1,10.231032649121888,8.395314645043353,1,2.5226844062512215,2,1,1,0.4389158541057731,6.336950218762215,0,0,2,0
21.0,129.1,2801.33,54,607,1,0.02687456250164284,2.159388885801926,1,2.9941959688279267,1,1,1,-0.43154387336452604,4.3972635466310415,1,1,2,0
20.0,57.45,1149.27,48,572,5,6.446046447306874,3.755010230757857,2,0.40001657350111663,4,1,0,1.066970993626969,2.4931896565667175,0,1,2,0
8.0,60.66,484.54,43,629,1,4.805358459752071,1.7694249534843927,0,-0.15266570989440253,1,0,1,0.4292641662525687,4.756185916959476,0,0,1,0
18.0,96.14,1609.62,37,725,0,-2.926045249219319,4.846113071311158,6,2.8230036391667412,1,0,1,-0.14746860617383906,-3.2625275146130766,1,0,2,0
5.0,124.92,575.23,34,845,1,-4.947522990747806,-1.2341386418537388,2,-1.455748167694153,1,1,0,0.4226812874724428,-3.222249526066841,1,1,3,1
1.0,119.69,117.81,31,672,1,2.633170077485413,4.115571388539784,4,0.15258706766398655,2,1,1,0.24169146726205623,3.6081625840534675,1,0,0,0
40.0,137.61,5613.21,18,751,2,-5.803246132979157,6.873826696719854,7,0.3922818532621417,5,0,0,1.0507934973459347,-0.532198870805904,1,1,3,1
42.0,138.9,5889.05,42,683,0,-6.51728369240634,-1.4459321808006393,2,-0.8131115637816055,1,1,0,0.10914361713080563,-1.5775445041145373,1,1,3,1
12.0,80.7,994.06,18,774,2,2.1197860259835286,8.467993651328229,4,1.1305063979996963,4,0,0,0.333572152537534,-1.983829092630836,1,0,5,0
1.0,132.84,119.68,45,751,3,-2.9231338389190493,0.04801405834410395,7,-0.2881539415213846,0,0,1,-1.8344239335984316,0.4154125941782739,1,0,3,0
28.0,87.57,2231.45,62,659,2,-1.3980440315738072,-3.000152614527481,10,0.7876439104787731,0,0,0,0.8337072921749129,2.865706263080101,0,1,4,0
52.0,33.38,1904.93,18,732,0,-0.18849607914110086,6.358742591639735,1,1.955302271136778,2,1,0,-0.5078031020922831,-8.44637834494497,1,0,5,0
60.0,70.55,3985.23,30,624,0,-1.1691494236431743,7.404211284970242,0,4.396850853981057,4,1,0,0.37375465392145796,-5.0646089511951216,1,0,6,0
52.0,93.43,4783.99,33,753,1,-4.394986609649047,-2.907286156872842,5,1.0233030008154889,0,0,0,0.09087389302706406,-3.054883061670367,1,1,3,1
31.0,67.11,2116.02,46,680,1,3.2490185447006996,-6.397115311449475,11,2.9308501179824953,1,1,1,0.0321095909696462,2.426879822048421,0,1,7,0
72.0,98.26,7484.12,41,558,0,-7.536862395080542,-4.1169510522457164,3,-0.213480738914417,0,1,0,-0.009100564015036765,-1.5991015121483991,1,1,6,1
3.0,104.24,315.95,38,790,1,-2.0548735700216243,-1.894947376556264,1,-3.7482677980861774,0,0,0,2.984233944960213,0.51948416653164,0,1,4,1
41.0,50.43,1994.8,41,642,0,1.9650932750183692,-0.5293506415749476,2,-0.02886342197707492,1,1,1,-1.007856379745001,-1.0525348147426186,1,0,1,0
24.0,37.27,832.24,18,553,1,3.4126163749118685,8.011658142030704,2,-2.971122967000161,3,0,0,-0.11241407969888591,0.942207180927121,0,0,3,1
35.0,81.55,2895.85,32,596,0,-1.2532476768347867,6.322789575964394,1,1.4143452591837375,1,1,1,-0.8126073768191562,-2.9642602690375544,1,0,3,0
21.0,43.3,892.35,30,554,0,9.266085667366342,4.003246552827572,2,1.4824055921733863,4,1,1,0.6385268992703764,3.428636200287812,0,0,1,0
27.0,80.53,1979.72,37,613,2,3.5701917158143437,0.8998958724300582,8,1.373954422402611,0,1,1,0.898943138620652,4.402696994648906,0,1,2,0
45.0,76.63,3556.13,26,622,3,2.242914474576321,6.0350660399054,4,1.5821729922058616,2,1,1,1.0284158907472498,-0.30706950958314594,1,0,6,0
52.0,19.99,1078.24,30,596,2,2.42226294020859,1.4920436549549685,5,3.269756716148971,1,1,1,0.29197612884749213,-2.8288219890331496,0,0,4,0
37.0,61.48,2409.95,23,646,0,3.3119868893990123,2.6676466866015165,1,-1.5794911262041258,1,1,1,-0.21318496183934119,-1.258265970270244,1,0,2,0
64.0,121.58,7026.72,28,595,3,-3.005737326567398,0.7279972176456893,13,-1.422003634685439,2,1,0,-1.1726545979149396,3.736286336244938,0,1,0,1
42.0,77.46,3247.81,45,523,1,2.538178013295072,4.700673181607781,8,1.4202630421348603,0,1,1,-0.7527118840597707,1.6510899328689757,1,0,5,0
52.0,49.35,2355.56,34,735,4,-5.3125429369175405,-7.474477956669853,1,-1.7030601489501893,2,1,0,0.5182757962650637,-5.857921065744908,1,0,8,1
21.0,127.15,2530.1,23,722,1,-4.427311675901582,-0.6823084274013821,1,-2.986404773540074,1,0,1,-0.6415317595008015,-0.5004766620170793,1,0,4,1
20.0,64.9,1392.87,61,718,1,1.516859121786466,-6.992683110185806,3,1.8634825468407352,1,0,1,-0.6265171059534259,1.851475656108839,0,1,6,0
68.0,32.8,2314.18,39,637,0,-2.6317636490010923,-3.1181024515074034,5,0.10569657537198185,3,0,0,0.2337360506264406,-2.4131811284444042,1,0,1,0
62.0,106.51,6512.3,43,450,0,0.647717700180539,1.4741600757043105,1,0.9156958418910558,2,0,1,0.45013563416682256,2.997944608277364,1,0,1,0
20.0,118.75,2158.43,42,770,1,-4.1680628643403,-2.256796384709662,0,-1.2280458243903154,1,1,0,-0.15698093727006893,-2.112118916621475,1,1,3,1
65.0,28.46,1852.75,23,409,1,3.2146238442219874,2.117332916947899,5,-2.230698911709542,3,0,0,-0.06960731581856057,2.070739494247665,1,0,7,1
58.0,39.4,2072.8,51,690,4,-3.5706399317005983,-7.863864659105023,8,2.9636422124010804,0,0,0,-0.005864358372349579,-4.252731798865614,1,1,10,0
7.0,57.1,361.21,58,783,1,1.647962073460676,-2.54755642584675,2,3.3569405244612143,2,1,1,1.4213498406191731,-2.621121873007092,0,1,3,1
72.0,31.35,2398.72,18,589,1,4.893231255876753,7.600851211459722,0,-0.07874391913167689,2,1,0,1.0430098912316021,-3.6994219229893814,1,0,7,0
60.0,25.65,1520.28,33,543,3,3.706749452195285,2.1830744475055743,6,0.7185412565334769,1,0,1,0.43292706537115744,0.24098080276987102,0,0,1,0
72.0,34.29,2661.03,32,594,1,0.9564922295465412,-0.9092081685986998,2,4.500697380772333,1,0,0,-0.9499593727489819,-2.575732267409027,0,1,1,1
43.0,58.19,2589.89,37,567,1,6.2470140172522175,6.1907981446654485,2,1.3073189079833696,3,0,1,0.3861099581723123,2.957137813491081,1,1,8,0
26.0,119.47,3042.3,37,578,0,-3.4292387806804325,2.938717781914118,5,0.22485068093364957,1,1,1,-0.24493999768837793,-1.6953073012144517,1,0,3,0
33.0,135.08,4191.71,52,657,3,-11.250438665181983,3.1908372278314396,6,5.726728984951162,1,0,0,0.40425369119397897,-7.141695531953602,1,0,3,1
66.0,107.8,6764.01,41,579,1,-2.859510628919634,-1.2188931494816746,2,0.22935339581151437,1,1,0,1.1802192846239739,1.0988277021253505,1,1,1,1
16.0,47.13,788.22,76,786,4,-0.10350280714368153,-10.162749312701123,0,2.5623527302751743,0,1,0,-0.3010869897434267,-1.9579555194194012,0,1,7,0
72.0,62.55,4586.73,46,469,0,3.637733782424258,2.071481950206863,3,1.4159237738078638,2,0,0,0.35745814027230144,3.0879059135556934,0,1,7,0
34.0,112.52,3600.11,31,619,2,-6.3549773135495355,5.980814157355133,1,1.740748926853445,1,0,1,-0.888858549297547,-5.376558741832857,1,0,0,0
16.0,132.24,1922.94,27,705,1,-3.93938180529877,4.203061496351402,5,1.5572796163536662,2,1,1,-1.5050442901286696,-2.4149326705263503,1,0,2,0
1.0,66.55,72.77,55,744,2,7.577451084432013,-3.371367269285032,1,1.2911964611006566,2,1,1,1.5640244919671724,3.153718287602337,0,1,2,0
28.0,120.8,3228.67,25,830,1,-9.800480415573036,4.018667647496708,7,3.4585608399691963,1,1,0,1.111247412546822,-9.11740212649508,1,0,1,0
25.0,87.87,2307.94,28,616,0,3.383824085466118,5.565263322629777,3,-0.3187925639295758,2,1,1,-0.6257371634901928,1.6780241251032677,1,0,4,0
16.0,48.62,855.3,46,752,2,1.4733815101763854,-3.884523663724562,4,-0.6704058662974889,2,0,1,-0.1569323911900386,-2.4601082916273262,1,1,2,0
34.0,66.48,2165.27,28,661,2,4.711024905123778,1.1838270676474514,4,-1.6490752578267407,1,1,1,0.11203779383486807,1.9326594164171662,1,1,3,0
1.0,56.26,60.73,49,731,0,5.338107535279798,-1.413016469657191,1,1.4437757230912411,1,1,1,-0.9135574509969037,2.078040741638161,0,0,4,0
33.0,44.28,1405.47,27,793,0,-1.8657862965633893,-3.441736984287903,7,-3.2390426492417417,3,0,1,2.3798786040257025,-2.308761448327925,0,0,3,1
5.0,117.24,558.83,50,752,2,0.8674094572262562,-1.234807744463294,6,1.39845208344296,2,0,1,-0.20722021538966717,2.950636587072655,1,1,0,0
34.0,118.63,3983.43,50,566,0,0.5324840348968913,1.8832298666314942,3,3.0981139932786252,2,1,1,0.4114807364867144,3.0556525482047796,1,1,1,0
7.0,143.44,945.56,52,548,0,1.7335364618502105,1.4917752398283322,5,-0.9261354532316423,1,1,1,0.25241752278711366,7.953963028318285,0,0,0,0
62.0,58.96,3787.47,60,587,0,-2.2874205473820397,-4.395489338007482,8,2.3467561170958535,1,1,0,1.427338599336293,0.10525187592196279,0,1,5,0
57.0,22.38,1160.25,34,597,4,4.819617750758584,4.612809065521165,2,3.16833313363276,1,0,0,-0.49331356365047485,-1.3080431684800415,0,0,4,1
72.0,69.77,4868.37,24,597,1,-1.7567386371187468,2.5014687864898946,3,1.499976855999546,1,1,0,-1.1553011727865414,-1.773843565748969,1,0,3,1
10.0,79.56,823.43,42,483,1,9.343158500453002,5.550161441152779,3,-2.290028609851361,1,0,1,-0.7800228610921249,7.863892957332366,0,0,4,0
54.0,61.83,3215.94,53,752,3,-4.439891012812842,-3.0986407424018947,5,2.3071889575448576,3,1,0,-1.5390580761495387,-7.232848247613862,1,0,3,1
57.0,54.48,2985.31,38,720,2,-2.125916136745268,-3.309448575234019,1,0.1878133420704754,2,1,0,-0.7471707747906193,-2.859032290498497,1,1,0,1
33.0,102.31,3631.61,45,691,4,-1.7140426847618149,2.950065287802529,2,3.76675352716822,2,1,0,0.12812857001362166,-0.8528591513349003,1,1,3,0
35.0,84.22,2686.93,46,588,3,5.637003721796539,1.2380984311353298,2,0.10622288985034956,1,1,1,-0.0650146724605728,5.949525429590227,1,1,5,0
54.0,36.92,1829.21,51,564,2,3.070580239881186,-0.7900128388305327,4,3.2903627582720296,2,0,1,-0.29625964493350515,2.0892276574405937,0,1,1,0
1.0,110.12,106.62,60,806,2,-2.620555169562825,-0.5791741186902176,6,-0.20303734619640157,2,0,0,0.8970397054336474,-1.2182336128322993,1,0,3,1
72.0,19.99,1476.62,18,350,2,5.010131701356284,10.822655679544104,9,-1.1624182114154333,1,1,1,1.1655828882459847,2.5547565841566167,1,0,9,0
39.0,27.92,1096.09,29,684,2,3.6965952094703174,1.6420509918126798,4,3.3026664814159257,1,1,1,-0.14621923319760508,-3.016750186346206,1,0,1,1
20.0,50.13,1038.7,46,639,1,5.217077879600379,-0.6207024733164006,6,3.5106825278332283,4,0,1,-1.3079505075474138,0.36281696021143256,0,1,6,0
33.0,75.81,2735.67,57,688,2,-0.9566565779724385,-5.4984916748325166,1,1.8174696970471884,2,0,1,1.0138074743776027,2.2105097706926236,0,1,5,0
72.0,103.42,8131.67,30,652,2,-9.014935665672194,3.908341902141638,4,6.3381088487712525,0,0,0,1.2649740918490153,-9.108083237046063,1,0,1,0
17.0,64.62,1088.21,49,625,1,6.8946524567381,0.16204715915124732,6,0.7586812560057062,3,0,1,-0.002879562024639831,2.5328668438111723,1,1,1,0
32.0,92.62,3030.6,40,824,1,-5.133692813121667,-1.6400056430693184,9,-0.12555275010659006,2,1,0,0.7426924444665326,-5.237853679905881,0,0,0,1
72.0,29.03,2031.16,43,350,2,4.915022333040134,2.6713251730114393,3,1.3781909427174388,3,0,0,-0.06946700663766414,2.0583807441908557,1,1,9,0
13.0,134.88,1801.73,62,672,2,-0.6267651099172867,-3.718020426147867,1,1.813918559183184,1,1,1,1.9609353726684755,4.789147529888785,1,1,2,0
32.0,61.05,1941.27,71,721,2,-0.7434111832099775,-8.63299430735477,2,0.684006062855135,0,0,0,-1.4154398862814281,-0.6931067435428445,1,1,4,0
36.0,56.67,2150.45,47,552,0,3.419032105853707,0.7112736929657161,1,2.7868633827116835,3,0,0,0.7496432230717109,2.545786086131176,0,1,6,0
16.0,71.69,1128.11,51,712,1,0.7713844716827841,-4.385659246627136,1,-0.4486371034357489,2,1,1,0.7635632799322951,0.3042782199371481,1,1,4,0
27.0,47.96,1424.36,47,563,1,7.470671135740763,3.93634234166071,1,0.11259059415607009,2,1,1,0.29945432214811074,3.572597968057239,0,0,5,0
63.0,69.84,4251.75,42,571,1,-0.09241433238025139,-2.7066018364054734,3,2.5706145231615953,1,0,1,1.252259483043997,2.022767869218953,0,1,4,0
72.0,92.49,6563.9,18,607,2,-0.6621789933614028,9.286471106104061,3,1.7702650409621514,2,0,0,-0.7134107585931808,-1.1134930036601853,1,0,5,1
23.0,34.76,861.14,41,636,0,6.850374770335772,-0.5422626717722496,11,1.4829954196833248,2,1,1,0.3270318599084485,1.5341583165084438,0,1,2,0
68.0,34.13,2178.07,38,561,1,-0.02345074088922452,1.0901035560363337,0,-0.7118269876890325,1,0,0,-1.7879177353240048,-1.94375279481756,1,0,2,0
10.0,65.58,717.71,18,492,2,10.955348196581243,10.154340255405378,8,1.096080746139079,5,0,1,-2.123003177866556,7.121914695979164,0,0,1,0
25.0,41.13,960.32,34,485,2,9.238291856490221,9.274562840820574,6,1.2351011766468183,5,1,1,-1.1639851799658285,4.157086871993784,0,0,2,0
53.0,39.45,2239.56,29,510,2,3.405877945037408,2.46444442020684,5,-0.4859802762636639,1,0,1,0.035603728674214935,1.1169549218059984,0,0,2,1
1.0,90.86,88.63,80,850,1,-2.9999038466730625,-12.781673704820694,9,0.8620312101047692,3,0,0,-0.673144803585485,-2.2518482672809563,1,1,10,0
43.0,99.6,3864.86,42,599,5,0.11753151847889222,-0.32941164640775245,3,1.2484958793040706,0,1,1,1.991496006737131,0.6986337089863848,1,1,0,0
1.0,63.12,59.66,46,695,0,5.486358766015122,-0.43629397727760905,4,-0.5665760158003906,3,0,1,0.030994622762638768,1.9744022027817303,1,1,0,0
1.0,149.99,135.96,44,850,4,-5.453487070747666,0.24112437564705613,3,0.21481998514067135,2,1,1,-1.3059429641955869,1.996925842785731,1,0,7,0
56.0,99.08,6052.56,44,563,0,-8.694378980405103,-3.7762094468308183,5,-3.081254477690276,5,0,0,0.8035394225352722,-4.245086540326045,1,0,7,1
1.0,149.99,155.02,37,704,1,-3.7644212159234054,-3.6626215739699566,17,-2.7304983353172183,2,1,1,-0.05522287213204263,1.265092678679757,0,0,8,0
72.0,52.58,3418.66,46,461,1,2.3230632980371193,2.193264284552737,8,2.7217247934126303,1,0,0,1.9723074690454059,4.386948803100579,0,1,0,0
11.0,99.13,1149.16,36,678,3,-4.560995722299476,2.587420484976855,8,-3.4642970948647966,2,0,0,1.204615412181005,-0.07990125767347145,1,0,5,1
25.0,139.85,3819.55,31,729,1,-1.2967845907194249,2.355359339804098,2,-1.0239057454689275,0,0,0,0.9148892518044398,3.520083910213698,0,1,2,1
56.0,24.13,1434.94,40,544,1,2.7542338138432454,-2.714729674610721,5,1.334038449201728,4,1,0,-0.6212281585128118,0.052000550435715324,1,1,8,0
1.0,93.67,88.66,61,747,2,3.645439016159501,-5.1643948965818876,4,0.5826840042016539,2,0,1,0.5415868300890114,3.5115539359606642,0,1,4,0
47.0,98.22,4719.13,33,551,2,0.2966806335082291,3.103419667632034,3,-1.2505635939640838,0,0,1,1.6784948202002465,2.9431849438357065,1,0,4,1
1.0,136.21,128.09,31,850,1,-3.514800957680867,0.536804766290549,2,-0.12202883703397793,2,1,1,-0.3771905296460291,-1.580691270413468,1,0,4,0
72.0,22.79,1564.15,40,563,5,-1.8982018076428462,-3.123892818099205,9,1.2212882448453453,2,1,0,0.12932020930230836,-3.9919529435915018,0,0,5,1
51.0,126.97,6793.12,36,811,3,-11.938743664821628,-0.5763869201251735,0,5.073151292971439,0,0,0,0.0292815410506917,-10.060194970016623,1,0,3,0
72.0,28.02,2079.03,36,389,4,3.9572738964115826,4.836316139949082,3,2.3853427794874165,1,0,0,1.1657322783322879,-1.4666582318929444,1,0,9,0
57.0,50.51,3057.18,32,575,0,-3.114288150029286,-1.4585928614305559,1,-1.0862801429223916,2,0,1,0.3820669736645759,-2.8108993172278254,0,0,6,1
72.0,35.99,2517.92,18,372,0,3.271472212336416,8.002584354595351,11,3.083069383380466,0,0,1,-1.5907764847981607,2.304274185496643,0,0,1,0
72.0,98.13,7736.59,60,508,2,-2.5073125853164373,-0.7476239082845431,5,4.697461316175933,2,0,0,0.029696584074713858,0.4593009373996831,1,1,3,0
1.0,141.44,135.64,80,850,1,2.4862806520258434,-12.50965001604337,7,1.1254813468233031,1,1,1,-0.9055592658505667,5.673541858438609,0,1,8,0
34.0,91.1,2818.8,31,777,4,-3.540682253180096,-1.1268167058032146,3,-0.9367051506972475,1,0,0,0.12695740842317796,-1.626973490286407,0,1,2,1
46.0,19.99,874.34,30,547,3,6.033878597260927,5.088806514068116,1,0.0017606696854385318,2,0,1,-0.13741380064570544,0.10982801085211624,1,0,4,0
72.0,92.4,6326.13,18,546,5,-8.739163830322576,-1.1210950679244602,0,0.5482365223101497,1,1,0,0.14813479835792065,-3.4777867973903906,1,1,4,1
22.0,88.33,2005.81,56,726,1,-2.6495103500045762,-1.9066551837596835,6,1.2949023486744933,2,0,0,-0.2990751169475157,-1.0067418513032036,1,1,1,1
41.0,64.04,2480.83,23,605,3,5.348331737569558,5.637127491533634,3,0.07727299360189976,4,1,0,1.1579021180919287,0.08529706086692124,1,1,5,0
3.0,40.39,114.41,19,637,0,5.890624544657754,8.54834561698423,3,-1.3742882134811092,3,1,1,-0.16637229772992257,1.346426852230735,0,0,2,1
1.0,73.69,79.6,68,791,3,2.1718074308302806,-8.388310855628983,7,1.5597093154990758,0,0,1,-0.39573331120397714,1.3485458680289166,0,1,6,0
31.0,124.05,3732.27,39,767,3,-4.408567982226563,0.3089085475967503,3,0.3658721452009118,1,1,0,-0.41040316352858636,-3.4907984021332252,1,1,3,1
52.0,19.99,1011.98,24,513,2,5.791721500838219,5.521175589937054,1,0.613385036430914,1,1,1,0.8205231741168925,1.7772685027018083,0,0,1,0
72.0,19.99,1486.06,43,350,1,11.44805245452476,3.792929899599283,2,-0.7336652955056374,0,1,1,1.3949191353710249,6.118334227681839,0,1,10,0
23.0,77.2,1940.31,33,611,1,-1.8339377396760304,3.0460057225064796,2,-1.3978215443830568,4,1,0,-0.38150925923258855,-0.5971843278410002,1,0,5,1
23.0,149.99,3684.16,37,627,3,-4.793642915767988,1.4559065596315106,0,-2.4378034110031193,1,1,0,-0.023367602809217434,2.6147298285399048,1,1,2,1
55.0,77.48,3921.63,18,420,0,4.924169991444741,9.000724635948623,8,-0.2613084338090518,3,0,1,0.5519979044707102,5.776537697860502,0,0,1,0
43.0,19.99,891.21,49,703,1,-0.4868476508122823,-4.062683991133247,3,1.249221190603899,0,0,0,1.9292078842589073,-3.9711621843394322,1,0,4,0
51.0,24.69,1317.16,37,507,1,6.024016941331629,5.34450284470962,9,-0.5746397992265019,2,0,0,0.593298252242056,1.338996532157364,1,0,5,0
1.0,76.73,69.47,48,735,3,0.8913435547117186,-1.8455596970444639,1,0.3529550901137914,5,1,0,-0.7711096327062624,0.15358129831113088,1,1,10,0
21.0,118.35,2567.35,34,630,2,-2.0674977807774177,4.7307297909071,5,1.5908780484920406,1,0,1,-0.29855802939431364,-1.395299687603937,1,0,1,0
26.0,109.81,2953.22,38,428,0,2.8995084327469436,4.011066489982666,2,-2.531862471495173,1,1,1,-0.5299728830476796,4.226977590706334,0,0,1,0
36.0,57.0,2003.28,19,704,2,1.9439192831289083,8.671630817417375,1,1.0033868174853215,4,1,0,0.6044391547958442,-4.229756909403937,1,0,6,0
29.0,34.18,936.26,65,650,1,2.331785070030599,-3.6636324975243335,5,2.5334566042265023,1,0,0,-1.466707173805888,-0.43751431747138625,0,1,5,1
19.0,72.97,1481.8,47,743,4,0.9715044643246685,-6.6952043969595945,10,-4.114020342069017,1,1,0,0.33122483849791984,0.40714969681388186,1,1,3,1
22.0,95.59,1923.3,39,697,2,1.071316739058593,3.0634120816162285,7,1.8812925954476163,3,0,0,1.1291906504543014,0.40569667846088353,1,1,2,1
36.0,19.99,767.96,53,668,2,2.5055925104188397,-3.4624478141306554,6,4.063458184990504,0,1,1,-0.6505478763656822,-1.9916232435677632,0,0,6,0
38.0,126.29,4569.3,59,440,1,-0.17281990506791173,1.937718636214537,0,1.0680724760726292,2,1,1,0.19908044497675903,5.283642372459212,1,0,1,0
16.0,55.24,798.53,41,635,0,7.176382530694781,1.3710666288923632,7,0.8478856441301897,2,1,1,-0.3225850330766333,3.03590627321016,0,1,1,0
27.0,41.98,1169.69,29,554,1,3.032300498996528,2.1321781149004067,6,-1.4090965811345577,5,0,0,0.3380176497293095,1.1760658097002774,1,0,9,1
64.0,41.06,2444.23,38,501,2,8.51432046430181,4.283838231298077,5,-0.1490853457408422,1,0,1,1.0542583936075949,5.146153195487738,0,1,10,0
39.0,99.29,4040.36,38,601,2,1.7135553569754998,1.230743492928203,0,-0.12778056395064663,0,1,1,-0.39591034671897346,2.4525904719182776,1,1,2,0
1.0,105.3,111.58,50,610,1,3.8106118640057196,4.6035046346803865,0,-0.6147999406102745,1,0,1,-0.14295171493757314,4.114041816929789,0,0,0,0
8.0,149.99,1153.0,53,666,3,-6.391207581341932,2.5588595943540926,2,3.610047105456697,1,1,1,-0.6919917529509858,0.7877119982743414,1,0,1,0
27.0,92.2,2270.5,36,693,1,-6.117279413351405,0.9700859822298952,1,-1.9811127558034203,1,1,0,-0.48959219368424134,-2.17572212259264,1,0,5,1
63.0,71.84,4752.68,21,686,0,-1.8941062133667068,3.149479838045582,10,1.105382727651812,0,0,0,0.5844064903220275,-4.986906855236052,1,0,3,0
32.0,88.55,3022.7,30,597,1,4.178786919937876,0.7246871124278406,3,-2.339548996170171,1,0,1,0.6474843278479422,2.321602029965301,1,1,0,0
5.0,83.66,392.86,50,544,3,9.720111533825627,2.93176013451105,10,0.49442010649959084,4,1,1,0.8335794228146042,8.02928010787969,0,1,0,0
26.0,105.44,2993.64,30,789,2,-8.631182602453654,-3.3372301494456877,1,-1.6898956389559203,2,1,0,-0.009770182557487664,-7.506469132360071,1,0,7,1
1.0,135.8,125.31,27,775,3,-0.8238639009314952,2.367345311299367,11,-0.42272074882225097,2,0,1,0.39475881576246247,1.0814440355782988,1,0,2,0
1.0,99.28,102.46,29,766,0,-4.850445000207288,1.5517741339181943,7,-1.5192687057272343,4,0,0,0.8472728446496222,-2.674112551051458,1,0,7,1
72.0,37.77,2508.84,33,413,1,4.0031289536908385,4.138841287311987,8,2.1146345945354135,2,0,1,-0.9402279284707129,5.054320076645546,0,0,2,0
9.0,132.97,1269.26,32,679,1,-6.225633135821376,2.7891863597551527,1,0.3084032146129785,0,1,1,-1.658967241013723,-4.420886368663403,1,0,6,0
12.0,47.17,555.83,63,704,1,5.790233381924765,-4.7303236600708,2,2.4316641948096716,0,0,1,0.27984043971348666,1.3220321041594931,0,1,1,0
72.0,56.83,4261.86,36,590,1,-3.034386118116275,-1.5964118594257968,8,3.6776652320582226,4,1,0,-1.8792270800766686,-3.2158455679022633,1,1,5,1
3.0,59.77,190.17,39,590,4,10.47029345108075,4.028812259121453,12,-0.4897733910788059,5,1,1,0.3919398500962621,5.1518945339549695,0,1,2,0
56.0,59.64,3344.06,34,458,2,7.286885771787588,4.108954076381615,9,0.38793988570022236,2,1,1,-0.3960669222463256,5.678769821270305,0,1,3,0
36.0,67.16,2249.46,32,585,2,4.653713375574549,2.240711725834299,0,-1.8757478268855698,1,1,1,-0.45740769463446423,1.9254964586511008,0,0,3,0
12.0,61.26,711.46,18,663,2,1.7796870672790115,8.954505634801237,1,-1.7362124779897217,2,1,1,0.3126443705574653,-4.13690113511478,1,0,2,0
72.0,54.51,3626.73,38,537,1,-1.5474229602397704,-0.2960668497611948,5,-0.9669067068677492,0,0,0,-0.5360512771920919,0.9889572449099997,1,1,1,1
1.0,126.38,121.29,61,736,2,4.264600727320721,-3.4873320027960646,3,0.8268772794226709,4,0,1,-0.46940078345566477,6.042180150454712,0,1,7,0
16.0,112.94,1917.36,22,648,2,2.332568700106965,6.403610673333261,1,-0.7467075612539792,1,1,1,-0.8439719629952781,2.991849570210297,0,0,3,0
62.0,33.25,2124.31,18,410,2,7.217885533866511,11.247320101768127,9,1.2373933781629818,3,1,1,-1.8869585731632368,3.051347980363316,0,0,1,0
57.0,66.34,3864.09,25,754,2,-3.61346281487667,-1.8092070057139837,2,0.37111129838794177,3,1,1,0.3252171040406281,-3.852276601002005,1,0,0,1
67.0,101.69,6481.52,18,682,2,-1.9073656245043176,-0.6516905441204146,4,2.050832958558928,0,1,0,-1.5092357025176766,2.4873326205015016,1,1,1,1
72.0,77.9,5794.71,18,693,2,-5.352173275540628,-0.0013808049955057046,2,1.9226387742465234,4,1,0,-1.4466520814001727,-1.1480485769567552,0,1,1,1
22.0,58.95,1426.2,61,692,0,2.8024747806886556,-3.8280647440519084,10,0.6381595769591054,0,0,1,-2.0719709761276692,0.979877744920572,1,1,0,0
52.0,56.37,2872.53,35,642,1,0.8095273766633662,1.8377039576699228,3,3.0807371490789675,0,0,1,1.004341546938819,-2.5300419329932247,0,0,1,1
38.0,82.45,3379.23,61,611,4,3.268083125543569,-4.025727381496353,1,0.5095530745553616,1,0,1,0.6817862429268752,5.313957014827802,0,1,1,0
17.0,78.12,1297.93,56,618,3,5.685194110831719,-1.8943423121563951,4,0.5865010412968394,1,1,1,-0.6012846561122666,5.7347492570186995,0,1,1,1
3.0,34.92,105.59,40,762,1,5.275357479312003,-3.370062024228198,5,1.02384551033179,3,1,1,1.060805204885446,-1.8712958380839397,1,0,4,0
1.0,104.5,98.14,23,813,1,0.8442896307972751,3.38196806249444,7,-0.8236074478648271,3,1,1,0.018306142813938497,-0.6134345627441189,1,0,1,0
41.0,44.67,1727.4,43,707,1,0.17741190011480032,-4.923869052129638,4,-2.5932903183975755,2,1,1,-0.23895328476779332,0.19744993130426566,1,1,1,1
70.0,19.99,1519.87,34,553,1,3.592621687276513,-0.1288821849863278,1,2.1664732878573925,1,0,1,0.03241050422629839,-2.219901924447914,0,0,1,1
24.0,140.68,3220.88,50,724,0,-7.156995921759702,-2.659893185861268,0,2.0194932883204477,1,0,1,0.8266708117804296,-2.4357828166104536,1,0,5,0
1.0,61.44,61.77,48,670,4,8.045898151377994,2.9324223445598436,8,-0.46659410943047364,4,1,1,0.12396206757759803,3.384249440045319,0,0,1,0
21.0,58.25,1181.52,42,632,0,5.425030719303642,1.2204148839455646,1,0.7317335666064452,0,0,1,1.040782375387912,3.205579075056928,0,0,1,0
71.0,40.56,2688.4,40,439,1,4.817250455460847,4.002903554674793,5,0.5569869260923548,1,0,0,-1.1797685373312456,3.342528309331719,0,1,3,0
39.0,99.69,3900.7,51,718,1,-1.1401392200618166,0.8390909585954869,1,1.4497034472298544,1,0,0,-0.7335299032620229,0.20816301911323315,0,1,6,1
54.0,34.54,1722.23,62,640,1,-2.175289257817219,-5.126062944562547,1,3.9870229354314692,0,0,0,-0.6596844063541525,-3.2397371149225282,0,1,7,0
72.0,49.22,3295.53,25,747,1,-5.03577642403001,-4.646169812570311,1,1.476920858030049,3,0,1,0.3237867908823753,-6.071667298114341,1,0,2,1
1.0,143.84,131.8,49,656,0,0.47915954109482944,0.5225089779181116,3,0.6434030170156904,1,1,1,0.23505443991869385,4.659322151683267,0,1,2,0
20.0,85.04,1619.51,45,575,1,8.760596767373935,-1.479216793569207,1,-3.6560173937120424,0,1,1,2.6006737392208166,9.188840239127193,0,1,2,0
20.0,108.03,2282.99,26,718,4,-1.0882745842644026,4.411949332134807,10,0.5536648344071422,2,1,1,-1.3601288259559774,-1.8619675291237507,1,0,1,0
46.0,19.99,1005.24,23,587,1,3.729913196904211,2.5663818051600513,6,0.9506095187266193,2,0,1,-0.08311943332738077,-2.2815078969190665,1,0,3,0
34.0,88.54,2735.22,34,731,1,-3.139109125694042,-1.8075447201918518,4,2.471646333679425,5,0,0,0.7102291108901768,-2.646420300043375,1,1,7,1
72.0,88.52,6908.88,18,768,2,-7.1343639051373176,1.7461694317314478,4,4.449953567863292,1,0,0,1.4524706462732875,-10.202424938191037,1,1,1,0
58.0,89.61,5424.01,46,535,3,-2.4584762096961255,0.4810690684977664,5,0.022028034733092672,1,0,0,0.19569350326867838,3.2350908601708204,0,1,3,0
8.0,61.94,524.36,70,754,2,-0.21347161013295765,-7.513828612563467,12,1.8566323276243555,0,0,0,0.6992161809113883,0.807946777674663,0,1,8,0
42.0,50.62,1930.66,41,623,1,2.8998794780229633,-0.8957406232312222,2,2.293246139815292,0,0,1,-1.3390985455715663,1.394731074590816,0,1,2,0
1.0,97.03,105.11,75,732,3,1.4849383063584973,-6.268901831829855,3,0.6833504138837533,3,1,0,1.1134899201608026,2.348367992383967,1,1,6,0
31.0,122.39,3450.76,44,598,0,-2.071930001678055,2.032191819637584,3,0.9887066416264627,1,0,1,1.5203134780442569,1.6646639541515207,1,0,1,0
23.0,70.53,1554.57,43,578,1,6.983461328540937,0.8334126204140937,4,2.165656255432296,3,1,1,-0.8091993356952668,3.9671502148539153,0,1,2,0
6.0,91.2,544.5,24,849,3,0.05947791491667422,-0.3772415415273012,0,-1.7228908080613452,0,0,1,-1.004376052619602,0.9188545470291908,0,1,1,1
72.0,54.42,4046.24,18,446,3,3.824255712065939,4.986453453645532,12,0.23696078335067672,3,0,1,-0.3643508391479002,1.8939616926803147,1,0,0,1
72.0,66.82,4916.72,23,444,0,-1.5343503611310552,0.9754190306307687,4,-0.6014952953651621,4,1,1,-0.09380580885923927,0.8446144984777332,1,0,3,1
22.0,67.23,1441.37,72,703,3,0.9340196397518254,-5.497581846239421,2,1.4000118348481578,1,0,0,-1.0113109436411976,1.8300585135219936,0,1,2,0
72.0,27.61,2041.6,35,611,3,0.46513013454803176,-2.915653333560615,5,2.6035320275957434,3,0,1,-0.21354952785688355,-1.5016979025303367,0,0,2,0
24.0,139.69,3342.68,37,638,1,-5.590005933228399,7.9988176676052305,3,4.4619357625493015,1,1,0,-0.9835065165056517,-2.077386520819199,1,0,1,0
1.0,81.11,83.79,26,607,0,9.264006130978954,7.06164259965259,10,-3.25011493247468,4,0,1,-1.1831013269261565,5.547955170733532,0,0,3,0
16.0,110.02,1615.92,43,555,1,5.611968339704081,2.55443621598132,5,0.9459526300000223,1,0,1,-0.3808866416494973,9.091610434701805,0,1,1,0
61.0,149.99,9866.83,25,552,1,-3.863743765585395,0.8785786312359893,6,-0.6910474436617589,1,1,0,0.3647403321890527,5.643453463245772,0,1,4,1
43.0,44.15,1733.67,31,601,3,9.578933725115057,5.300480160448864,3,0.8391545180604904,4,0,1,-0.6149646760773794,4.283147254770299,1,1,9,0
14.0,95.45,1372.42,24,640,0,2.8694939328373326,3.041602932504584,12,-2.546673983597063,0,1,1,0.9084252136380325,1.34201233948699,0,0,1,0
47.0,109.74,4867.58,36,560,1,-4.536753122166786,3.862060316620245,1,2.113514434792031,0,1,1,-0.14676358837164155,-4.218403046167628,1,0,2,0
16.0,76.21,1276.09,54,645,2,3.269608241168284,-1.5911895368087456,1,-0.04342188977903927,2,1,1,1.8571953244294213,2.815418278851483,1,1,2,0
50.0,119.31,6060.24,43,592,4,-6.5940728611452695,-5.833267800511449,1,-2.7839430842773747,1,1,0,-0.39142978100371,-1.9046015443707245,1,1,10,1
1.0,76.09,82.21,40,785,3,2.7417082325640565,-4.458980447482404,3,0.868690555934282,1,0,1,1.9416543698666089,2.0473339782958555,0,1,8,0
1.0,67.7,62.11,38,850,1,-2.11548809268477,-3.441560802285825,4,-2.6613812755274964,0,0,1,-0.8283109154627212,-6.493022713325032,0,0,2,1
57.0,81.62,5091.48,39,666,2,-3.2032227177029444,-2.817915824300553,1,0.22420235636978336,2,1,0,-1.115137419744087,-1.9871484427166446,1,1,1,1
38.0,82.82,3434.86,40,749,1,-6.902326976090615,-3.6688515578992624,6,0.9605117262966876,2,1,0,-0.49214342589588733,-4.752705566494796,1,1,9,1
1.0,87.5,87.26,62,756,1,5.868464442581085,-7.046387463574783,7,1.1297205879071437,2,0,1,-0.6935269805627119,3.6949103345675347,0,1,5,0
59.0,115.75,6343.22,31,668,3,-0.9769455168602958,-2.4042265606845086,8,0.7179892760921642,0,0,0,1.2412585268866552,0.8248023180433719,1,1,0,0
38.0,57.48,2232.55,46,638,1,1.7977885677682988,-2.0568355331785817,3,0.90828652684152,0,1,1,1.8252049290592334,0.6611187236635824,0,1,1,0
56.0,85.77,5068.99,40,525,1,0.11527808037532,1.08753720942435,8,1.020953125200685,2,0,1,0.25471124715265037,-0.5729623030259925,0,0,0,1
26.0,62.54,1709.57,67,619,1,3.0355610564569266,-0.8815981770140836,8,0.27241058561717624,1,1,0,-0.1362322244068716,2.8763884750892337,0,1,2,0
7.0,128.88,862.11,53,708,1,-3.209825798284535,-0.9839958881769628,4,-2.9224374790708194,1,1,0,-0.49034656590821385,-1.0805887519699524,1,0,1,1
35.0,27.48,974.44,42,624,4,0.4472459787454726,0.31471027104604554,2,-1.0996170189821548,0,1,0,0.6512147406588071,-1.4335808199829863,0,0,4,1
54.0,48.24,2808.75,52,602,0,-0.6327132360421669,-4.312837648419222,4,1.0882309666856227,2,0,0,-0.9375989651121808,-0.5433390193595656,1,1,5,1
1.0,133.24,143.44,51,691,2,-1.022119816303072,-1.974305383957446,7,-4.291842390265681,1,1,0,1.3994067943391155,2.4295316495603605,1,1,2,1
1.0,59.26,57.53,46,671,0,6.958278591070872,1.4954258560638654,2,-1.108832420901372,3,0,1,0.7738183584097457,3.642389390816948,0,0,0,0
22.0,70.3,1430.25,36,833,2,-7.761835718464543,-5.441075714261555,7,-2.59340066836844,3,0,0,0.8352209456091381,-8.632502268048675,1,0,7,1
1.0,142.27,135.65,48,730,2,-0.2508696353181329,0.37857304802366193,1,1.1772078020317693,2,0,1,-0.2651054661974313,4.582737327993762,1,1,0,0
6.0,86.62,494.73,39,812,1,0.741343866291293,3.9756561341771244,1,2.5952303521984215,3,1,1,0.1312249439466934,-1.7090534296243725,1,0,4,1
1.0,72.91,70.35,53,712,2,6.492218940617993,-0.5392210057015935,2,3.060740630690421,4,1,1,-1.2674969650905088,3.8240894410522834,0,1,9,0
31.0,55.55,1775.09,45,641,0,1.6464255706247177,-0.9580841016804655,1,1.1927007213932959,1,0,1,-2.2202605217862765,2.341565855617485,0,0,3,0
1.0,112.53,112.9,71,837,1,0.5390278575719409,-8.476897545610607,1,-1.6560744733250878,2,0,1,0.14858234483354402,2.153369254893975,1,1,5,0
8.0,105.62,889.5,28,815,1,-0.5493094891278475,1.8956758376192946,6,-1.2776640612035857,0,1,1,-0.29700505384893366,1.302650355234114,0,1,1,1
33.0,55.15,1943.3,45,626,1,5.820433603227687,-2.3002020325262666,4,2.3209190625496614,0,1,1,-1.6429203208385659,3.586329144050148,0,1,2,0
15.0,122.79,1746.68,53,698,2,-3.5063568953594273,-2.046837836027089,3,0.09754328068098439,1,1,1,1.4530488728903297,-0.031167043459490118,1,0,0,1
72.0,19.99,1309.8,36,473,1,3.4295811095778057,0.2741400982279266,5,2.7047133871366964,4,1,1,0.22213820290346512,1.7537155573603818,0,0,2,0
1.0,98.52,103.4,59,736,0,3.3141401831233432,-1.5253482288936688,3,-2.4650927534759366,3,1,1,-0.2620792168091862,3.8206272237876586,1,1,1,0
30.0,54.01,1747.79,41,575,1,6.615559430890097,2.5518812440931122,6,-2.1068940396103053,3,1,1,-0.2334922518333814,3.2143197286815712,1,1,4,0
72.0,62.97,4286.11,40,534,1,2.6904246153804414,2.57718460660777,8,3.6200897398037366,1,1,0,-0.015370179906731249,0.5059020895930887,1,1,7,0
27.0,61.52,1626.72,45,568,0,4.11939767378994,4.122501888356446,8,0.05451254327252064,5,0,0,0.26535676392182683,1.304817517987988,1,1,0,0
61.0,105.29,6817.03,55,474,1,0.1835936253738384,-0.2901915493072266,6,3.6903141470269296,2,0,0,0.3887600256235102,9.183738767413354,0,1,5,0
59.0,61.03,3394.21,36,492,0,0.48007657429640255,6.395818427961313,3,1.8877211370127087,0,0,1,-0.48319446612578504,-2.631144580332598,1,0,4,0
72.0,33.96,2597.01,44,540,1,0.2869980491131534,0.09516647457721139,2,1.2816703966274745,3,1,0,0.7317348990631908,1.3125731956638214,0,0,2,0
11.0,65.45,705.86,61,669,1,3.8976642982354526,-2.2259763194598214,10,2.100495318914799,0,0,1,0.7819383154614679,4.232545534895124,0,1,3,0
58.0,90.45,4787.62,44,602,2,-0.17525040861010233,0.9653336194491098,1,2.024266798259873,1,1,0,0.458299722542552,0.7404658017244944,1,1,4,0
66.0,24.89,1806.28,36,580,3,3.287253924999294,-1.0486518603152077,0,0.5654522055651738,2,0,1,-0.704151055852442,0.1917419185581936,1,0,2,0
1.0,122.25,133.39,20,761,0,-0.9821414653406975,3.7708170936452174,4,-1.3065593220870144,3,0,1,-0.08981334693632619,-2.5944962450080564,1,0,5,0
27.0,100.6,2554.97,42,612,0,4.140430833826074,-2.1910705385285265,8,-2.395698182969246,1,0,1,-0.4952797846653775,5.168381709148108,0,1,0,0
72.0,56.72,3917.48,18,350,3,10.446731396104186,16.613311987723026,2,-0.5537523157877929,0,1,1,0.8338546405730833,10.927368540501428,0,0,10,0
33.0,103.7,3399.22,28,737,1,-4.480359613875304,4.961979291790628,1,1.5778498152696145,0,0,0,1.142012308249141,-3.932146818150414,1,0,2,1
12.0,102.13,1291.55,23,596,2,2.759912416138761,7.972218913476113,1,-1.754753515394781,1,0,1,1.605461435344296,2.3123885607845907,0,0,3,0
1.0,105.51,104.84,53,756,2,4.341594220329335,-5.604148123338335,1,-0.228086644540881,1,0,1,-1.3613313172286519,4.71514008561125,1,1,3,0
29.0,43.24,1345.6,52,719,0,0.42069683178935946,-4.9894324521150395,6,1.7438372612396522,1,1,0,0.14595276058233117,-2.6146485554196115,1,1,5,0
31.0,65.73,2043.88,57,673,0,-0.7381257213051785,-4.08513717634598,4,1.2062114769514045,0,1,0,0.02423124664593651,0.3634750463088951,0,1,5,0
1.0,149.99,139.98,60,657,0,0.0497946768409629,-4.468633140154281,3,-1.3437502761738735,2,0,1,0.3315117151525821,6.8063465363340105,0,1,5,0
21.0,56.23,1298.8,30,519,1,11.273397638783582,7.74090618046054,1,-1.2809079251272646,3,1,1,-1.0143428456341623,6.460509886040877,0,0,8,0
68.0,65.59,4838.65,36,484,2,1.8937239845631753,5.089666048420513,2,-1.5679728912104265,2,0,0,-0.9426364926636484,4.9917560711013875,0,0,7,0
41.0,40.52,1786.39,23,600,2,5.043261217458664,3.831981148074926,1,-2.8147504689782408,0,1,1,0.4279724666995302,-0.588884771848901,0,0,4,0
53.0,57.83,3031.02,40,483,1,3.2585318011301516,5.465812997823536,3,-0.6065833682804177,2,0,0,-0.7018534173504886,3.449940948488717,0,0,3,0
72.0,72.47,5378.31,24,492,1,-1.8789511776037031,1.854319031442153,4,2.495082879396492,1,1,0,1.4643134118327024,-0.9226964627872876,1,1,4,1
40.0,67.64,2873.18,54,536,0,3.404740878895641,2.1741213718592607,2,-0.9053042986419731,1,1,0,-0.06228000006789418,4.079407467024116,1,1,3,0
36.0,65.33,2297.89,45,657,2,2.352689747566222,-2.918390028352591,4,-1.643529523315668,0,1,0,2.0647263446912385,2.900331415654614,1,1,0,1
19.0,95.59,1744.17,18,596,0,-2.287714932595968,12.569499363525596,0,1.4058118801273372,2,0,1,0.8842663082157606,-4.333625884438885,1,0,3,0
32.0,114.47,3929.84,33,636,3,-3.411652174214557,1.6805176557518005,1,1.4819542545495996,0,1,1,0.37088593898718264,-3.100294971175216,1,0,3,0
43.0,30.97,1294.32,44,641,3,1.100424427863934,-2.2168823860044284,2,1.3599789427827358,0,1,1,0.24800087280035044,-1.1349803338375557,0,0,4,0
72.0,67.48,4453.24,29,686,3,-4.121603413963048,-6.045911909151521,2,0.897118502106223,1,0,0,0.45771067330084514,-3.4858470669677653,1,1,5,1
33.0,88.18,2839.45,18,754,0,-2.346896973148585,6.556025309620649,1,1.7335036574376814,2,1,0,0.49323239477169606,-4.760911776964198,1,0,3,0
38.0,142.86,5458.32,26,695,0,-3.594924738246369,-1.2782957840460718,5,-1.8364012572435187,1,0,0,1.2765281834512912,2.4692336878332553,1,1,4,1
40.0,52.13,2104.41,37,850,2,-4.152430799779722,-4.299031220335187,3,2.97761005434451,0,1,0,1.9813250466262018,-9.501039312789016,1,1,0,1
47.0,52.82,2543.24,51,577,3,-0.19970466816468932,1.3029283793200654,7,1.889689082624598,1,0,0,-1.7253866997164473,0.6788362525118821,0,0,2,0
35.0,41.0,1427.79,33,664,2,1.5120577286329093,-1.1174586928270336,6,2.3610864629601664,4,1,1,0.6144515359085907,-2.386181672324353,1,0,6,1
31.0,26.14,730.22,59,539,0,-0.5314831279890564,-2.8550280521608884,4,-2.296187145402967,1,1,0,-1.549123937211822,-0.14933423316498123,1,0,7,1
51.0,48.31,2342.14,50,583,0,1.7115120428691422,-1.699917371823548,5,1.6052998460552939,2,0,1,1.8177137175815223,2.4494111085342825,0,1,2,0
44.0,39.21,1585.65,38,606,1,1.2930763792694033,0.47722338243671997,5,2.0961748850624433,2,0,1,-0.41849430304018237,2.049429613612639,0,0,3,0
64.0,89.17,6086.7,37,500,1,2.140288069206533,5.755995019971205,6,1.3511151061357758,1,0,0,-1.6675757880151143,2.7648826828565323,1,1,7,0
32.0,69.53,2042.67,50,600,0,1.8275793989848914,-0.23639802346659697,2,0.4787047363102616,1,0,1,-0.6688197869838497,5.314146602744841,0,1,2,0
42.0,50.4,2035.46,47,605,1,1.219642068434781,-0.3328628279035753,4,1.7853329238062259,0,1,0,0.1962950513214164,0.9530554872786245,0,0,2,0
12.0,84.24,929.15,31,725,1,1.066206223792325,6.506610389397931,8,1.2432110848089424,5,0,0,2.311904999704583,-0.49558312273728744,1,0,2,1
61.0,46.35,2706.16,26,447,1,6.078460906425268,4.716062911179721,4,1.8951094367288563,2,0,1,0.3681240044300788,4.289733035410488,0,0,2,0
1.0,66.42,68.85,40,557,0,9.403717680061407,6.744703008469008,4,1.5519035005848125,5,0,1,1.1984469578472987,4.069432629790303,0,0,1,0
45.0,104.37,5109.09,63,437,4,0.6392642524125125,0.948696628677314,4,1.688531744256985,2,0,1,0.24532684719979067,4.592447841134614,1,0,2,0
19.0,99.2,2068.67,38,693,1,0.12130053709814348,1.1491039324187555,10,1.7702044208116863,3,1,1,1.8539149984873975,-0.5192919292926559,1,1,1,1
5.0,76.32,362.17,49,640,4,5.521566078602714,0.364771866637725,1,1.3661485574174663,3,1,1,-1.594387358885408,3.949446077323789,0,1,4,0
12.0,121.4,1366.91,22,850,1,-4.377002688769522,0.24403023439182586,4,1.6617298395239115,4,0,0,0.6966961297644056,-4.73593866051145,1,1,2,0
35.0,49.99,1814.88,54,575,1,3.3878202866511833,-0.6462811403494615,6,3.0480719803639706,1,0,1,0.15140296924546773,2.8922038218217736,0,1,5,0
2.0,133.17,262.01,45,761,2,-1.7908652078124894,-2.445426886525625,3,0.11513110455917341,1,0,1,0.5858143826888129,0.9511418575941408,1,1,4,0
43.0,144.51,6744.68,40,573,3,-5.779140527970572,4.349926604037526,0,4.615905946200569,0,0,1,-0.3546140432587659,-1.478530662893398,1,0,1,0
21.0,48.74,1095.77,31,622,1,0.6145368456561328,2.7884954311790415,2,0.10391496481306539,4,0,1,0.5742829142286319,-2.2305702523364714,1,0,5,1
72.0,62.64,4478.53,18,350,1,-3.5322627144890375,0.05363053159642614,1,-1.8295645545856978,0,1,0,-0.7195323589974093,0.5172335575749417,1,0,7,1
53.0,80.27,3831.23,44,678,1,-8.17904284089613,-2.514784798915456,3,-0.9854273541686084,1,1,0,-0.666314437801155,-2.4545717448082938,1,1,6,1
72.0,41.26,2888.58,18,363,1,4.939090611970568,7.820396527967979,6,4.073313376710379,0,0,1,0.5751023399695877,5.16892515604025,0,0,1,0
72.0,44.9,3119.32,18,492,2,1.2521871793761463,1.4194605556657247,3,2.399038601178088,2,0,1,-0.06712818543405892,-1.5492139743445061,1,0,3,1
35.0,113.7,3931.48,25,742,1,-1.3026819496158768,-0.9032224816022991,3,-1.474109933679118,1,0,0,-0.036902129012254474,2.010381062673143,1,1,1,1
33.0,111.39,3420.08,28,774,1,-2.062513585636492,-2.046307476019606,2,-0.43773383250598613,1,0,0,0.3639571404503906,-0.36478560771885776,1,1,2,1
1.0,148.1,155.32,59,850,6,-4.804875771980694,-1.4159933499515598,4,-2.2859335638967897,1,1,0,1.0387462388653241,-3.507721891687,1,1,2,1
39.0,52.32,1917.01,23,751,2,2.8091753152763377,4.979585512963158,7,1.571987859426255,4,1,0,-0.5892581321797994,-3.3978695117358404,1,1,6,0
36.0,88.1,3191.71,66,690,1,-0.09745573671662261,-8.17566984173024,2,-0.5802045174955944,3,1,1,0.7017513233892853,4.728169177622401,0,1,1,0
49.0,44.01,2335.83,55,513,3,2.8315401076109206,2.5257050186147607,4,0.21878953998716344,1,0,0,0.558753123060474,2.6239640950069045,0,0,2,0
42.0,35.11,1546.78,35,578,3,1.6136660457330008,1.8965609220010857,2,-0.7611485566668522,0,1,0,2.3114480744216963,-0.6600415178511632,0,0,3,1
17.0,54.75,968.88,55,722,2,0.21398091885263,-6.138764483115217,0,0.6218276944195784,0,0,1,0.12517724325988444,0.5329756410709265,0,1,7,0
45.0,97.52,3976.39,25,667,1,-3.4379381416940165,3.7418589432417018,1,0.7040839197240136,1,0,0,-0.5124148416230883,-2.236783379095183,1,0,0,1
33.0,65.19,1940.24,40,510,0,6.083769436198512,3.045782744517204,4,-2.0800167590601517,0,0,1,1.1654017746671892,3.795219148513341,0,0,4,0
4.0,82.59,317.17,46,850,3,-1.5044399102003776,-0.845503572907585,2,3.8867927049308024,4,1,0,1.8557123544605079,-4.2412916276184625,0,1,5,1
35.0,86.38,3302.41,35,702,3,-1.5394034419012859,0.5134981627640003,4,0.6851264393070424,0,0,1,-0.6939712306024318,-2.1978221705850847,1,0,1,0
28.0,88.41,2647.34,35,684,0,-2.603763849018803,3.660506122992966,0,-1.9444057053115227,1,0,0,0.7170750237684781,-0.39864321390290647,0,0,1,1
34.0,90.13,2884.65,47,577,2,5.668512573644865,-1.4136984678696962,1,-0.028677653359859723,0,0,1,0.73847878137106,5.376343172493995,0,1,1,0
5.0,120.42,655.74,56,778,5,-0.16537915412753604,0.9061139157389128,4,0.13238447632393113,1,1,0,-0.5892268578455319,-0.16208953283865304,1,1,7,1
17.0,90.65,1641.11,35,512,1,9.151237865821999,6.803240822425473,1,-2.287914425231975,4,0,1,0.33898070057941826,8.085550111449047,1,1,5,0
15.0,76.1,1108.28,47,599,4,6.328425414244659,2.504859487539332,4,0.533323438720183,2,1,1,0.3908216235492104,5.346453135052884,0,1,1,0
53.0,81.88,4758.89,51,612,3,-1.9322615021818472,-4.07923350244041,2,-0.3764603007924183,1,0,1,0.19822147184778777,-2.1539733010758653,1,1,1,1
42.0,113.35,4883.88,18,739,2,-6.398164950475748,7.026667932770874,4,3.4991600511721064,3,0,0,-0.1578407289217843,-7.010403835559192,1,0,2,0
66.0,76.14,5117.74,29,706,1,-6.5835631488859505,-2.7480961437944,11,0.4450873553613378,4,1,0,-0.17320343777904224,-5.342494351601349,1,0,2,1
47.0,71.72,3078.84,39,617,1,-1.055339002474666,-4.936738923604319,2,-3.759222229326185,2,1,1,-1.9470343640704435,1.1062271164551143,1,1,4,1
55.0,89.96,5181.08,33,615,0,1.3105156105792095,5.387770122719369,3,3.889060467997277,2,0,0,-0.5635001846560043,0.33701042840150125,1,1,6,0
34.0,62.81,2191.11,29,677,1,0.17451423983680872,4.6558022149468234,4,1.2249244003904223,3,0,0,0.776166851605496,-1.8805762211319257,1,0,0,1
67.0,86.61,5418.41,47,545,1,-4.733050639426963,-5.5045765314312485,0,-2.091154080815717,3,0,0,-0.4474139970060515,-1.3369641125109424,1,1,5,1
62.0,72.97,4933.03,38,564,3,1.7877846884145427,-1.981197595220283,4,-0.4228108821306443,3,1,1,-1.8869126768296238,4.683829560207819,0,1,1,0
15.0,66.49,1082.15,60,772,4,0.3679834304377565,-6.257465546242602,3,1.2310724362191539,1,0,1,0.9123787044185804,0.11093936853166765,0,1,3,0
68.0,39.7,2551.31,33,430,0,6.5045646786381015,7.400344870884487,0,0.22308676351499956,1,1,1,-1.1319117977395146,2.934151681519947,0,0,9,0
42.0,111.04,4380.51,63,525,4,-0.09800214569370323,1.8069730767989458,2,3.4631475894434045,0,0,1,-0.4602237369173527,3.798747964825974,1,1,4,0
55.0,106.64,6168.11,37,596,0,-2.4151213110834573,1.6054592713044968,7,3.2369779036846915,1,0,0,0.9818944603023924,-2.115565234034869,1,0,0,0
1.0,56.34,58.67,57,660,2,6.0238167127638045,-0.7282528097974812,1,3.345008710039705,3,0,1,-0.8412178832909487,2.311382060036205,0,1,5,0
32.0,106.98,3387.5,44,670,3,-3.4880276778956847,1.0101155207028303,0,3.6424741476543345,1,0,1,-0.6987763006906388,-2.6896015090499295,1,0,1,0
43.0,83.89,3790.25,34,631,0,-1.9294787180390023,-2.216525659545012,8,1.0292874445806353,2,1,0,-1.371226992308724,-1.7396104485653594,1,1,7,1
42.0,60.09,2310.64,60,552,1,3.7790894092749183,-0.6638351264956825,0,1.1350585589011033,2,0,1,-0.6847032981691271,5.5161175834753235,0,1,1,0
38.0,102.73,3647.77,26,606,1,-1.091056592520271,3.2657378898994303,16,-0.6479566831176008,0,0,1,-0.21360488557384322,-1.5264206944455392,1,0,1,0
52.0,81.74,3939.76,34,507,2,3.300225636514029,4.342562379153667,10,0.06176948374396496,1,1,1,-1.677045479463777,1.3844562537829828,1,0,3,0
47.0,65.13,3158.3,18,796,3,-4.21563689972888,-2.4388040761954266,1,-0.44755955621330284,2,0,1,-1.071594637116839,-3.707525431758622,1,0,4,1
42.0,85.34,3562.59,52,581,0,5.467327944108027,0.09850381909869017,4,1.0060500798843341,0,0,1,-0.06394906567638262,6.346314550612789,0,1,5,0
60.0,108.42,6307.86,54,536,2,-2.0990423186814304,-0.3684748706699329,2,2.586087873026539,1,0,0,-0.9096937311462564,1.312440517818089,1,1,1,0
37.0,89.53,3517.83,18,625,2,-1.7398615536591635,4.806226228671915,4,-1.1624002258455999,3,1,0,-0.8246788630175973,-0.4009347798817885,0,0,5,1
36.0,95.72,3470.47,56,588,0,1.254726418723718,-1.6826987258829607,2,0.7890151615470518,0,1,0,-0.22801170465951756,5.201704603120444,0,1,2,0
30.0,83.95,2320.16,35,700,1,2.4844481216533842,-0.6267227623862855,2,-1.174814362121154,1,0,1,0.7779016929471778,0.5607463707715462,1,1,0,0
31.0,83.28,2462.27,31,531,1,3.214100474653368,7.292021354470075,9,-0.6254884460916476,0,1,1,-0.7489823770082533,1.6296212161638615,0,0,4,0
4.0,104.99,424.52,38,744,2,-4.187637561799509,-3.70073335252427,4,-5.933132249820588,1,0,1,0.5322098006988627,-2.0083216653278466,1,0,6,1
56.0,67.19,3881.91,25,673,2,-1.6135312511840283,5.375116842787161,2,2.3762539399336293,1,1,0,1.119008508488408,-4.4882108894953285,1,0,5,0
58.0,91.62,5166.03,57,682,1,-1.2555912777182532,-1.4760202684923178,1,3.9865676367023104,1,0,0,1.4049953756438758,-0.3802057121153038,1,1,4,1
64.0,132.86,8534.7,50,474,2,-8.462900243419478,2.0553352151472732,1,3.7906585428245694,4,1,1,-0.9483903441019326,-2.353736783716124,1,0,2,0
1.0,81.91,84.32,52,750,0,5.423919900644729,0.25991322739720923,2,-1.8287364262502028,5,1,1,-1.0838129970357415,1.677045609797455,1,1,1,0
1.0,74.38,75.15,60,761,0,-0.6273419432287144,-1.8813329229428128,8,-1.6519000899435219,3,1,0,-0.11332598813798436,-0.5280313442052521,1,1,3,0
40.0,48.08,2076.74,40,487,0,7.823868017187486,7.459161864416476,0,0.6251496794824047,2,1,1,0.45242609607501927,3.955074790792444,1,0,9,0
22.0,63.67,1450.08,58,774,2,0.4393595246310239,-7.732307749887917,7,-0.7565272809417191,2,1,1,0.16318843928284435,0.20932223916816156,1,1,2,0
25.0,82.95,2023.58,38,595,1,3.5731393805141973,2.6769971371261287,5,-0.3379126381574732,3,1,1,0.1928795989732455,3.560601457756569,1,1,0,0
40.0,119.66,5177.41,33,789,0,-4.741923332928775,-2.131484110697077,2,1.339530725451314,1,1,0,0.13410606522365592,-3.404948331350435,1,1,1,1
72.0,68.51,4736.09,18,560,0,-9.081137545428815,-4.234938609653495,4,0.6198666559303382,5,1,0,0.8399139433239173,-4.121246205232947,0,0,8,1
3.0,86.24,262.25,62,773,1,-2.1588032689991787,-6.262111810522414,4,0.14109506068321365,2,1,0,0.8227092676255054,-0.6742693145643406,1,1,7,0
1.0,94.46,98.26,55,709,0,4.571326223933304,-0.009042285973658339,11,-3.3972071055567388,3,1,1,-0.04403361500217806,3.9408360969325527,1,1,3,0
72.0,100.99,7873.04,36,599,1,-6.147975144105688,-2.778725028567027,6,1.551005583391834,0,1,0,-1.145284126840642,-1.5385926701598505,1,1,3,1
34.0,45.13,1487.77,29,579,1,3.3421387948049035,3.804419749504795,2,2.3710174803826765,2,1,1,-0.09276116324617681,1.6753783388112946,0,0,4,0
46.0,107.66,5132.11,23,660,5,-7.74655420477711,7.381841218062486,7,4.514194094446207,0,1,1,-1.2523729125196537,-7.838680982974453,1,0,1,0
23.0,86.96,2077.14,44,593,7,2.983534994171215,-0.31611923028063155,5,1.0607752793075622,3,0,1,-0.1785304313410443,4.406006754441917,0,1,6,0
36.0,45.53,1667.03,51,673,2,0.4097905702013412,-3.476697614072415,6,2.120391441203838,1,0,1,-2.193961162995474,0.15505750928912126,0,1,5,0
36.0,56.67,2053.71,58,696,1,2.908470242423494,-6.819892847963266,11,1.2744364507689676,2,0,1,-0.3541621077485783,1.5270259444461391,0,1,1,0
37.0,149.99,5388.59,44,748,2,-10.392709969305427,0.7716281483356427,1,5.171948729043188,0,1,0,0.3836099789018748,-3.888029203137524,1,0,2,0
14.0,63.22,874.92,64,610,1,5.803295800393916,-1.245043177119146,10,0.27343127682203716,2,0,0,0.6950399388676989,5.0479494233987054,0,1,1,0
35.0,33.75,1268.69,44,589,5,6.448419438162702,1.1714762478347858,1,1.329474289407547,2,0,1,0.004987642528552326,1.1937516285985919,0,0,1,0
1.0,104.48,97.06,46,624,1,10.590754275192882,5.733014243124351,4,-1.9540897692421777,5,0,1,1.1038433586043412,8.40696019713024,0,1,1,0
53.0,61.41,3389.42,19,649,3,-2.0858173446275883,2.6899652052093184,5,1.2028485867175807,2,1,0,0.9927557884166764,-3.0467643648815144,1,0,3,1
66.0,89.32,5382.44,28,772,1,-8.962518222075246,-3.0074807752598915,5,2.932984083888606,1,0,0,-0.3447573770927431,-8.162120320218742,1,1,6,1
54.0,53.95,2917.44,35,660,1,1.1238833616042452,3.1272281076301605,3,1.98414726646861,1,0,0,0.26858673427723306,-0.7956364355203334,0,1,3,1
30.0,99.98,3097.0,47,527,0,1.3637983849908082,6.53057604765188,2,1.871887401213363,0,1,1,2.2329713791984327,3.0537772665058425,0,0,5,0
38.0,84.61,3016.57,48,555,1,2.8533501920391395,-1.8135706940001888,1,4.455067196728843,2,0,1,0.7895839618707109,4.918118661055678,0,1,9,0
55.0,96.66,5200.54,38,566,2,0.015002501530856097,3.8046743608317555,5,2.9491864272726307,1,0,0,-0.38783631011725966,-0.08041055551577396,1,1,3,0
46.0,65.26,3055.53,36,523,3,5.5061448102513655,2.933286384128002,2,2.1655213943712104,0,0,1,-1.5679530872422345,5.102103805311229,0,1,1,0
59.0,68.56,3668.98,24,761,3,-7.983362899492163,-3.4499794612846904,1,0.13104812240972386,4,0,1,0.6157443583591323,-7.16858880488621,1,0,4,1
26.0,124.11,3369.08,52,688,1,-5.105887566813799,-3.595782589632596,7,-2.555041762677339,1,1,0,0.40866253351761495,-1.9073565930736198,1,1,4,1
7.0,79.39,503.89,35,636,2,6.704292841665491,2.8162188351313926,1,-2.9043890772383865,1,1,1,-1.1096548817061127,4.802786766258304,0,0,2,0
72.0,104.49,7723.04,34,467,0,-7.916868046665544,-3.741089118858621,3,0.19673014588844528,4,1,0,1.4014168393337199,-1.0241403655898145,1,1,1,1
24.0,104.18,2467.69,53,755,1,-5.276892968004287,-4.448949184294893,2,-1.1367544912441332,0,0,0,2.1146786122750383,-4.757231230756585,1,1,5,1
72.0,39.93,2709.23,35,422,0,2.8141797896703333,4.906199441619302,2,0.502706576140111,3,1,0,-1.6282727975851523,4.218868552384395,0,0,6,0
58.0,48.38,2814.0,38,398,2,5.803961913233209,6.58447305032273,3,-1.157247462665684,1,0,1,0.12672023234222515,2.367545874673305,0,0,6,0
72.0,57.56,3813.02,36,557,1,-2.2524756275296784,-2.3690370677845243,8,3.5534404992283615,1,0,0,0.9565428870230516,-2.2428515536196953,1,1,1,1
41.0,118.37,4722.52,43,597,2,-8.66845599433854,-3.2614721348780646,3,-2.7527794652644846,2,1,0,-0.8305179006168082,-4.383823482627045,1,0,9,1
36.0,19.99,676.53,40,579,0,5.248948912308361,2.5364686036914517,0,1.1279155109937569,2,0,1,2.3538349849823366,-1.198929520584908,0,0,0,1
52.0,49.66,2720.8,56,485,3,7.652090711540302,5.553795346442969,4,2.838670987972209,1,0,1,-0.5510163127284874,6.247276830072625,1,1,10,0
18.0,143.29,2491.99,55,597,2,-5.542602415079396,2.0309536648371127,7,3.108462929512708,0,0,1,0.38061854891966884,-0.1980855919747483,1,0,2,0
31.0,70.23,2047.83,56,697,2,0.9513732829390615,-4.606577836615978,9,-0.7644787194168089,0,1,0,1.4740560547810504,0.717086291522991,1,1,1,0
30.0,39.6,1240.78,38,728,3,1.7159827658580726,-3.975490411704444,1,1.5124871073299628,2,1,1,-0.6751163489695106,-3.989010161808068,1,0,4,0
49.0,38.74,1971.22,55,531,2,-0.6382205364269826,-5.425377724202302,15,-0.3616272086315516,0,1,0,0.48238067735619244,-0.9392153976493602,1,0,9,1
65.0,45.6,3216.01,65,549,1,-0.7141747359967612,-2.4687830319481687,5,0.9377246224161881,3,0,0,-0.048961819100749614,2.5181734540968463,0,1,0,0
31.0,38.09,1256.38,38,570,3,4.6999772129593,6.339910164062253,3,-0.5377957923106048,1,1,0,0.09053167911946298,2.536843004569555,0,0,5,0
13.0,88.17,1123.84,77,757,1,-0.17581323988464875,-8.410460675495457,2,1.3750905016878208,1,0,0,-0.4611875392177437,0.5397696473224314,1,1,4,0
66.0,22.0,1402.49,28,538,0,5.309903032890223,0.6599852571500482,1,1.749810876303798,1,0,1,-1.069818700199837,0.6787936398376508,0,0,0,1
1.0,132.94,120.67,34,850,0,-1.0870768876577943,0.8933293764549755,1,-0.1965655919370618,3,0,0,-0.9467791212903297,0.47947130133499116,1,1,2,1
28.0,51.59,1522.6,33,589,0,8.886066861968112,1.0950328053159066,8,2.140215215241659,2,1,1,0.8279796510023786,3.9301471089968576,0,1,0,0
1.0,133.64,133.42,43,811,1,2.8149056388824527,0.9508806859795076,9,-1.4297344575641104,4,0,0,0.42714869638542674,4.822291614635026,1,1,4,1
66.0,74.49,4678.12,47,564,0,-0.3568430105535328,-2.9867118310546754,1,2.4753323658333857,1,1,0,1.3558700332747815,2.3785283605900016,0,1,4,0
45.0,19.99,836.27,34,626,0,1.1223170968602942,1.4856621308314832,5,0.019443825641781043,2,1,0,-1.278258221695332,-1.5988119457046444,0,0,4,1
37.0,49.38,1692.82,50,634,2,-0.3348626695512366,-1.0106067378237888,0,2.060628354418996,3,1,0,0.6749648226341309,-1.759956638512434,0,1,6,0
1.0,149.99,150.89,26,850,0,-2.9954016523925633,6.22589901735902,2,-0.6607443825805834,2,1,0,0.5886996031241536,1.0939440660513802,0,1,2,0
38.0,76.52,3086.47,52,717,0,-3.2318622380716473,-3.6847899110363316,7,-0.41405905541813004,1,1,0,-0.18204046245565914,-4.255311452819462,1,1,1,1
22.0,74.03,1606.97,51,698,0,1.3230919346897954,-3.5452726078777173,6,-2.8286618821262515,0,0,1,-0.15339148701795244,1.3413986085265182,1,1,0,1
56.0,145.53,8197.09,28,620,0,-4.99218136809041,-1.0758359420907078,5,0.7416311526268865,2,0,0,0.3433074811016723,2.1703629364967294,1,1,7,1
43.0,125.05,5004.26,36,583,1,-0.1539473164317429,2.6203515958745904,0,-2.317341358464631,2,0,0,0.07865338787519785,6.184739211391294,0,1,4,0
56.0,79.27,4519.23,62,648,3,-3.882174267873768,-7.13242231932699,0,0.3338211247632872,2,1,0,0.5561827879449776,1.5637183474530476,0,1,4,0
52.0,87.58,4822.23,43,586,1,0.942298904772482,1.7317999026843547,9,1.7359654966457172,0,0,1,-0.6793702429253494,1.168838324913479,1,1,3,0
1.0,106.02,110.41,77,850,3,-0.019087296955646937,-9.704822007426596,1,-0.36262961216904166,2,0,0,0.6678623379799348,1.1473816411469042,1,1,7,0
51.0,54.06,2999.97,18,775,1,-4.64916535050529,6.189229420499427,2,2.1904023925454457,2,0,0,-1.2143861514189598,-11.716954744755355,1,0,2,0
36.0,138.39,5413.33,34,725,4,-5.987812396437211,-0.24809111092746874,2,-0.09008059124283885,1,0,0,-0.9062005940398753,-2.4097929852881066,1,1,1,1
68.0,19.99,1286.58,25,448,5,2.9449148677858887,1.7291381628317772,2,-1.5041589946278817,0,1,1,0.2108420408032965,0.597451163736596,1,0,3,1
35.0,106.68,3955.48,41,522,1,-2.4400571234281725,5.388741534120241,1,1.5880093933672426,1,0,1,0.09018224608085276,-1.0427826514377108,1,0,1,0
43.0,63.23,2565.75,52,568,1,5.6958904406034945,-1.7516871230807132,8,1.2974886315679681,1,1,1,-0.6169027536151962,5.716540981795407,0,1,1,0
47.0,91.98,4740.91,48,571,1,-0.5955247201559473,4.8170846344817555,7,3.9096275936707956,1,1,0,0.28039321030277037,0.3415363657608231,1,0,5,0
38.0,99.68,3446.66,26,788,1,-4.9966311612494865,4.631715783791814,7,3.0913590338381947,1,1,0,1.388923932583282,-5.372604693474743,1,0,3,1
19.0,19.99,395.35,21,594,2,9.672063579005313,8.899675566859145,3,-0.7773174008535219,4,1,1,1.238982051139471,-1.3531686451515896,0,0,5,0
16.0,64.75,1054.52,50,563,1,7.952698978607236,2.095247918217339,3,0.6442821336675011,3,1,1,-1.7287287073112083,5.484920367704685,0,1,0,0
49.0,19.99,1046.15,40,618,1,3.613544257085719,-0.8324141546706718,7,1.0884754939203891,0,0,1,0.7910913649177796,-1.7183315733887852,1,0,0,0
72.0,54.83,4310.35,18,350,1,2.224660603938026,8.791752543545941,1,-2.7694327695073024,2,0,1,-0.9768937999801575,3.4647906519050493,1,0,3,1
60.0,63.76,3893.24,33,618,1,1.4058684156901817,6.809082394865797,7,4.160723990310499,3,1,0,1.8457789132615745,-1.8342738778739882,1,0,8,0
14.0,97.48,1359.27,37,690,1,4.483106493075579,-2.2081477055406102,2,-2.573449527131645,0,1,1,-1.0389384319634791,4.005097125569956,0,1,1,0
72.0,52.17,3522.67,34,538,0,-1.7943865477316303,-3.324167230087838,2,1.2764438266640459,0,1,1,-0.8858577626265768,-1.699451930792121,1,1,5,1
1.0,106.5,110.28,46,719,1,2.2566110858371347,0.7717766325731131,5,-0.826978378429399,1,0,1,-0.23567120187847435,4.167389757533057,0,1,2,0
13.0,90.6,1265.36,58,675,2,0.5203395673989415,-3.1948512177918023,9,-0.9318354941516181,2,1,0,0.5083866575937769,3.1460884178358204,1,1,4,0
72.0,108.41,7941.27,59,420,0,-2.2635440143720404,-1.2502813398188202,5,2.4046786661270723,3,1,1,0.1595649520252739,2.007240341052207,1,1,0,0
37.0,56.26,1972.23,52,615,1,1.6538712489735448,-1.1978115481609906,6,0.8824832059886119,0,1,0,0.20713079835957568,2.344071063893714,0,1,2,0
72.0,52.36,3417.19,30,503,2,1.5618311255822046,3.971960553486807,1,1.7357664241547566,1,0,1,0.20158342906465923,2.011847231963144,0,0,2,0
39.0,88.92,3290.25,43,622,2,1.0277093423993875,2.8622256620317152,3,1.584918833012681,1,0,0,-1.0417182250159462,1.5001148736164227,1,1,4,0
49.0,19.99,886.91,33,511,3,1.2749767698908614,-0.49892594450889327,6,-0.788414716409333,3,0,0,0.4680489780775183,-2.0155233741207366,1,0,10,1
72.0,34.95,2475.46,28,441,1,6.614152466264899,6.630284142245142,2,1.0245029024783139,1,1,0,-0.4159708836219764,0.9916861797176075,1,1,9,0
1.0,38.04,37.76,47,679,1,6.516173501007123,1.839178248647415,11,-0.7923161473073191,5,0,1,-0.1384959962817611,-0.859836415479069,1,0,0,0
51.0,78.49,3690.16,33,563,2,-5.413597879568647,7.0597838575642164,3,3.3013261686345654,1,0,1,0.18422801556809412,-7.936306597889774,1,0,1,0
72.0,50.73,3950.74,31,663,0,-2.3293634951997557,-1.7925893697783153,6,4.290671151372364,2,0,1,1.4780120125601561,-4.716648264888938,1,1,1,1
61.0,49.4,3293.86,43,632,3,-4.992654312570801,-8.304959233756511,1,-2.2541321850611227,3,0,0,1.3946822639785172,-4.8815930111732,1,0,8,1
25.0,51.92,1321.67,39,674,1,3.5113913607640934,-1.9992833576045874,5,-0.043301701885051225,2,0,1,-1.0788298815688055,0.3464178293034253,1,1,3,0
49.0,71.51,3511.06,33,453,4,6.582257086836029,3.920365522424277,3,3.1730434332591626,2,1,1,-1.1385173823653942,6.982354501344819,0,1,3,0
6.0,147.33,953.91,41,753,2,-6.4473867358023105,2.782601790952101,6,2.7582126480872953,1,1,1,-0.6251108968174951,-2.3144652889861934,1,0,2,0
1.0,81.61,75.98,61,776,3,6.2929457540182305,-2.2177690930073033,1,-1.5190968705742853,5,0,1,0.9349398254486428,1.6856082237811283,1,1,0,0
20.0,97.45,2058.84,43,652,2,1.4214368750030106,4.113798692319811,4,1.6690655514005008,2,1,1,0.15116375337116272,1.7250771635573774,1,0,4,0
21.0,78.68,1765.31,41,637,2,4.246390092811004,-2.0098564320452477,0,1.680387161617421,4,0,1,1.4260504405940286,2.0685196637187344,1,1,6,0
70.0,56.68,4139.9,30,571,3,-0.6906127615049357,-0.8838763552351576,6,0.2974505347104862,3,1,1,0.22919256506057262,2.0240173161768733,0,0,1,0
36.0,114.08,3959.34,52,563,2,4.645648731376885,1.325268513560577,8,1.884060351298221,2,0,1,1.257908170311175,7.079283462221373,1,1,4,1
50.0,149.99,6862.74,71,514,2,-6.662646930637874,-3.0464005244034986,4,5.8821626112859375,2,1,1,0.2153371359084934,3.2088765845618235,1,1,3,0
19.0,81.52,1625.76,47,536,1,10.49301208191846,1.7260208771154422,3,-2.2883123830679377,2,1,1,-0.17968383473532873,9.709516661614026,0,1,5,0
46.0,19.99,907.12,44,545,6,2.6962823009144934,-0.3934805486042304,5,-0.027311877040438803,1,1,1,-0.30666290488748843,-0.5917692373431411,0,0,2,1
68.0,77.47,5258.15,53,546,3,-2.2368805562748273,1.0526209220528335,4,4.902610613460902,0,0,0,-0.6078482658746572,-3.12517547102961,1,0,2,0
1.0,149.99,143.29,38,817,1,-8.438979371631374,0.30915450347443485,1,0.6117489399328432,1,1,1,-1.851991654378832,0.22263955063068547,1,0,8,0
70.0,37.31,2561.12,54,517,3,-4.280338453264024,-5.9767039720285275,3,-0.7396376049608867,3,1,0,1.0394310065901264,-2.5831491851085837,1,0,7,1
45.0,128.19,5328.16,31,675,4,-3.594649613534438,3.3443221276899027,2,0.8460511001378235,1,1,0,-0.2812419563864861,-0.5894759986125165,1,1,1,1
8.0,149.99,1122.8,42,700,0,-8.016493607435002,-1.0671144035717066,2,-3.4757078847321194,0,1,0,-0.9210239326088074,-2.191203073518201,1,0,6,1
16.0,144.07,2421.16,44,649,1,2.201609382605863,1.1256151809985537,2,1.2280552204207553,2,0,1,-0.3378639811309925,7.151694959002564,1,1,1,0
29.0,86.39,2361.56,44,589,0,2.031640196605522,0.3181629904376709,0,1.0966985964885692,1,0,1,-1.4518205856223534,4.568487677298316,0,1,4,0
64.0,123.05,7645.5,18,728,1,-4.4146706759513945,3.6669864864016066,6,4.317350825852681,3,0,0,2.6046549067155356,-3.3405579308254514,1,1,1,1
68.0,60.03,4095.7,33,566,1,4.504515783557161,2.6521911824130764,5,0.8009186415706838,1,0,0,-1.314989395471575,1.7569090697167948,1,1,6,0
54.0,30.05,1607.74,22,502,1,4.3023978246003844,4.334503968759678,1,-0.8876435540143123,0,0,1,0.2766722130251434,1.1396760836358137,0,0,1,1
54.0,136.41,7712.34,44,627,1,-9.899172118297471,1.9365695516564594,11,5.317772970608308,1,1,0,1.3169583387898993,-6.534254387435448,1,0,3,0
59.0,82.16,5159.7,50,510,1,1.675022376546215,3.6047118548446084,1,3.0437262286962996,1,1,1,1.2163944003337215,3.1680368882823324,1,0,6,0
38.0,77.32,2835.16,37,613,2,-1.272249593729949,8.139944192455033,1,3.2371923001174183,2,0,0,0.9887490481303827,-2.9964495815763814,1,0,6,0
42.0,40.06,1641.06,54,710,0,0.007222398036410042,-5.736230434364683,5,0.3541456645790451,2,1,1,0.521879721659021,-1.1872694265756762,1,1,1,0
43.0,124.76,5833.47,34,672,1,-8.547452213976252,-2.9614774744813266,6,-2.35123574943892,3,0,0,-1.4511763048312325,-3.529016918492296,1,0,7,1
42.0,119.76,5081.96,40,637,0,-2.3078775045340385,-1.3378552285154017,6,-2.1964486288709457,2,1,0,1.1927933818518908,2.3741013459522766,1,1,0,1
68.0,38.23,2741.06,48,552,4,0.641644437334381,-2.0162262767265666,6,3.1571205445504775,2,1,0,-1.0951539847549425,1.2222108163119798,0,1,3,0
53.0,63.75,3316.38,40,560,1,7.231954187520713,1.7479358044764521,1,0.735314766003804,1,0,1,-0.4924088711032832,5.237672086223274,1,1,7,0
37.0,125.46,4343.36,30,774,2,-10.610669683137177,2.8674466775213836,4,4.261727622092885,0,0,0,-0.26142102482932733,-8.907689051874671,1,0,2,0
19.0,88.98,1787.57,59,663,0,-3.617102501756809,-5.581668461177622,2,-4.881250670803326,2,1,0,-0.3516533206310375,-1.8243511238800534,1,0,6,1
1.0,55.14,54.32,26,739,2,7.8111695900185385,3.06954056039728,5,-3.113156663206495,3,1,1,-0.5590049079860567,1.8394040724124243,0,0,3,0
49.0,58.8,2736.13,37,768,2,-0.9904832167326687,-2.5313815960524457,4,0.459244839927346,2,0,0,0.6918822939272777,-1.9572980173314791,1,1,3,0
1.0,121.04,129.16,53,743,0,-3.51954710223112,0.3094361275032089,0,1.667632282709807,1,1,1,-1.821380364068861,0.015330529415796297,1,0,1,0
1.0,99.89,90.21,30,575,1,4.574412852572871,4.066282504860963,2,-4.263192773085932,1,1,1,-0.3542407023106691,3.806304464000124,0,0,1,0
72.0,104.77,6962.92,26,517,4,-4.295181068109412,-1.725324794091302,1,1.777314082115955,1,1,0,1.0511041357952924,-0.5022132603772727,1,1,2,1
49.0,57.25,2694.66,43,591,2,0.3106557593929019,-1.4649152759232857,3,2.056372531102979,2,1,1,-0.29303945898551986,3.4711564330343303,0,1,5,0
30.0,92.87,2722.0,29,772,3,-1.7563496861029761,5.780651289231538,0,2.7545667965896183,3,1,0,0.6270907031279033,-3.1669733662991177,1,0,5,0
51.0,23.02,1230.18,45,568,1,5.668162479641071,1.532158195502015,4,0.39269092508045256,0,0,1,0.816392156922348,0.6380278451374993,0,0,5,0
64.0,22.86,1507.24,41,481,1,1.2667431519736072,-1.1051030202544092,3,-0.8947124038854742,1,1,0,0.1759881449260698,0.8604280638269076,1,0,4,1
43.0,106.42,4520.12,35,700,2,-4.63685365398608,-0.24128629666915574,2,-0.02564756683895797,1,0,0,0.2689832959086426,-1.1612569965226964,1,1,3,1
1.0,138.74,138.14,80,835,3,0.8943290167420003,-11.482384766054555,5,-0.13108777848262732,1,0,1,-0.9044044158200075,7.602551150506274,0,1,7,0
1.0,89.02,83.8,36,796,1,-1.3287649737417193,1.6447351208308012,4,1.318138793915786,2,0,1,-0.9114006364220063,-3.5375995299186704,1,0,3,1
72.0,38.16,2783.7,37,498,0,0.0710488051900411,2.0299956723802506,1,2.5479801248098255,0,1,0,0.838669236209474,1.139911999871925,0,0,3,0
35.0,75.83,2481.21,40,566,0,6.6874774873132115,1.8415947282292995,1,-1.624052904013841,1,0,1,0.7193224931427815,6.9457102550239895,0,1,6,0
26.0,102.83,2715.12,50,556,1,3.774379009391081,0.24473892533285585,8,2.1917368770437884,3,1,1,1.553165085958045,6.279562964319002,0,1,5,0
51.0,85.86,4696.05,33,470,0,0.5123281668329103,4.121404034221647,3,-1.8447023753644478,2,1,1,-1.1508909728518033,-0.30066223597927916,0,0,1,0
65.0,39.05,2608.95,22,568,4,6.804071606873464,5.136627584648683,1,-0.1426037631009729,1,1,0,-0.825834648771136,1.100601318317219,0,1,8,0
53.0,31.77,1774.89,37,561,1,3.713291356292898,1.6982569731693542,3,1.5427633082075793,1,0,1,-0.3026524706740491,-0.06879560382829739,0,0,0,0
12.0,67.96,789.33,55,673,1,3.3364008777998393,-0.5036435128454148,2,-2.4370020050028485,2,1,0,0.6176033007254264,1.9593901822132853,1,1,3,0
16.0,88.38,1307.57,59,705,1,1.6149851884691218,-5.110698397545334,9,-0.49442005686887625,0,0,1,0.985555297061107,3.8318476834967843,0,1,2,0
1.0,100.91,94.88,45,850,4,2.018996697309997,0.5270957624977355,5,0.3209783941953612,3,1,1,-0.7113302039700827,2.4062187023236126,0,1,3,0
52.0,32.89,1636.4,42,512,1,8.387155832826135,2.451889255711242,5,0.3931917669179955,0,0,1,-0.13488413198480184,3.431613157269569,0,1,6,0
52.0,85.65,4326.12,75,640,0,-3.8336903908840823,-9.264348154624432,1,3.1600647062294493,5,0,0,0.7893333642639807,4.784851153422944,0,1,7,0
12.0,91.79,1088.06,23,850,4,-1.9457117340275394,-0.28681880216408406,3,-0.07177129126098492,1,1,0,0.34272151139850443,-1.2601189650408597,0,1,1,1
39.0,65.02,2544.96,41,547,3,5.128231442598568,3.466738897347431,5,0.16811145894990454,1,0,1,1.3310113628853903,4.831918214628123,0,1,3,0
60.0,94.6,5591.66,42,701,1,-4.31804380313036,-3.7195032647741164,6,0.5904262521081857,1,1,0,-0.6846903108812956,-3.283545683767453,1,1,0,1
5.0,149.99,749.27,39,697,1,-7.3776111892232334,-2.9457395453869926,7,-1.0450357204571006,1,1,1,-0.294075745069688,-0.9209933380880564,1,0,10,0
30.0,96.86,3189.34,80,686,2,-0.6043515104239912,-9.090517474946246,7,1.6637640648503584,2,0,0,0.049178863420118527,4.126907525176938,0,1,2,0
27.0,107.54,2813.77,38,731,1,-2.2311322595252987,-0.6851926825817795,2,-2.0165717169019173,1,0,0,-1.100505406808146,0.804426342068884,0,1,0,1
30.0,86.39,2837.7,28,762,2,-3.0034733728830147,-2.317777934533359,2,-2.2671529718567545,1,1,0,0.59939661061714,-0.4647910623231098,0,1,5,1
36.0,149.99,5520.85,57,560,4,-2.8372760819583176,0.0010197328015635154,4,3.5786469123850813,0,1,1,-0.3342615016467226,5.485180842281055,1,1,1,0
25.0,85.13,1999.23,48,704,1,-0.8161546868452533,-3.0027042656798093,6,-3.0253375377071894,2,1,1,-0.517786851791997,0.25122270891681886,1,1,1,1
72.0,92.35,6323.62,18,669,2,-5.1767875120212885,-2.2906039937551346,8,0.48244228306988457,2,1,1,-0.03486973776805174,-1.9765255583149568,1,1,3,1
1.0,82.18,83.93,62,680,2,5.5339609216919445,-3.775879262739377,2,2.2797573774154545,5,1,1,1.0437158880601585,2.709398560063581,0,1,8,0
34.0,54.09,1684.59,54,719,0,-0.5296233237134609,-5.681036252659143,2,1.0348645348339376,1,0,0,-0.1825683269386385,-2.436004596498024,1,1,4,0
33.0,105.62,3590.17,33,658,1,-2.7148361649045394,4.619830569708967,2,2.030126483530987,1,0,0,1.8215016963351944,-2.755919782832469,1,0,1,0
28.0,103.9,3056.59,43,578,1,3.4366989451446166,-1.1911157345887122,4,1.2131753038425632,1,0,1,0.3881759769922599,7.007672332913832,0,1,5,0
11.0,115.51,1159.88,57,734,3,0.4966587587088286,-6.977390813984299,5,0.7826364393906825,0,1,1,-0.009182905109177537,4.687045503159253,0,1,6,0
53.0,91.49,5151.73,30,670,4,-3.847460005860346,4.756884291994914,6,3.67567790307973,1,1,0,0.9888747887507795,-4.404137128795488,1,0,3,0
7.0,130.31,915.39,51,655,3,1.1407551216340304,-3.7933389747903545,7,-1.8110132168566189,2,1,1,-0.4638783062842993,5.019691957572619,0,1,4,0
1.0,137.39,125.28,21,850,1,-2.6990977237244604,6.997797688489028,8,0.8170741427067653,5,0,1,-0.43663569737725616,-2.6068150528360294,1,0,2,0
45.0,86.5,4103.9,45,649,1,7.880689310490853,-4.038947921058625,7,-0.40122521435945246,1,0,1,1.1631429912970164,9.072757612199165,1,1,5,0
47.0,93.37,4438.78,23,627,1,0.13486416223604253,5.743017329040771,1,1.0168797554669586,3,1,0,-0.9822768566977856,-1.7431600801350913,1,0,3,0
72.0,35.37,2687.97,28,401,3,7.162446867635436,8.327825744110541,1,0.6792982533900049,0,1,1,-0.5329299384862407,5.015171665747143,0,0,7,0
72.0,51.88,3722.45,48,594,0,-5.946084811659832,-4.013332233219672,3,-0.30607884569200794,2,0,0,-0.4231021294661737,-3.3241523201961924,1,1,1,0
1.0,149.99,162.97,42,790,2,2.7151566463446613,2.448485677628297,7,-2.4916720730853883,4,0,1,0.22285132356001333,7.433529778591317,0,1,3,0
62.0,87.16,5305.71,18,622,1,0.033846397476836106,7.565971508547709,1,1.194140914187416,2,1,0,-0.2824059765261034,-0.23698199511158594,0,0,3,1
47.0,19.99,898.05,41,526,0,4.579781172412277,-4.220263999245948,10,0.8904571722922925,4,0,1,1.3854474519111384,0.02446718638174091,1,1,10,1
20.0,149.99,2723.02,39,544,1,-5.094933286519455,3.1026941460782376,6,-3.557891042719449,0,0,0,-0.05296355810964748,4.247800741204985,1,0,4,1
43.0,53.78,2467.79,79,714,1,-4.23999906999166,-7.283644593661823,2,1.0217137190875447,4,1,0,-2.2248477053592635,-0.9092468041137585,0,1,1,0
1.0,99.46,95.2,41,850,0,0.14575860966459425,4.315779524733517,1,1.2635459198867822,5,0,1,-0.8378123219414859,-2.0099340106351185,1,0,0,1
1.0,77.94,85.42,18,827,2,6.868843117704681,6.37413407968411,1,-2.435985992961953,4,0,1,0.07725861802311372,2.500044974097145,0,0,5,0
3.0,72.37,214.38,24,609,3,7.318433994173292,6.431807822162967,2,-1.5233187326876596,4,1,1,-0.9049969479975731,4.529412166155788,0,0,2,0
39.0,68.62,2927.05,29,673,2,0.7812724362625395,6.317485060090328,2,1.9919956608721825,3,1,0,1.3610124166257045,-0.8687314713554035,1,0,5,1
48.0,33.77,1713.26,24,659,0,1.0618356748539566,2.4905036772485643,1,1.8858207224164794,2,0,0,0.16341990102587803,-2.9239351029401965,0,0,2,1
72.0,19.99,1379.13,39,707,0,-5.462622284901184,-10.34802297570954,2,-1.4035063297261274,5,0,0,0.32197843187432706,-9.10619404798374,1,0,7,1
19.0,67.32,1276.31,36,508,1,10.788856942730312,5.068306425291979,10,-2.6351592795037586,2,1,1,-2.2268569488815553,8.233919255368782,0,1,6,0
43.0,141.84,6467.95,47,579,2,-7.360246118147688,3.9696004634999444,5,4.7672243536363155,1,0,1,-0.5714862382972744,-1.838924358619847,1,0,0,0
58.0,73.85,4672.66,41,492,0,-1.2060761872766197,4.198034021473079,2,1.4096168967888383,2,1,1,1.0207089483240925,-2.322483502794009,1,0,2,0
72.0,66.53,4625.21,34,599,3,-4.098604763638366,-3.777133359587102,2,1.7939010475108517,3,1,0,-0.41990446818277943,-2.1819558750214423,1,1,2,1
33.0,91.86,2896.81,44,699,1,-3.820822053250613,0.9340667855292383,5,2.3430656658953564,0,0,0,0.22157847480172888,-3.596068101590689,1,0,1,0
67.0,19.99,1295.56,60,573,2,0.849984479731332,-6.757038384478038,5,2.684472894565551,2,1,1,-0.24979826308304692,-2.1018742230348777,0,1,5,1
13.0,60.94,790.67,61,810,0,-0.27833503269468546,-2.882996596067875,6,3.5368442462733474,0,0,0,-0.4975743327959531,-3.463303533323032,0,1,1,1
59.0,75.48,4465.31,34,677,3,-1.643370740531182,0.1177191593152778,1,3.1310145851214006,1,1,0,-0.6052492939932643,-3.0189140084427173,1,1,0,1
55.0,101.47,6023.49,50,660,2,-6.9900674468215644,-7.243171768535732,10,0.17576789126187886,0,0,0,-0.9484670686722382,-5.801693955778617,1,1,7,1
16.0,64.23,960.19,79,812,3,-5.515689264665653,-10.702532214614076,1,1.3297574419658058,2,1,0,1.024708250886757,-1.9560801657666587,0,1,9,0
40.0,81.78,3189.78,21,702,2,-0.09824540151055583,-2.6325155703821665,2,-2.936288619372224,0,0,1,0.31239338600565675,3.4410565178479993,0,1,4,1
43.0,33.69,1555.71,40,654,1,-0.6818255844586565,-1.3136639822276206,2,2.962455345990958,2,1,0,-1.4199182868099776,-3.5291308592460413,0,0,7,0
66.0,62.73,4438.61,54,606,2,-2.0044922004104295,-3.082785492167815,3,1.9643158274483845,3,0,0,-1.9588575591685737,1.0403644500639582,0,1,0,0
49.0,129.08,5916.03,41,667,2,-9.950709882538328,1.062495618489692,5,4.46281440429089,2,1,0,0.37588751779201157,-6.262224325027405,1,0,2,0
1.0,100.76,94.82,28,725,1,5.885773287096542,5.425186757331617,4,-3.155005176385489,2,0,1,0.579545192137724,5.509667382029981,0,0,2,0
72.0,96.6,7510.15,31,583,1,-8.807097610123176,-4.500851681017086,1,-2.4941502487042437,5,0,0,0.6527795490842438,-4.106758134805096,1,0,8,1
47.0,99.78,5106.43,25,681,4,-1.2281961160668782,1.9359462145183621,3,0.7953384169238088,1,1,0,0.05652026342302248,-1.6189701958660065,1,1,1,0
1.0,87.71,80.82,67,641,2,7.075622360397653,-0.6812461492044138,1,-1.2757357191656933,1,1,1,0.944353327354747,6.63906498906418,0,1,5,0
1.0,54.01,59.0,28,617,0,11.117916208553341,7.5171863943034545,2,-0.36287323425605156,5,1,1,-1.0433938175339883,3.788151492976531,0,0,4,0
41.0,34.13,1451.4,54,715,1,-0.9358066793693497,-6.486614461171204,3,1.6828906229044112,0,0,0,-0.6157393624640694,-3.3217874243194982,1,1,6,0
1.0,122.14,110.45,80,773,2,3.149345013017318,-7.658047238675639,1,-0.2731605987258484,0,1,1,-0.06444846617998316,6.536415458452355,0,1,1,0
29.0,100.3,2617.9,59,607,0,-0.09630975313641434,-4.279666093530057,3,2.635158415780011,2,1,0,0.3033968550307903,4.549741638293052,0,1,10,0
14.0,99.87,1272.81,18,790,2,-4.852799492989681,8.12510435290207,2,0.24495046342391746,1,0,0,-1.4258538990643537,-5.005063743259164,0,0,1,1
57.0,113.84,6424.94,43,628,0,-4.940289723808741,-1.1897445679090366,0,2.8956703101161287,2,0,0,0.44516561644661706,-2.3172412029168905,1,1,1,0
1.0,86.29,91.61,65,734,1,5.250811154711461,-3.8877696142063805,5,2.0446560548988195,4,1,1,-1.0730867267625492,2.4257877420205167,0,1,4,0
40.0,83.85,3559.78,44,543,1,4.436727565216689,1.8069000291598825,2,0.018634404714497732,1,1,1,-0.6679519252135826,7.0013245374270365,0,1,2,0
1.0,74.2,80.15,67,850,1,-0.6433187152624414,-9.891677831497503,4,-1.812711918855121,2,1,0,-1.0226785051469178,-3.622462077403859,1,1,2,0
72.0,49.28,3885.58,23,523,0,2.986597772635049,7.043151964606175,1,3.222787739839247,2,1,0,-0.6383225939858669,-1.328208831200905,1,1,9,0
40.0,112.51,4672.65,34,665,2,-5.748907086399021,1.9141465662598531,7,2.1819188384198385,2,1,1,-1.8027177166214243,-3.9739946304141176,1,0,2,0
41.0,123.2,5163.59,40,728,4,-8.003534660589667,-0.11575655013666322,2,2.850945668599203,1,0,0,-0.9397651864827626,-5.519180826330829,1,0,2,0
34.0,98.9,3229.88,18,669,2,-2.990276796378281,6.5965447335702425,2,0.014531154204392549,3,1,0,-0.16341882564298021,-2.049538408083778,1,0,0,1
2.0,105.09,229.21,37,702,3,0.5274146938224497,2.2319505896263685,6,-0.2598400939361719,5,0,1,-0.5546122352001588,1.0708130968334866,1,0,2,1
20.0,63.67,1355.46,54,610,1,5.869099872141595,0.17054685195754693,6,1.3671615215719584,2,1,1,0.8484188759445344,3.7747328873634354,0,1,0,0
46.0,56.1,2774.17,41,564,2,5.730405246285984,1.0968070765502052,2,0.923301405675161,1,1,1,1.4446819695185904,4.454575296112884,0,1,3,1
30.0,80.31,2331.35,57,562,0,5.308941074524725,-0.3708534725628936,5,1.1723097229317718,0,0,1,-1.5840502255987388,6.826397658388305,0,1,0,0
40.0,87.34,3773.23,35,481,2,8.525523376365436,4.176565734795384,6,0.017502933523081188,1,0,1,1.6018268207792592,9.058435594439933,0,1,4,0
72.0,97.29,7532.26,55,364,3,-3.755315992537255,4.450964912925241,2,6.231239610188587,2,1,0,0.5949726034591367,-0.4604220912194966,1,0,5,0
1.0,33.6,32.16,47,761,4,4.507301492281489,-2.424484374226954,10,0.262313221791442,3,1,1,-0.4267848484897734,-1.678386486525364,1,0,4,0
67.0,81.29,5087.44,34,429,2,4.494556504364867,3.5811538851630043,2,0.9797148497413839,0,0,1,0.828905047202385,8.007337409660472,0,1,1,0
72.0,107.39,7246.26,25,508,1,-3.773003148786216,-1.12204054892032,0,0.57935982959945,0,1,0,-0.9233438263172261,0.15920673067538674,1,1,3,1
40.0,98.72,3557.99,26,653,3,-0.3598923812842998,6.712193432449552,5,3.230762464325202,3,1,0,-1.3583296000609597,-1.2055945592293609,1,0,5,0
1.0,100.88,92.53,77,779,3,-1.358359261664671,-9.597986726028791,1,2.924504028792817,2,1,1,-0.8377950441942328,2.533310224645876,0,1,10,0
27.0,97.9,2595.65,40,523,2,3.141300769660587,4.516055209484705,4,-0.6425868556174098,4,0,0,0.9193410290191679,5.869262478621968,0,1,1,0
56.0,47.35,2709.54,23,545,0,6.935590019106867,3.9926103909128323,2,2.7107488733685767,4,1,1,-0.5783301026154583,1.9256393769819802,0,1,1,1
72.0,28.66,1988.23,38,453,3,4.964533717751691,2.4892040240862463,3,-0.10478139256303565,1,1,1,-0.46996076823290633,-1.2699859481430602,1,0,4,0
46.0,96.2,4617.61,18,701,0,-5.562708445224526,4.496204506169712,3,1.8098145982445422,1,1,0,-2.7516731235016407,-7.942795789599806,1,0,1,0
71.0,19.99,1305.08,19,456,1,5.618858163975501,4.358608805851377,9,0.350823070958208,0,0,1,-1.2158064386605574,0.6704877988242879,0,0,0,1
36.0,90.18,3396.0,64,613,1,-0.46440070529118516,-6.527629218198744,4,-3.085652477570018,0,0,0,0.7323634098241499,1.5815829637098378,1,1,3,1
32.0,129.29,3859.71,46,534,2,1.9896387752271958,-0.824907505464864,1,-0.550786083869658,1,0,1,1.0718405085358165,5.7835262166140495,1,1,2,0
33.0,121.16,3969.71,47,715,2,-5.464603695978985,-2.5252858899309962,4,-0.7409338135538495,1,0,0,-0.9955343986455908,-4.092976963964768,1,1,2,1
11.0,149.99,1754.45,53,617,2,-1.3090924829616768,0.7268376703180143,4,-2.90284993177854,1,1,0,-2.31705195417924,5.031338439387668,1,1,2,1
27.0,75.69,1899.01,28,659,1,3.1422669807145134,-1.1499466909547529,0,-5.280936850714359,2,1,1,0.4324648545551765,7.082874106727783,0,1,1,1
1.0,78.48,81.12,44,850,1,-0.7607738878153603,2.8551008210770297,5,1.2298341039847838,3,0,1,1.4450427384501865,-3.760420465038398,0,0,2,1
62.0,95.13,5806.53,33,717,1,-5.448494237526533,-1.7536243920773367,0,2.20131642013659,2,0,1,-0.27449128300248704,-5.451454567231749,1,0,2,1
27.0,89.19,2225.84,41,521,0,7.533825239969412,1.4867850579129487,5,-2.459405061703278,1,1,1,0.007852476392627449,7.4161250258532645,0,1,3,0
46.0,50.11,2337.44,19,443,1,8.139070528259504,11.030450272641454,3,-0.4036365755477286,3,0,1,1.1509865284037972,5.283559523306756,0,0,6,0
72.0,34.69,2636.07,36,574,0,1.4004216885613685,-1.3689316534361684,1,-1.3636946865950983,2,0,0,0.2064995154334286,-0.2038403181494733,1,1,4,0
1.0,132.77,136.1,38,809,0,2.1575065540386253,1.6515149221836751,7,0.41060852267087833,4,1,0,-0.47626476648641675,4.493489552314863,1,1,1,0
72.0,20.42,1563.68,28,457,1,8.019288952512735,4.058348081512128,5,-0.40975346788990674,1,1,1,0.49985425369576336,1.2000563714349866,1,0,8,0
44.0,99.03,4131.44,36,684,1,-7.273685442912012,-5.710334780022809,10,-2.1293840038305243,1,1,0,0.6997876350774045,-4.820261182947911,1,1,10,1
17.0,74.28,1144.24,59,623,1,5.9669055570283485,-1.9967094048002512,8,1.1381989446129877,2,1,1,0.8643733215003714,4.302097138800861,0,1,1,0
30.0,121.2,3529.16,29,704,0,-1.1858125615386534,1.3244865153941967,5,-1.4034118513107074,0,0,0,-1.2345795495474055,2.796057149419216,0,1,0,1
38.0,31.28,1234.74,33,658,1,1.6612992979250696,0.8564154210955676,4,-1.1052515448759275,2,0,0,0.8525103589019525,-2.716372102773518,1,0,0,0
34.0,33.9,1151.82,36,703,3,-2.1555822840837915,-0.34698786010260185,5,-0.27102044171350015,2,0,0,0.6570864760512172,-4.3486458341150085,1,0,4,0
35.0,57.46,1834.92,42,588,1,4.657618247385036,1.7447815402913835,1,-0.07619812841336893,2,0,1,1.1269466797824685,1.7132714581709059,1,1,2,0
67.0,41.45,2581.09,37,536,0,-1.1276400503395934,0.4197878588985148,6,-0.2533437420706314,0,0,0,0.4426285955570513,-0.9743309855305422,1,0,2,1
40.0,112.71,4240.66,38,637,2,0.7796130598499856,3.788600004405061,3,2.9094298977795994,2,1,0,0.2713431273066097,2.9119122923845424,1,1,5,0
35.0,105.27,3453.07,52,766,3,-6.100731226677155,-2.116045121944645,0,2.218220003843829,0,0,0,1.2703146313898643,-3.7190692030878885,1,1,1,1
45.0,54.92,2312.58,41,448,5,10.323169553736856,5.114048276471076,0,0.1636982998267974,1,1,1,0.5104288753678284,7.816153463974295,0,1,8,0
12.0,63.41,703.26,65,707,2,-0.6052626416974521,-3.9021063800173326,5,-1.6123631014371704,2,0,0,1.0457461766629028,0.576994817933809,1,1,4,0
60.0,69.42,4477.94,55,590,0,-2.9198031240295625,-5.49263175695352,9,-0.8086435948444167,3,1,0,1.1156158687348625,-2.6558495857024678,1,1,1,1
48.0,118.3,5925.69,29,710,2,-3.5602957509726787,3.0161924151030344,5,2.4706324710142016,0,0,0,-1.0904620407059924,-2.1195008004979985,1,1,4,1
37.0,33.77,1245.64,30,850,1,-4.317198050906537,-4.633613153393673,0,1.3270707585673316,2,1,0,1.315531449627574,-9.17991555087671,0,0,1,1
1.0,85.02,79.83,36,850,1,-1.6395041659380438,5.910302315453491,0,1.9921950614603108,2,0,1,-1.0653402299193837,-4.957431317843424,0,0,4,1
49.0,37.07,1931.52,35,654,1,2.3182991200503116,1.7930423512024614,5,2.634285083737122,1,1,0,-0.8598337456024716,-1.702534767767289,0,0,0,1
29.0,57.64,1741.02,59,816,1,-5.590237939642625,-8.613430296130975,5,1.654924926756899,2,0,0,0.14630636481057382,-4.149795090954763,1,1,7,0
32.0,39.76,1359.29,52,591,1,3.3920619219505084,1.575977545806079,7,1.3104795502634512,1,0,0,1.9577388619392202,1.9259679123086737,0,0,1,0
72.0,19.99,1525.06,18,448,1,8.750784053705472,9.586181189485554,0,0.1238717615255106,2,1,1,1.9233193765733139,-0.40068545154232516,1,0,10,0
72.0,56.04,3645.12,18,453,1,-3.3644336337395973,3.814670255615125,6,-1.5256893462311378,1,1,0,0.6739552285386734,-0.610586122879287,1,0,0,1
37.0,65.62,2560.38,43,488,0,6.660392983491485,4.794795322658272,2,-1.291808969642736,3,1,0,1.1316931878940615,5.824924958242636,0,1,3,0
10.0,77.71,776.91,38,741,1,2.762535773923375,2.234366108392073,1,0.16774169779810777,3,1,1,0.6201647490776525,0.5737257418256138,1,1,3,0
54.0,47.33,2583.3,44,850,1,-3.9396609573853296,-5.101992782898846,1,3.028020423445286,1,1,0,-0.4239945944152489,-8.243889217855136,1,1,1,1
71.0,19.99,1400.51,29,457,1,4.808283001914359,5.098642304706417,1,2.9358593908899437,0,0,1,-0.5864872600912153,2.2463355457746337,0,0,1,0
7.0,65.82,422.41,41,790,2,2.9556438324739616,1.4910435569150948,6,3.5647930065659716,3,1,1,-1.1249941557083463,-1.8711562695633919,1,0,2,1
60.0,41.96,2470.04,38,646,2,3.2912622974518237,3.243489980796335,4,4.615770463750476,3,0,0,-2.1016046205093897,-0.9381701804640777,1,1,6,1
41.0,58.57,2550.97,46,504,5,8.306938334716554,2.8310857555944215,14,2.5148249819896513,0,1,1,1.1164816113754994,7.1396286072636626,0,1,2,0
1.0,112.52,102.09,58,780,5,3.6777694848155664,-1.6186998049651626,1,-3.817775899827026,1,1,1,1.2496064954574266,4.185666610470591,1,1,5,1
28.0,92.7,2760.21,20,709,1,-0.7287556802991633,2.5383395645447675,2,-0.31753781081343224,0,1,1,0.74143543160364,-2.478721886111374,1,0,0,0
1.0,66.18,71.09,57,734,3,5.983734590573828,-4.573686820083629,4,2.005943692412493,1,0,1,0.7261293251870428,3.587555545762383,0,1,5,0
31.0,43.83,1264.21,46,632,1,3.783320231989549,-1.0543187822347604,1,2.5788374567444485,2,0,1,-0.967433937204783,0.17225000602323098,0,1,4,0
72.0,51.68,4047.72,23,383,2,-3.0491085604063564,-1.673561933833849,11,-0.0320864095325496,2,1,0,1.2791191876789365,-0.7426438456572453,1,1,4,1
1.0,127.49,117.69,34,729,1,-0.2761359128366434,5.193361199136246,1,0.9139406822518057,3,1,1,-0.5897885313845831,1.599080333528362,1,0,1,0
53.0,90.98,4876.58,58,569,1,0.7466812592512364,-4.095889705133647,6,1.6258089639308473,1,0,0,0.6153632461588591,5.137695405389497,0,1,3,0
72.0,56.57,4395.76,43,703,1,-4.749029925452465,-6.858687558523565,2,0.5490326558362676,2,0,0,-1.6756651676480374,-4.56282293176519,1,1,4,1
71.0,68.32,5319.14,32,521,1,3.888662048478081,4.513400169048863,5,3.2876718377249707,2,1,1,1.1014426343626063,1.5057352466503637,1,1,7,0
45.0,71.85,2989.28,55,543,1,1.6298791840547797,-1.2591359744788093,5,2.3760674951819443,0,1,0,-0.24336422386370005,5.179206391982392,0,1,5,0
31.0,47.42,1524.97,40,590,3,7.636844699117297,-0.44161244414998735,1,2.7515106452925924,1,1,1,0.46189619899645196,3.7303531122461018,0,1,2,0
18.0,123.26,2069.08,24,823,1,-4.624224709460659,0.7574158770622326,8,-0.6679317790515451,0,0,0,-1.929931279774511,-1.3097002588818782,0,1,3,1
56.0,91.36,5485.1,27,720,4,-3.196226776942369,-1.4355530256284683,13,1.145334271066429,0,1,0,0.06972119607955805,-1.1612635076119129,0,1,3,0
46.0,56.95,2704.59,32,722,0,-7.561913479589256,-4.545349321183928,8,-1.867555030440252,4,1,1,-1.1507870637602484,-8.214981790711178,1,0,6,1
40.0,50.01,2115.91,40,520,4,5.044798522127896,4.527200542267642,3,0.3217634711349182,3,1,0,-0.629511157454496,3.076192673900876,0,0,1,0
21.0,66.72,1462.82,46,725,4,-0.08026828544795157,-3.5153207698249065,8,0.40498789674867386,1,0,1,0.877590772268304,-0.6458152093580335,1,1,4,0
1.0,55.96,50.93,46,850,2,0.7050482398872645,-1.9560874042609688,12,-1.1874869553084846,0,1,1,-1.6692288079401094,-4.008784694069789,1,0,5,1
52.0,65.19,3175.68,30,633,3,-0.3760066107366068,3.1448667103073507,8,0.5013932667329146,0,1,0,-0.3508090260592119,-0.5932532582909051,1,0,3,1
43.0,41.75,1717.13,45,721,1,-1.6956816641661616,-6.204376529216284,4,-0.9762757533764961,2,1,1,1.4664158669366583,-4.43708988557491,1,0,2,1
7.0,149.99,1092.77,59,617,3,-3.793624595396904,-4.65935234519831,5,-1.1210065197570382,2,0,1,-1.4509379662856727,4.9049917236905065,1,1,7,0
72.0,35.05,2363.65,24,504,1,1.0655793922924268,1.5422611319814954,9,1.499761845958101,2,1,1,-0.1359396975443308,-2.60670245907629,0,0,1,1
40.0,53.42,2215.51,35,664,0,2.888066340003817,-3.4981599599920967,5,1.6685700338208593,1,0,1,1.304576317376845,0.030806016144253514,1,1,4,0
1.0,123.58,125.74,27,808,1,-1.256693928099529,1.4450154732606533,1,-1.1428761865609562,2,0,1,-0.12661777876713054,-1.198781438532805,1,0,3,0
1.0,103.92,104.9,35,544,2,8.286143154515926,5.681432568929038,6,-0.9738470622659837,5,1,1,-0.45170655575378105,8.477696369231406,0,1,1,0
1.0,55.59,57.75,71,752,0,3.8870050959484015,-4.694968463605798,7,0.3886638477674385,2,1,1,0.19015265528060776,0.2194850080740335,1,1,1,0
46.0,130.95,6527.05,34,619,0,-3.052665620076485,-2.5438943586652543,5,-2.9961282134455094,1,0,0,0.4694431956306679,2.839723728613069,1,1,4,1
14.0,109.63,1687.32,73,613,1,5.275830258387906,-3.4514820979000556,7,0.8051980140329673,1,0,1,-0.22748673511534848,10.189277816355279,0,1,0,0
31.0,116.73,3588.45,34,691,1,-6.186610185011121,3.669916735703682,2,2.3269735155122415,0,0,0,-1.6781573824893123,-4.817994925476922,1,0,1,0
44.0,98.26,4141.25,39,548,0,-2.0181180842088304,5.662083397029855,3,2.438659850000043,1,0,0,0.6151163402610318,-1.877437529240869,1,0,2,0
72.0,104.54,6802.51,18,606,2,-4.4989182766465206,4.772490630084018,3,1.5776220905433835,1,1,0,-2.63417027348343,-1.6104269055875635,1,1,5,1
41.0,64.69,2651.52,27,552,1,5.317143248253875,2.950436052039658,6,2.342038022890096,4,1,1,-0.1406769762043801,2.7721138624274806,0,1,3,0
1.0,95.34,91.22,45,746,0,1.2086312605094147,-3.6043037447524053,6,-0.7670507848288414,0,0,1,0.9159544895620487,3.4218649505050736,0,1,4,0
51.0,86.09,4400.15,48,495,1,3.867500341812999,3.506227938761757,6,1.5847449537111986,1,0,1,-0.9901385043986622,4.465541679142375,1,1,5,0
37.0,149.99,5791.2,43,567,0,-1.020246638837704,4.256775751862941,3,3.5532345461071624,1,0,1,-1.5298266245907397,4.408499664726357,1,1,2,0
12.0,100.92,1308.54,42,661,2,4.4140636055304485,0.03285148539915112,4,-0.711579911793203,2,1,1,-0.11987349126775533,3.9475713846965688,1,1,0,0
4.0,77.96,292.31,56,707,6,2.599842005074164,-3.529423258356507,5,-1.1965020274884792,1,0,1,0.45604439939424035,3.865868035285298,0,1,3,0
39.0,104.13,4235.84,34,722,0,-7.558000777069991,3.4595307364925216,2,4.344987668037794,1,0,0,-1.1795967761078439,-8.216347219175494,1,0,1,0
55.0,140.96,7463.83,55,623,1,-5.009974845803349,-2.7084351571380436,4,3.927973559569223,2,1,0,0.3184607739216486,1.9662856167942857,1,1,0,0
67.0,121.48,8074.73,54,593,2,-5.510452477716465,-2.4941377342598487,1,0.6152937672395263,2,1,0,0.6730637667626611,-0.8786399016397723,1,1,0,1
39.0,56.25,2053.95,37,725,1,-2.5483889658135146,5.189637469332791,2,2.109853902155359,2,1,0,-0.02182521906455501,-5.117681539291682,0,0,3,1
37.0,55.69,2010.95,37,493,4,7.300913635494918,7.125428115259261,9,-0.4971504535887509,2,1,1,-1.8869458706254052,5.94319043370965,0,0,5,0
1.0,129.38,135.94,39,704,1,1.2981928705499493,2.553539859357478,3,0.13853713481187324,2,0,1,0.8454085579191971,3.2516321304323923,0,1,0,0
7.0,94.89,616.9,58,626,2,7.02817234997816,0.05977274110131221,1,-1.8271294535906368,3,0,1,0.3676309751792123,5.625925944283206,1,1,4,0
59.0,77.45,4678.13,21,470,0,-2.667750722353221,-0.8037227324810878,4,-3.137220825087866,2,0,0,0.27723698281903525,0.6100173129653826,1,0,10,1
27.0,45.94,1277.87,27,495,1,11.957586641309492,6.534198311774338,7,-2.383395892699809,2,1,1,-1.233950190193722,6.088226352386436,0,0,6,0
1.0,85.83,79.55,18,850,5,2.7219981294361086,7.550980027712302,3,-0.7745974146243265,5,0,1,0.7347776907849245,-1.822145103020042,1,0,3,0
22.0,77.96,1854.32,25,617,0,6.204363411597801,6.58380141310702,5,-2.0587876714607294,2,0,1,-0.28955509488023456,4.327554640467224,0,0,6,0
68.0,90.15,5617.21,38,439,1,1.4331599468097216,3.8320747362089924,5,0.6125302017857522,2,1,0,-2.461952323753389,5.603160006986213,0,1,0,0
43.0,87.96,3875.84,61,536,2,3.379931312364739,1.4612492908029582,1,-0.13600327410174018,1,1,0,0.6272706330842215,6.454404033582248,0,1,6,0
27.0,148.94,4054.78,35,759,2,-8.579290077773202,0.6317560459894461,5,0.3949010890962631,3,1,0,0.17032522842648018,-2.768860357089609,1,1,5,1
30.0,108.3,3562.37,56,640,2,-0.5297261760224364,-4.359587162313573,7,1.1279235221592885,2,0,1,-1.713443645896305,1.9992979379883569,1,1,2,0
48.0,66.92,3030.75,31,506,1,6.261856446400302,5.678099240631169,1,-2.9282627348347585,2,1,0,0.8331968773788306,5.153723890932233,1,1,8,0
72.0,82.53,6072.99,39,465,1,-2.6983272661329365,2.9068360297591784,4,2.7613736949761525,1,1,0,0.33744249080988303,-4.581665214446534,1,0,1,0
52.0,87.25,4684.82,21,642,3,3.809130331089585,7.274740200593841,10,4.1937098341973,3,0,1,1.2561952159829843,0.043826473848673615,1,1,8,1
28.0,96.89,2733.92,36,707,1,-2.9345321285585806,-3.590942917750795,1,-3.550595606833668,1,1,0,-1.1627872516127034,0.23249142071952839,1,1,5,1
51.0,19.99,974.45,35,550,3,9.765595238386483,3.035649210711985,6,3.7289790714515765,3,0,1,1.0086670886080629,0.4312616706863051,0,0,2,1
63.0,70.1,4485.48,37,470,0,3.9181512431337064,3.730914473955124,9,0.4818655226560242,1,1,1,0.7361703441949743,2.2104422737266796,0,0,4,0
62.0,38.29,2279.69,34,533,1,2.4799315990921333,0.7358738748185183,1,0.712014307566353,0,0,1,0.05116733139611881,-0.1208635865634603,1,0,0,1
71.0,41.81,2682.07,18,571,5,0.035670790877401964,1.5418547542930843,2,2.620256777714606,3,1,1,-1.60392254540565,-3.50408511712602,1,0,5,1
20.0,67.24,1408.63,64,645,2,2.8255038410963773,-1.084613513998149,6,1.3195036775592284,1,1,0,0.0806141635632799,3.8860604633958995,0,1,0,0
38.0,44.47,1644.88,28,843,3,-0.2979371309233077,-3.6067395352564215,2,-1.9873811227029723,2,1,1,-1.2240184734551756,-1.8144466257289456,0,1,1,1
55.0,24.95,1394.72,23,433,3,9.577546059382069,9.17640010364831,2,0.1167129272938705,2,0,1,0.6113283782592098,4.327159487083266,0,0,6,0
41.0,106.64,4401.23,41,804,0,-3.662025215709509,-1.6286894344044294,3,4.04095991849442,1,1,0,1.220811355283394,-3.399584063904986,1,1,0,1
60.0,51.88,3037.32,22,538,1,-2.379352865600089,5.419709072551971,3,-2.9508036050627005,1,0,0,-0.9438816423848048,-0.24149100832017947,1,0,1,1
58.0,78.51,4370.2,22,624,0,-0.5985241895893594,4.2672165970137454,11,1.1224245117146587,1,1,0,0.7483595725575182,-3.069674916517922,1,0,3,0
1.0,88.8,93.56,33,740,0,-0.311897009331963,7.622894633796124,2,-0.026357951367837695,4,1,0,0.05550546905436414,-1.3876119702091383,0,0,1,1
44.0,93.21,4197.87,30,553,2,-0.2872062775178204,5.950544968850571,0,1.0478025430168199,0,0,1,0.7164944878925753,-0.9394347791553507,1,0,2,0
3.0,149.99,431.06,34,830,1,-1.915897146675558,2.6470228556923323,1,-0.7074543767021952,2,1,0,-0.20336003849367698,0.7386381503936186,1,1,5,1
14.0,99.89,1445.87,51,562,5,6.909580499993021,-1.333771219019226,2,-2.65087580029264,0,1,1,0.43333456935087883,8.747261510552372,0,1,1,0
1.0,84.27,84.98,68,709,2,1.8542444789834094,-6.265150083469884,3,2.799570625975353,0,0,1,1.5976885886548708,4.724042778508528,0,1,10,0
1.0,84.71,87.6,58,663,1,7.814162776289654,-0.21486587800764023,2,1.2631565864757306,2,1,1,0.03969000248568295,6.634000638027492,0,1,1,0
9.0,62.19,555.62,73,700,0,1.5358718923844912,-6.063865351252715,6,3.632108425079093,1,1,1,-0.8779900170857423,2.972905609549237,0,1,8,0
72.0,51.6,3744.73,21,553,1,1.060067895666999,1.22131081450565,3,1.3629528475453574,2,0,0,-1.5686893199708534,-0.38976838440618683,1,1,2,1
13.0,98.78,1269.27,39,768,1,-2.3493620054617104,-1.7058844643903013,4,-3.131776333730229,1,1,0,-2.89903549324889,-0.06146978147953041,0,1,3,1
15.0,118.02,1610.41,18,722,1,-4.146076560797285,8.656732412576435,1,1.6346497670465445,2,1,1,-1.4372794875696595,-4.146537489118643,1,0,1,0
72.0,19.99,1561.63,39,391,1,1.071376103707818,-4.738413401920399,2,-1.1580960450486004,2,1,0,0.1267601847669045,-0.23138057171913445,0,0,8,1
33.0,75.79,2564.84,42,711,1,-5.867515336874562,-6.847960860676179,3,-3.87618981993976,2,1,0,0.739786913017019,-4.541558077628514,1,0,10,1
1.0,122.83,114.15,33,715,1,2.0296644212583823,6.385125278439512,4,-0.7175637904614279,3,1,1,1.1101277843440687,3.6004568263733177,0,0,2,0
72.0,86.9,6086.83,45,485,1,0.4882541217441432,0.9023259242223732,0,1.3335764572432707,4,1,0,0.6535740742378521,7.679274580599298,0,1,1,0
1.0,149.99,152.23,32,816,1,-14.979216446197038,3.331614476598153,5,3.9506207956221586,0,0,1,-1.0318716008228253,-7.870138888990518,1,0,8,0
29.0,48.67,1469.12,61,726,1,0.7017658280609367,-5.236823929289994,4,-2.1232747963636553,2,1,0,0.5306888857073816,-2.3298486839087884,1,1,3,1
43.0,76.01,3073.55,55,742,2,-2.354870088772065,-9.889105632510029,5,0.6443406326782577,2,0,1,-1.2996163759995583,-0.612153502878458,1,1,5,0
23.0,64.48,1352.15,62,656,1,-1.5648470303267836,-1.6124743603730247,1,1.8282947961943825,1,1,0,1.0983050159899022,0.7405950359225348,0,1,6,0
70.0,24.32,1568.13,30,506,1,-0.019563195436701555,-0.22512850229519202,6,-0.8546337265421681,1,1,0,-0.9330333643599004,-1.4020026220809372,0,0,4,1
1.0,80.27,76.39,61,693,2,6.945178229589761,-3.839020107720271,5,0.5933352223473853,2,0,1,0.11700633317846916,5.188417749062363,0,1,2,0
13.0,62.4,786.02,18,628,2,4.973077222957416,7.466572643443922,3,-3.5273710228310935,1,1,1,-0.3196917363906834,0.3601586251948405,0,0,4,0
1.0,78.63,83.76,68,827,2,5.503482676160255,-7.373744259054339,2,0.25831260375717857,0,1,1,1.1907565406805871,2.8646290037160407,0,1,2,0
46.0,45.93,2049.34,45,597,0,-6.789284354728046,-3.3227437671055027,4,-2.0936670668522446,2,1,0,-1.8880354108570703,-4.610670846306431,1,0,9,1
31.0,63.31,1970.01,53,682,1,2.422374931933244,-4.7385812875548465,6,-0.24393098970281668,1,0,1,-0.10254540122145857,1.5498608558158549,1,1,0,0
25.0,93.72,2255.5,36,533,0,7.141222279215733,2.077160402780588,2,-3.4705401807202025,1,0,1,0.19199238977710373,7.226519235933261,0,1,3,0
33.0,60.53,1976.54,53,482,0,10.312880500068418,1.7443520184303039,2,-1.974626427659682,1,0,1,1.8237137593863415,9.072202252182125,0,1,7,0
5.0,74.65,395.03,29,656,3,3.8861810498578664,4.294853515339575,0,-3.500017226435872,0,0,1,-0.6289589436050402,0.7559124241267505,0,0,1,0
72.0,75.82,5817.99,56,373,1,-2.391042962362695,-1.7200006836525998,2,3.1541417302773067,4,1,0,1.0261191541502008,-1.107541953886599,1,1,2,0
72.0,84.62,6538.18,31,495,3,-6.216829793474816,-0.878924622144767,10,-1.4840062363942557,2,0,0,-0.6770491047361494,-0.6847217710310917,1,0,3,1
37.0,73.91,2754.69,18,675,1,2.2798109424027233,7.637299424658396,4,1.9211213426836968,4,1,0,0.687849136149207,-0.5177576016838654,0,0,3,1
43.0,74.75,3073.12,33,671,1,0.6269493710560167,2.2708066267237172,4,2.2304600027508896,0,0,1,0.6604424584567778,-1.6796643472232087,1,0,3,0
35.0,113.1,3702.1,37,653,0,-1.5358228080981793,0.6551385471397607,1,1.22279016809273,1,1,1,0.48481619108266355,-0.7035453451478532,1,1,1,0
15.0,109.1,1629.18,65,686,3,2.752360909292799,-5.674459999226545,7,1.7878059305264997,0,1,1,-0.003971253153400837,5.362757698118477,0,1,3,0
8.0,149.99,1171.67,21,810,2,-0.8581070381805939,4.445894174887018,1,-0.7718877366107935,2,1,0,0.6115888003176881,5.46373515898448,0,1,1,1
72.0,19.99,1374.88,36,633,1,-1.5288338652124154,-2.171120365422929,8,1.9844905832503623,3,1,0,-0.7933993897728829,-5.641882882180366,0,0,2,0
26.0,59.92,1606.46,52,733,0,1.4615646997815126,-7.200664575096951,10,1.2944720584736864,0,0,1,1.0952676274739717,-0.32354087466424974,1,1,5,0
33.0,122.93,3741.27,55,561,0,0.5944315535177908,-1.9703465956410797,4,0.6655032058284353,1,1,1,1.7016815144537336,5.315026222974483,1,1,0,0
72.0,21.52,1489.03,31,569,0,-0.14006935002175225,-1.5015068416862634,0,1.8993901177857748,4,1,1,0.05709741290578975,-0.9614481295695063,0,0,1,0
68.0,67.84,4546.88,21,633,1,-5.0029519866474805,6.994245849625619,3,3.0741469023835313,1,1,0,0.42334223507644914,-9.152172325877366,1,0,3,0
42.0,132.59,5473.98,51,670,0,-3.589252271788525,-3.255472897079732,1,3.0601025616890025,1,0,0,-0.5189228381242954,0.12547871601574187,1,1,2,0
42.0,41.25,1732.49,21,672,2,4.563696233045615,6.63432234808067,0,-0.011962195797428188,3,0,0,-0.9352259801697248,-2.104859414826997,1,0,7,0
32.0,99.68,3050.66,61,784,3,-4.6210628994496,-8.121286619127861,5,2.7782151766414245,1,0,1,2.4882687451724386,-3.0878493776978053,1,1,4,1
32.0,93.64,3050.78,29,629,3,1.245326819569691,3.1773888194300155,3,-1.0323632368555327,1,1,1,-1.903024212745072,1.2937696920812267,0,0,2,0
48.0,70.15,3181.77,21,654,0,3.1870203948650073,5.310231264555465,9,1.4320365539032558,3,0,0,-1.8206081154065021,-1.3283947288908549,1,1,5,0
61.0,20.31,1216.19,22,547,3,4.290669786572245,3.9561641062369897,3,0.8736492396268393,0,1,1,2.456301518942232,-0.35731610840502726,0,0,2,0
5.0,93.92,467.04,24,748,0,3.688593652849204,2.931209803053465,5,-1.4985119872539854,3,1,1,0.11652554303198383,1.7861276362746443,1,1,1,0
1.0,113.53,111.31,37,714,1,-2.467646540027242,4.500726563164544,1,0.11455334944376505,0,1,1,1.392387477731943,-2.2482696441533836,1,0,3,0
13.0,120.32,1410.31,43,557,3,3.6415153732804644,3.1738728212081297,9,-0.9496263684219429,2,1,1,0.3369134598002749,4.9270919035188125,0,1,0,0
1.0,111.42,104.81,49,767,2,4.403525269397277,-0.32002069520315907,1,-0.6593942948072887,1,1,1,-0.05416149765719015,6.30838215861091,0,1,1,0
69.0,91.86,6452.07,62,350,1,4.062080732318278,2.4462755137891192,1,1.811736881372422,3,0,1,0.5951144978871618,7.458784592850943,0,0,5,0
29.0,44.37,1210.03,50,552,3,7.475558620107948,2.9205320432624764,2,0.9468515136238141,1,0,1,0.7905679764198066,4.541168826959746,0,0,3,0
51.0,51.43,2812.66,18,623,0,0.563966164722731,9.619697961140478,2,1.100471939938337,2,1,0,-0.7396582641970328,-5.555591529985353,1,0,6,0
56.0,48.52,2659.9,22,534,1,5.381913364966749,8.913688224741978,6,0.05254454172863843,3,0,0,-0.20921734537697687,-0.42963724695427136,1,0,8,0
15.0,91.9,1383.77,18,769,1,-2.1867003896812,-1.7643462521919757,5,-4.553799381328778,1,1,1,-0.5879251445151725,0.586065356233269,0,0,6,1
10.0,119.4,1087.08,40,671,1,-3.1446695938570746,4.70015480834368,4,2.466834141868457,1,1,1,0.6672370252575606,-1.5726596686394654,1,0,1,0
39.0,92.01,3713.44,43,625,4,0.7458006194066008,-0.22612265828304712,9,-0.20901134188326853,2,1,1,-0.1484463831102799,2.259330044266046,0,1,2,0
10.0,79.41,744.8,35,834,2,-2.728557088696851,-3.1544303337646666,7,-2.9777571541807717,0,0,0,-1.6383871855771501,-3.0992128424693393,0,0,4,1
40.0,60.12,2409.84,18,650,5,3.4476282950496,8.103445731254647,2,-1.179460645253907,2,0,1,0.060509259687670645,-1.944635115090142,0,0,6,0
34.0,47.73,1565.03,42,582,2,4.418211653607082,1.2871483826214152,1,-0.18373114238875632,1,1,1,-0.2276920813760415,2.2528921386972005,0,0,0,0
6.0,129.55,764.12,68,669,0,1.7199247113873035,-4.135591060748413,2,0.7270482553440809,2,0,0,0.6091489887349956,6.6946553410908525,0,1,4,0
26.0,91.33,2439.69,62,628,2,2.2162241715315374,-3.060995758703864,0,1.216592139192702,0,1,1,-1.0407540904856127,4.179202720565159,0,1,1,0
24.0,113.35,2451.28,44,570,4,3.9423254452348724,1.9342988818502247,3,-1.4006586324021706,2,1,1,0.8624093617641109,7.64325980027804,0,1,1,0
62.0,24.96,1528.36,61,749,2,-5.661570636778825,-8.814052825829371,14,2.2734054842544986,4,0,0,-0.39325856689708893,-5.758747281947319,1,1,5,0
70.0,36.58,2324.39,45,379,3,8.649509258163281,5.162968213017265,4,0.36233834685623995,2,0,1,0.6699203467988049,8.752332983982416,0,1,7,0
42.0,122.32,4832.6,24,850,2,-7.641917561516206,1.5869157073383922,0,4.409319934797288,3,1,0,0.06666270973599647,-7.269565363601091,1,1,0,0
32.0,86.07,3020.2,34,646,3,-0.8480347644188118,1.7408180349646971,0,-1.04379957012475,0,1,1,-1.0660259711889586,0.6859726572003952,1,0,0,1
41.0,57.96,2581.34,43,718,3,-2.3931477676664543,-0.22311812603865683,6,3.5006777825011905,0,1,0,-0.6256179329984939,-5.286775318993632,1,0,1,1
27.0,85.09,2230.13,18,724,2,1.6965108796697916,5.915349277060483,7,0.40516241343955917,2,0,1,1.2413672129977638,-1.0877821030571913,1,0,4,0
58.0,99.18,5453.27,66,603,1,-2.20453798225669,-8.703279163755418,5,2.1167621668823906,2,0,0,1.7999556311344092,5.128194889037511,0,1,7,0
35.0,104.47,3508.65,18,835,5,-1.0771149727647196,3.013270193090356,1,0.8540348814578257,1,1,0,-1.5349149047616346,1.5944657694617068,0,1,3,1
46.0,34.19,1483.87,18,748,2,2.6232501349681856,7.033175551558155,11,-0.7152090781339183,4,0,0,-0.7722955432720378,-7.274086607589267,1,0,5,0
68.0,49.88,3672.4,43,597,0,-1.8275852024684893,-3.806702421910837,0,1.7039055074922262,2,1,0,0.9009086565483735,0.14497480643942873,0,1,4,0
50.0,130.82,6030.14,32,525,3,-4.561130445694835,-0.7048743128132452,0,-3.5569854576410798,3,0,0,-2.3070178722783132,3.759917420604476,0,0,5,1
59.0,100.97,5798.4,36,560,3,-1.6989458030217894,0.12069659946893133,3,0.8616422996751648,3,1,1,-0.33313518701808686,-0.1073125358571713,1,0,0,0
4.0,79.42,293.56,56,750,1,0.6875393176511316,-4.0442171167680865,2,0.3192674093387835,2,0,1,-0.5451927480047378,2.860229310089914,0,1,3,0
52.0,45.26,2341.52,30,691,1,-1.6211973038292855,-7.766464583945714,3,-2.743538100308535,1,1,1,2.160410761085808,-1.4519293974967176,1,1,7,1
31.0,72.32,2424.78,30,451,2,8.56148385445416,8.7186754838619,2,-0.34303725943064156,1,0,1,1.1530483531629159,9.373206272256652,0,0,4,0
49.0,31.86,1613.77,40,521,2,3.0796993433670328,3.193939189220691,9,3.3641781687816223,2,1,0,-0.9343815213500802,0.934462580342413,0,0,5,0
72.0,55.14,3741.66,18,350,2,8.03085522367644,12.225727157755149,7,1.8799306982494022,1,0,1,0.9777646506222277,8.24201482238631,0,0,3,0
63.0,66.41,4382.84,25,509,4,0.664468939478678,6.233123854565264,1,1.5095958288738411,0,1,1,-0.4304372182100864,-3.149683508575438,1,0,4,0
1.0,38.47,38.22,60,794,0,4.836317419981738,-3.8794620853566024,3,1.9398806365331969,2,1,1,-0.07206061993402822,-1.246786093303129,0,0,5,0
43.0,76.58,3296.19,26,777,0,-3.8240514188856505,2.6429882050275957,7,2.9710360349563607,2,0,0,0.8923201442038836,-7.251251212001819,1,0,1,0
17.0,104.43,1887.57,18,804,2,0.10241037344082649,2.627966385042376,0,-0.7340337453059126,2,1,1,-1.6000062377475703,-1.7178562248832894,0,1,0,0
27.0,70.06,1772.0,23,632,5,4.065801423090838,5.528533318891099,5,-1.3549713508139534,3,0,1,-0.5571650925178967,0.027713730991899437,1,0,3,0
26.0,132.73,3783.66,73,519,0,1.3111098039277234,-0.5949986858329582,1,3.1790240239279273,0,0,1,1.6194553023256593,7.336245024300098,1,1,1,0
29.0,100.25,3133.06,58,542,0,5.181541043049972,-1.4737139178953824,0,1.9750722666291214,1,1,1,-0.22301242309268263,8.082247643723925,0,1,3,0
48.0,59.69,2705.19,18,605,3,1.6488242275471776,9.115546875975639,4,-0.31766611488148866,2,0,0,-0.21979430343753692,-3.804402112538197,1,0,5,0
11.0,73.89,782.61,51,575,0,8.415561020011916,2.5299778014835033,8,0.09337299295139878,2,1,1,0.2799825387286923,7.481656967265559,0,1,2,0
22.0,68.91,1429.05,27,568,4,4.8265475104927535,6.43594794576241,4,-1.9593728328665558,4,0,1,0.20389622743262198,3.165186812586142,1,0,2,0
36.0,54.1,1978.96,41,606,0,3.185151143530708,1.0811660158794636,3,2.200154773326874,1,1,1,-0.9129138843038508,1.2007517063274042,0,0,2,0
28.0,95.05,2429.49,20,713,3,-3.7601911856487913,3.733840486331359,1,0.7732071397172384,1,1,1,1.4780929924207402,-6.798901770716707,1,0,2,0
39.0,50.08,1881.34,38,596,1,4.0172269426397715,1.4891939903132523,3,0.06618788503006356,0,1,1,0.5098536221776314,2.874864088786363,0,0,1,0
46.0,46.01,1965.39,42,489,0,9.126743257820095,0.5847149047863334,3,-2.4826081007833825,1,0,1,-1.9615733949052718,5.483947093950182,0,1,5,0
31.0,111.58,3519.33,35,670,1,-4.289159953727133,2.839925531212198,1,1.787379727765349,0,1,1,-0.8754072624178951,-2.7111376493970596,1,0,0,0
37.0,42.73,1618.73,44,628,3,4.276438648577698,-1.1098894506778731,4,2.2861607911113233,2,1,1,0.26150731289953777,-0.8368856782254613,1,1,2,0
1.0,149.99,144.1,60,758,1,-0.2074557288884993,-7.4249873773804556,6,-2.2346457657895233,2,0,1,-0.4630634681235349,9.508280007701375,0,1,6,0
72.0,78.75,5256.68,43,459,0,0.18259046361297065,-0.1800643582177315,0,0.14367273065913155,4,1,1,1.1661291864015284,0.4046356998923473,0,0,1,0
60.0,113.72,7239.79,21,553,2,-6.1619437778108015,-0.24002421071138666,5,-1.0996928370702892,1,0,0,1.622682116280953,-1.759606149621968,1,0,8,1
26.0,90.11,2144.69,46,743,5,-3.1116848345313826,-5.9031356055244775,13,-2.018273020665099,0,0,1,-0.08179777708071369,-3.8057864959978147,1,1,3,1
34.0,102.67,3569.26,21,758,0,-1.4584570149358018,2.765107076570427,8,0.4347199566075029,1,1,0,-0.048728033249922025,-2.0433751805732596,1,1,1,0
47.0,23.43,1033.56,31,554,4,5.8998804634242825,3.307752134522853,3,2.3957628351432763,0,0,1,0.37611094715170945,2.204647069627303,0,0,0,0
58.0,71.27,4487.38,30,731,1,-4.317213304907934,2.8526799803115743,2,3.6964515334202654,1,1,0,1.0196861433943658,-7.84790236618313,1,0,3,0
61.0,41.99,2738.29,34,385,1,7.614099830857876,9.797973032053944,5,1.654342500535898,2,0,0,0.14180220022508921,5.965107812346699,0,0,5,0
72.0,116.61,8829.09,36,530,2,-7.194944706443803,1.6305200697107176,9,3.864703287323903,1,1,0,0.3069882304049639,-5.375320230931272,1,0,2,0
41.0,105.8,4431.11,41,643,1,-4.4801788334733725,4.307671819681348,4,4.121232120226061,1,1,0,-0.30206173066683106,-3.8201794244680785,1,0,1,0
42.0,90.39,3944.77,33,646,6,-0.2858110378539078,2.5722086955321544,0,0.8350340114000852,0,1,1,-0.674709873782409,-0.8495579406818896,0,0,2,0
42.0,97.16,4044.0,49,544,1,1.015942971032289,-0.049932380430624354,1,0.396813607568967,2,0,1,-0.38855374353118466,3.4424539664093436,1,0,2,0
56.0,99.16,5644.33,28,691,2,-4.953269118827828,-3.755217519891893,4,-0.08071600951717917,0,0,0,0.5374845999087859,-1.8283944303377495,1,1,6,1
72.0,19.99,1551.46,18,350,1,6.7807673330300515,12.791575844949,2,0.5750447906283744,1,0,1,-0.6493538848052081,3.4194689255475645,0,0,5,0
14.0,57.6,856.45,64,616,2,5.553327576640762,-1.9620220489264693,8,1.7784491752792668,2,0,1,1.2488188869126415,4.2014729254469865,0,1,3,0
58.0,122.82,7809.77,22,718,2,-4.5414636638754375,1.8124647289119686,10,3.60257679924755,2,1,0,-0.7480928699347326,-3.198204632293286,1,1,0,1
31.0,86.0,2502.74,32,718,4,-1.1031359144141777,4.338254794976197,0,2.8401611879137807,3,1,0,-0.06180147284521379,-3.6289568441624267,1,0,3,0
3.0,51.86,146.52,40,676,3,4.372594583861131,1.1676623421257468,4,0.6826855604537497,4,0,1,0.6845395246777599,0.35900052364264734,0,0,5,0
1.0,134.51,147.89,57,615,0,12.015466898498065,2.530262286851571,1,0.32507941072023483,5,0,1,-1.3815618997728534,11.875871337081394,0,1,1,0
39.0,44.61,1711.91,47,651,2,2.28511297049111,-0.20273045059160458,8,1.6522346544670095,0,0,1,-0.011787095771472097,0.055998026789731786,1,0,2,1
9.0,19.99,174.34,36,708,2,4.710669533129321,1.8663266565366812,2,-0.6210952889910181,2,0,1,0.5665887056158039,-2.273390143233894,1,0,0,0
1.0,68.37,65.51,45,607,4,11.184439241709288,3.618874179734855,3,0.5930800882416007,5,0,1,-0.7829873948676302,6.1047125126338955,0,1,0,0
22.0,135.66,3042.29,42,652,0,-3.2992715530994015,2.8740389677640197,3,1.6577316825047834,0,0,1,-0.3198735439805394,0.5811300155546072,1,0,0,0
24.0,149.99,3397.73,22,681,1,-1.8319556543494204,1.13268307505905,1,-0.8280263084525599,3,1,1,0.6071144927849751,4.38960255742652,1,1,3,1
72.0,64.89,4824.74,44,477,1,-1.1522411237610146,-2.0279627216073313,3,3.1685805171477637,2,0,0,0.21352083580373274,-0.470687349932992,1,1,4,1
56.0,19.99,1046.76,27,538,3,4.46970207780433,2.804249048064341,6,3.35290968426707,1,0,1,-0.4638522153386727,-0.25354605393516816,0,0,3,0
72.0,19.99,1491.87,42,577,1,-4.870039470449274,-7.721997880118952,1,2.7162461782972724,4,0,0,-0.21129349531246125,-6.958999259817602,1,0,2,1
72.0,84.28,6168.37,18,699,2,-8.68784607856924,-2.359331225999219,4,0.5927726537910117,3,0,1,-1.0244482512644215,-5.937670994448872,1,0,8,1
12.0,69.33,867.88,20,706,2,7.3269185906847705,5.091902647168254,3,-2.3484393793709146,2,0,1,-0.9081806983427202,3.183746037629428,0,1,5,0
26.0,97.33,2701.51,50,596,1,5.144396071460228,0.5761092456185324,3,-1.03522834904931,1,1,1,0.8763950612957967,6.350905178024788,1,1,4,0
72.0,21.51,1572.71,34,447,0,1.8725886340429185,1.7003524410164328,0,-0.2838517140197455,1,0,0,-2.119358451034903,0.06229558783474307,1,0,3,1
63.0,76.55,5073.11,40,463,2,4.4909204771250195,2.5544272126687737,4,0.7459489009607366,0,1,1,0.8701042916960302,6.642736957401571,0,1,2,0
45.0,48.33,2305.16,60,697,3,-2.1181977370263043,-5.390231253412053,3,0.4407935455044623,2,1,0,0.4240036695723011,-0.8573837176019746,0,1,2,0
18.0,80.77,1454.08,44,624,1,6.666133921643913,0.41407640262106904,8,-1.339584821064494,0,0,1,-0.6416130689164911,6.440512131853525,0,1,4,0
66.0,65.35,4087.58,37,559,1,-3.463586910750695,1.3043197534019335,2,-1.040038262196981,2,0,0,-0.27672611565749067,-1.334607133767813,0,0,1,1
1.0,88.69,81.91,30,706,1,6.9269923469680315,2.2296712552679976,6,-3.3602871594981774,2,1,1,-1.0015884702399978,4.616288731363583,0,1,0,0
67.0,63.95,4554.87,48,504,1,4.900851164430125,1.7071197523929287,2,2.3778378171009384,0,1,1,-1.1079646833389534,3.9081476068388015,1,1,7,0
72.0,42.14,2789.09,24,537,3,-4.508193119313198,0.09670683174948347,2,0.7821383840721855,2,1,0,0.21293123258631116,-4.544313295368123,1,0,3,1
50.0,95.34,4533.17,52,584,0,0.21034788788335754,-2.7986839694545775,1,0.35030740018536205,1,0,0,-0.6100581842958009,5.04437138050379,0,1,1,0
30.0,72.65,2093.08,41,692,5,0.47004428510138135,2.903024128763534,1,1.227885604357698,3,0,0,0.16759652341885126,-0.35865597387764786,0,1,0,1
36.0,89.09,2951.62,65,708,3,-3.6129167705529888,-7.466695253200868,3,1.2430468245424593,2,1,0,-0.40548243029931325,1.465029100562477,0,1,5,0
62.0,64.78,3763.72,29,440,3,5.310058746035184,6.674542937764582,1,-0.0032871507678265965,0,1,1,0.8314091825891786,2.9192420921459394,0,0,6,0
32.0,79.54,2798.14,50,701,1,-1.4106771131730547,-4.639959861907311,3,-1.0649700947320815,0,0,0,-1.3273337033634436,0.8219959360324407,1,1,3,0
8.0,149.99,1146.55,36,718,2,-3.871018233530986,1.3090719281598477,2,-1.7759450571973614,1,1,0,-0.3288839683949828,1.6505455231330262,1,1,2,1
70.0,73.33,4776.26,52,543,2,2.1575603124154545,0.13049725955457162,6,2.669193171726134,1,0,0,0.6892904733674291,2.1071793007861066,1,1,6,0
1.0,110.92,121.09,21,792,1,-1.5885389574161353,7.204445568145332,8,-0.07125299144547725,3,1,1,0.4749236972735342,-2.6022045151454862,1,0,0,0
19.0,96.55,1943.18,44,613,1,6.404837712662685,0.6666170825254343,8,-0.34293976921472435,2,1,1,1.051050679949533,6.22655022982944,0,1,2,0
50.0,100.01,4871.12,28,747,2,-7.702923430419554,-0.171805516773658,7,1.5828345584874262,2,0,0,-0.8607592348472732,-5.941496393769485,1,0,3,1
6.0,115.89,730.45,46,593,1,2.652070760310047,4.75634471335706,9,0.32899276806771793,1,1,1,0.966755222231091,4.611913654911569,0,0,2,0
51.0,44.46,2435.6,63,664,1,-0.44205382317962383,-7.609018356279334,4,0.5938523216578617,3,0,0,-0.9776863186482694,0.48055251108967,0,1,3,1
45.0,89.33,3805.21,56,515,1,4.214621827470243,2.092986064579264,6,1.5496828878284103,1,0,1,1.86364484970699,6.751033944895237,0,1,6,0
38.0,149.99,5299.8,38,568,4,-5.963639586759074,-0.27291069074927704,8,-3.5805997562483687,3,1,0,-0.54314561759134,0.4991824866893557,1,0,3,1
52.0,121.08,6624.1,42,473,1,-4.427715529920489,1.8915929713216824,0,1.1450005544051336,3,1,1,0.24409847067665874,-1.331852859800427,1,0,3,0
54.0,45.0,2207.9,48,682,4,-1.1185445740606414,-6.848045488997147,1,3.7061957690687226,2,1,1,0.965958775488452,-1.0160852561167655,0,1,7,0
61.0,106.3,6877.3,37,648,1,-3.7737366346628183,-2.701692249393299,0,0.061502152574516855,1,0,0,-1.0559256701621327,-0.09992919574856701,1,1,2,1
5.0,57.12,276.13,40,762,3,4.310487548102731,-3.8473483790440297,7,0.22975551630038882,1,0,1,0.03281173637524916,0.032803024056724896,1,0,2,0
33.0,111.6,3893.87,18,749,2,-4.619681848349546,6.60999274803274,3,3.063455447555838,5,1,0,-0.7040335340775895,-6.832958676655268,1,0,0,0
50.0,85.3,3852.13,22,660,2,-4.284262357569997,3.068549445312582,5,0.620565559513972,1,0,0,-0.5036286904684455,-3.2714623133632084,1,0,2,1
22.0,110.68,2336.45,45,850,1,-8.463990165405031,-0.09003771172949442,3,3.38218002820192,1,0,0,-0.754877939826092,-7.09579796137305,0,1,2,1
65.0,69.67,4535.78,18,489,1,-0.021139968561786966,5.698336625913754,2,-1.986038873054584,2,1,0,0.5807539119250739,0.817675919193348,1,0,4,1
36.0,43.99,1691.06,57,622,2,2.8366419887719543,-2.7777603865819795,7,2.0377921625047666,1,0,1,0.21815713950164534,2.2838336308242893,0,1,3,0
1.0,103.12,96.03,61,794,0,5.125754265939035,-2.7058107593729193,4,-1.8612171718585064,5,0,1,1.6630217236953935,3.85146574448385,1,1,3,0
34.0,121.85,3893.69,25,766,0,-3.8495412298944274,0.5803923412615631,5,-1.366418725005039,1,1,0,1.5519357511745946,0.7027201776872355,0,1,0,1
30.0,100.55,2988.43,56,608,3,-0.7837216464582099,-0.3586138170867378,3,1.3559216843776254,1,1,1,0.09858233713126703,0.7760953599463931,1,0,0,0
72.0,29.75,2063.16,50,353,3,8.955194869891194,3.0244284577143974,2,1.2245188131944216,1,1,1,1.2831236236556793,5.7885245591215915,0,1,10,0
1.0,136.15,135.26,35,555,4,0.7020683059520191,4.93605041943471,5,-2.569442104811785,0,1,1,0.10579429004193998,3.714108497900192,0,0,2,0
40.0,95.89,3776.88,47,628,2,-5.5384762216064765,-5.436422602759241,9,-2.8013615953889097,2,1,0,0.308910511410489,-3.0644561127436374,1,0,7,1
64.0,99.57,6433.69,35,782,2,-3.1389338316350366,2.8504389556619434,5,5.146730300479496,1,1,0,-0.45023301983027875,-3.87633978231381,1,1,9,1
48.0,97.19,4572.83,34,732,1,-7.392536768005136,5.276856353416784,1,4.9520001362845205,0,1,0,0.7959025461513024,-7.615956628599067,1,0,3,1
54.0,91.23,5042.25,27,590,0,0.12155974676146371,5.287925444181457,9,1.3878596715033784,2,0,0,-0.8557283424419683,-0.7611824758152219,1,0,4,0
21.0,19.99,423.62,43,735,2,1.5761302382108378,-2.752142522079858,4,1.3004874753240112,1,1,1,1.326117082004671,-3.6290648756450445,0,0,5,0
14.0,29.66,376.84,54,731,1,-0.8780014008358656,0.26079473777692325,8,-0.04899099839794174,1,0,0,-1.2364241670025702,-2.749771627230036,0,0,2,1
1.0,96.15,90.55,39,659,1,6.989042003947623,2.140140792072127,2,-0.31630341669786366,3,1,1,0.7845265711059883,6.528503828068641,0,1,1,0
54.0,60.59,3321.11,37,604,2,0.48436052155517106,-2.2168513469999223,2,0.17167461479255974,1,0,1,-0.46399766416197896,1.5208298010387635,1,1,2,0
1.0,99.12,91.02,80,842,1,0.34315063974191845,-13.584398995562193,1,1.1527979376510915,1,1,1,0.0005630990673195367,2.7861800487475943,0,1,9,0
36.0,91.05,3391.77,41,636,0,-3.256807082231348,1.6268052311805448,11,-1.9702445527941883,0,1,0,1.1248891474904743,0.5842801627690059,1,0,1,1
46.0,149.99,6904.52,65,586,1,-7.203730928335198,-3.920160020921403,3,3.9085232783995756,2,0,1,-0.25955938410411533,1.5360690855461838,1,1,4,0
3.0,70.36,199.67,54,669,2,6.028651980470216,-1.7014277901458492,1,0.9249111573989556,3,0,1,1.2706771406128912,3.4809510406418522,0,1,3,0
47.0,54.98,2715.32,26,594,1,2.9803293391515733,3.5432276036998456,1,-1.4287085647699054,1,0,0,-0.8070302934504976,-2.216726699189054,1,0,3,1
9.0,54.04,469.27,22,728,0,8.331690131358716,5.850629533854232,4,-2.553344296342456,4,0,1,0.953842269572927,2.5878153013880016,0,1,7,0
57.0,59.38,3087.84,40,662,1,-4.51236949940481,-0.27694554688184275,0,1.034212365592023,1,1,0,0.974776484054129,-4.139167443704386,0,0,3,1
59.0,39.73,2191.74,35,570,0,2.231706613364499,0.2172695723741061,10,1.7064640003672453,2,0,1,-0.6538905120515981,2.258601598584851,0,0,1,0
68.0,84.05,6038.81,38,573,2,0.3891601660756625,0.4324598060222029,8,2.462629493248088,1,0,0,-1.7739026493220322,-1.0274572555250254,1,1,2,0
15.0,43.29,595.88,37,630,4,4.696978431456472,2.930222990077393,14,-1.092294414872768,4,0,1,1.8966659641477734,-0.03490477514978072,1,0,1,0
22.0,69.36,1558.27,54,644,0,3.081812461733523,-2.5300928249621197,4,2.2316860465957933,0,1,1,0.14242394591035346,3.2527677876955496,0,1,4,0
15.0,73.76,1110.59,56,713,4,-1.2828589628182805,-4.35372449150512,3,-2.664562275730308,0,1,0,-0.6925713092919072,-1.4875308530349298,1,1,3,1
25.0,46.0,1078.65,38,587,0,5.9930470975941565,3.8957930662558105,7,0.7119835957285929,4,0,1,0.8427982602080434,1.5187714670291117,0,0,0,0
70.0,114.16,7647.54,53,464,3,-0.7151214545002271,0.3075905315597142,1,3.4853798015405744,0,1,1,-0.38662154013864186,2.6408229221615374,1,1,2,0
33.0,58.32,1880.87,18,531,1,6.05804294399914,10.297897676434326,2,-3.2953230228735646,3,1,1,-2.2074133540750602,3.381539110212077,1,0,8,0
1.0,114.49,123.08,32,678,3,2.0109790012979936,5.702430337827735,2,-1.2903211243387798,2,1,1,-1.3529374189130081,3.459793221593093,1,0,2,0
31.0,112.92,3371.19,39,714,1,-0.41420155316385426,-1.5486843123261331,4,1.3354493159985719,2,0,1,1.0420740860519977,0.7221095488270209,1,1,1,0
1.0,55.63,57.61,49,630,1,6.993957041576707,3.770706737857497,4,-1.8405853615587788,5,0,0,1.1845471026428105,1.7139403293894104,1,0,1,0
59.0,38.25,2387.63,42,648,5,-2.2176843876255976,0.6558199885624453,2,0.8142701314595643,3,1,0,-0.2547497319006681,-3.6729916704737224,0,0,0,1
71.0,70.7,4767.36,36,684,2,-3.9915113741677355,-6.5228169055402185,6,-0.5609263135948965,2,0,0,-1.441888406595316,-2.9500432166146737,1,1,3,1
25.0,45.69,1189.76,37,599,0,6.413496087331552,3.940036686221915,2,-1.0899697709501321,0,0,1,0.2976289114709947,3.331770855257765,0,0,5,0
21.0,104.58,2272.63,55,769,2,-7.457877314362309,-3.286797535150157,2,-0.09107511515238631,1,0,0,1.3948379821643215,-3.647677454129943,1,0,5,1
17.0,69.83,1205.98,66,654,0,3.8051009593198333,-2.5159422283864843,1,0.8461695460624421,1,0,0,0.34018546642474723,2.803499587254504,0,1,0,0
14.0,41.51,549.36,35,707,2,1.7538885631336418,0.6830627870709357,0,-1.3381729533151758,4,0,0,0.71802383657406,-3.552668005144344,1,0,2,0
10.0,109.28,1067.4,18,833,0,-2.4052586016526427,0.48721125137182547,1,-2.2455482736950656,0,1,1,-0.7657587923530087,-3.638605545060527,0,0,4,0
1.0,143.81,130.13,27,846,2,-0.12187612609822261,3.817197950478633,4,-1.6827414351928107,4,1,1,1.0806408688661575,1.716588340056059,1,0,2,0
32.0,48.9,1712.27,32,680,0,1.2566302566217438,3.2060818321843776,2,0.40290316980762253,1,1,0,0.2934586909143183,-1.1035127744945499,0,0,0,1
72.0,62.09,4645.5,24,534,3,-1.7476216167236207,3.7303688684753724,2,-0.6343624774788846,1,1,0,-0.44242392989729595,-1.0765740670710575,0,0,0,1
40.0,80.38,3367.15,46,735,1,-0.0833322623951276,-1.406839815179293,3,2.1518724138641923,2,1,1,-0.014543380607040576,-0.36014967423577166,1,1,6,1
24.0,45.45,990.43,61,835,2,-1.8187985446253419,-6.065767186672013,5,4.725244621778283,1,1,1,0.7369579488771396,-6.325028490515191,1,0,2,1
5.0,149.99,784.98,57,721,2,-1.1450071742995769,1.9632542701644433,4,-0.8319218592248471,1,0,0,-0.6537201092665157,2.5320254294521987,1,1,5,1
55.0,93.09,5251.67,19,764,1,-4.104152950196663,-1.2678382028013293,8,1.3286303504459873,0,0,0,0.8767808637837304,-2.6015241234548827,1,1,3,1
72.0,55.5,4233.17,25,850,2,-5.636919817319778,-5.837707655131037,5,3.821962783019053,0,1,0,0.057241529860869146,-7.776122590112689,1,1,2,1
50.0,66.79,3537.51,30,568,1,0.2679050808867813,7.966191443851084,2,1.6677867402106235,1,1,0,0.9426305489867072,-2.9054530900329025,1,0,6,0
65.0,82.33,5312.29,53,574,2,-3.1811011527513573,-1.8349160791524652,3,0.8811210590491764,2,1,0,-1.2304344298274161,2.8492557091644835,0,1,1,0
1.0,143.87,147.15,26,850,2,2.0750202170062826,2.3264192557283128,6,0.16117610808465022,5,0,1,1.1730891420323395,3.2058498627089853,1,1,4,1
52.0,132.6,6997.56,39,618,0,-2.7339905552561934,1.3165436077112849,2,1.3409083497328869,0,1,0,0.4680027371849588,0.7202951972036807,1,1,1,1
34.0,64.42,2166.92,59,587,2,3.070749283139166,-0.9298114620586521,6,1.367737613034373,0,1,0,-0.01577331588349443,4.870198259219232,0,1,1,0
72.0,42.21,3248.04,33,682,1,-3.4038995675748365,-2.977100541607098,4,-0.5599045995376435,5,0,0,1.2642598838462165,-2.610989805820952,0,0,1,1
52.0,100.15,5536.64,33,571,2,-0.7605121216967947,4.130775472542131,3,1.6777646013674001,0,1,1,1.5441691911469875,-0.5218113659234439,1,0,2,0
1.0,95.97,94.92,35,631,1,3.2216628874075237,8.616429014534889,1,-0.8019720531753528,2,1,1,0.2907946715368234,2.4067881558826634,0,0,3,0
39.0,108.97,3994.47,33,605,3,2.9525802317719014,0.10041574782156122,8,-1.0481639766673712,1,1,1,-0.6310017304391317,3.8341788142263575,1,1,1,0
61.0,119.4,7569.49,21,599,1,-7.124846163324712,6.7125409800397655,7,3.857924630149597,1,0,0,-0.6917626899891313,-6.974854361038078,1,0,0,0
1.0,103.03,99.69,68,850,4,-2.893500668126634,-10.489937584679753,1,-2.8222308696818383,1,0,0,0.37926621171179786,-1.917386067765185,1,1,4,0
22.0,132.27,2723.41,54,728,0,-1.9918748821415249,-1.5765266688699464,10,0.08344354666662868,2,0,0,-0.31452449079926476,0.07239471695264778,1,1,1,1
65.0,39.34,2553.89,23,541,1,9.68001040459326,7.3169860702051635,2,-0.23143597528981152,3,1,0,0.0596392841551529,4.500610901791758,0,1,10,0
65.0,73.28,5136.26,55,436,1,5.138954191516094,1.468127133663846,6,1.0200048525735341,2,1,1,0.3938268196294778,6.308616465787676,0,1,7,0
49.0,121.68,5944.17,33,712,2,-5.528752316879506,3.322050540414115,9,2.5305281420237367,2,0,0,-0.31764679074192304,-2.4266789470543277,1,1,3,1
23.0,105.94,2356.68,35,635,0,-1.6367141597296515,3.307991752495718,5,-0.40026096579311876,1,1,1,-0.46987205366512824,-0.4355459275248772,0,0,0,0
26.0,75.12,1880.94,57,664,1,1.9009490567078433,-4.111314389499799,6,0.9199483376886715,2,1,0,-0.9465511636952187,1.1229402701690663,1,1,4,0
1.0,63.25,66.66,54,695,1,7.205519684130051,-1.79382357970301,5,-0.8215420420916787,3,0,1,-1.538638911011321,3.4221381408241127,1,1,1,0
1.0,143.9,150.25,18,850,3,-3.0676230741968453,0.25858250813233774,5,-4.7046093525309525,1,1,1,-0.07543307739533982,-1.5188637576101114,0,0,8,0
14.0,93.47,1234.75,59,727,1,-3.9072652817554543,-1.5943839035834775,0,-0.5816561837249697,3,0,0,-1.5440870790731858,-1.924262829310588,0,0,1,1
20.0,91.02,1786.7,41,796,4,-1.9771002330176821,-3.500487751797349,1,-2.2556782059815035,0,0,0,0.32699611758990066,-1.0741578714982138,1,1,2,1
1.0,73.53,66.82,42,669,0,6.878451524548767,0.7977592132363005,1,0.05508247028485691,3,0,1,1.318052533239847,3.817881958599305,0,1,1,0
1.0,122.87,110.81,47,605,0,3.451290304308297,2.748724018823624,3,-1.5898359013763228,2,1,1,0.15688346379868284,5.98088940131695,0,0,0,0
30.0,42.99,1181.87,27,850,1,-0.6106828319262173,-0.8665204039165308,1,1.1716067529614347,1,1,0,-1.4910567166440767,-4.146899266707125,0,1,3,1
18.0,60.99,1103.62,69,678,3,0.7326815719811056,-3.097458255284408,7,-1.1312502279178394,1,0,0,0.47226196305230417,1.6861974455393907,1,1,0,0
55.0,82.84,4104.44,40,538,5,-5.219066679214751,-2.41028030598147,2,-2.977502103294179,1,0,0,-0.9520237547382968,-0.5638805904595228,1,0,8,1
21.0,106.94,2032.38,32,791,3,0.4295216794061665,-1.126123170329729,2,0.5575402836144477,1,0,1,0.05899084216930142,0.9852681547830022,1,1,0,0
55.0,115.7,5731.69,68,519,2,-3.159846121484203,-1.4765067522614916,7,4.7551551337731235,2,0,1,0.26564397980002724,1.208099822240196,1,1,0,0
33.0,149.99,4792.96,40,717,1,-9.52058186897849,-0.40127682952689503,5,3.5765056849096477,0,1,0,0.22276192445134418,-4.367987928704408,1,0,5,0
1.0,95.18,95.94,41,798,2,-1.5110252139274603,-1.6940189283102234,1,-3.916925532327608,1,0,1,-0.5108736359412703,-1.0274317488089777,1,0,0,1
60.0,19.99,1184.53,36,503,0,5.451115263178386,-0.37354834447527246,3,-0.1707812769246403,1,0,1,-0.6748193732094033,-0.5598725489172903,0,0,2,1
48.0,101.44,4661.78,32,586,1,-0.07131686241152516,5.421839444409167,1,4.032025199902854,2,0,1,-0.3716613811056542,-0.2150245904784248,1,0,3,0
11.0,74.43,857.61,33,655,1,4.477476329085444,1.4736497181046573,1,0.05277588215365547,4,1,1,0.19033058126907856,2.3660317553061185,1,1,3,0
72.0,40.86,3010.57,26,521,0,4.948334465248877,3.4387828500167053,9,1.3846792834562973,2,1,0,1.832642908468755,-0.8717946259551644,1,1,6,0
36.0,69.02,2473.08,35,479,0,5.812624766062036,6.407009579123773,5,-0.28237631812228836,4,0,0,0.8728488704008429,5.488892811844253,0,1,1,0
45.0,62.87,3067.63,30,588,0,7.53388485937322,0.8349011361348814,0,-1.6495142504939286,0,1,1,-0.9177580421966668,5.13269908412697,0,1,5,0
35.0,81.22,2956.85,51,681,0,-1.1322132475106577,-6.317952262393919,0,2.366106580925189,0,0,1,0.28261378053352243,0.7744638107404211,0,1,8,0
1.0,112.73,103.25,36,718,2,-0.7645091044042824,5.45554574357912,6,-0.27343469582772173,2,0,1,-2.5275510311284526,-0.2530122197185249,0,0,1,1
33.0,86.08,2620.04,55,614,1,1.7808816418395128,-3.067712175143466,6,2.438527695931816,1,0,1,-0.6469908877259894,3.6593846076497094,0,1,5,0
59.0,84.09,5289.01,31,764,0,-0.07164081359944705,-3.526259834136187,0,1.8784020016393943,1,0,0,-0.4003742590734307,0.6997392607567215,1,1,0,1
28.0,48.79,1262.54,21,591,1,6.304978202001449,5.340360846120936,6,-0.08939952723610212,3,1,1,0.14796848170468302,1.8691603018113452,0,0,1,0
20.0,85.79,1782.14,38,744,0,-1.9483810347069042,-5.155553482794758,1,-2.466396234726635,1,1,0,2.6080964478955364,-0.4342932441939019,1,1,7,1
6.0,52.66,311.57,21,689,2,9.559233326662504,3.1355003139264146,1,-5.834496202904494,2,1,1,0.17016484383658384,4.1680240998191005,0,1,4,0
66.0,80.71,5579.16,20,615,4,-4.307990369371471,5.482552812991786,6,-0.10302783525792425,1,1,0,-1.7753131096418024,-1.9131028404540065,1,0,4,1
30.0,33.57,1072.29,57,690,0,2.8941717575992953,-3.5079346161282254,2,0.6606335457089387,2,1,1,1.3949194103440161,-0.0457888559308011,0,1,1,0
1.0,103.8,113.89,59,850,2,0.26162920891201946,4.407435512931635,2,1.8649819415773043,4,0,0,0.8796337322436375,-1.8782437461462502,1,0,5,1
60.0,72.3,4438.98,42,525,0,1.1967567138940784,4.697148252687726,1,2.9384267932728325,1,0,0,-1.2960816615036492,-0.09182297602746999,1,0,6,0
49.0,76.27,3740.26,18,723,1,-3.5665891261476568,5.928262212612168,7,0.9537296495353562,2,1,0,-1.2901820941933195,-8.403282897872533,1,0,1,0
51.0,45.05,2124.24,37,582,1,2.8025473424072866,-0.8965534875418077,4,2.199016998042772,1,0,1,-0.2092183316353279,2.0895537010602347,0,0,3,0
8.0,46.19,366.63,50,716,0,3.5777550537884886,4.463081859253847,7,1.1563813592607104,3,1,0,0.3504443166417003,-0.2525602457844252,0,0,2,1
29.0,87.17,2295.2,29,747,1,2.2645504402561456,1.6974892572567535,4,1.1400106002857502,4,1,0,1.2483184433557513,-0.2993334856770745,1,1,2,0
72.0,30.65,2406.72,29,501,2,-2.591722520235149,-2.168712142879499,9,-0.6720055485097686,1,0,0,-2.844359494725467,-1.8243089805991872,1,0,5,1
62.0,109.2,6887.35,44,550,2,-3.1338752622003807,2.457998128691906,13,3.9610186645877907,1,0,1,-0.6398224930811675,-0.44596615244497206,1,0,2,0
9.0,134.19,1110.3,25,653,2,-1.1905033080216256,4.994668033631035,2,-1.7716780200756101,0,0,1,0.1865605911145854,1.3237795025554386,0,0,1,0
42.0,19.99,907.78,42,638,1,3.269002990389549,0.28843032428076665,3,2.3962518887834343,0,0,1,-0.17161976998293615,-2.8625953810057845,0,0,1,1
1.0,125.49,130.82,57,578,3,6.391471458546853,1.0778714860747132,3,-0.028644943768143527,3,0,1,0.14812438997348412,10.432806040158146,0,1,2,1
29.0,78.77,2145.01,53,620,0,2.122906703601145,-1.4322659115197038,2,0.8901245188087188,1,1,1,-0.9602401174397306,4.5921474099535065,0,1,2,0
1.0,91.52,94.86,67,803,1,1.2171797735780738,-9.40002539171382,6,2.97693269240322,1,0,1,-1.3255432038747008,2.1362548314680483,0,1,10,0
3.0,112.34,333.21,32,620,1,6.40896439857022,2.5863070005132465,2,-3.317957869227119,3,1,1,-0.4759010464966622,6.157007670864983,0,1,0,0
72.0,19.99,1463.61,18,850,2,-6.925029931209816,-6.894756201744757,4,1.0503637029115618,3,0,0,-0.3063474686755855,-9.240700177726566,0,0,8,1
25.0,110.12,2650.34,40,567,1,1.6541867182802206,1.6904620282688894,0,-1.6993417267764923,1,1,1,0.4157579824803905,3.478291012464708,0,0,0,0
22.0,105.98,2208.58,18,850,1,-3.673766105371139,2.0270351861411173,6,-1.6935004603443515,1,1,0,0.26047723083777896,-0.059212981227719945,0,1,2,1
1.0,73.77,69.53,71,669,2,6.7768294746909765,-2.0534016370414143,5,-0.8511308129903165,2,0,1,-0.3674645624096362,4.609481617905685,1,1,3,0
1.0,141.93,144.79,70,757,1,-1.5272021328765004,-9.041587010910277,1,-0.7710071715352967,2,1,0,-2.0350059372831306,4.324086038461187,1,1,8,0
2.0,63.45,117.92,47,680,2,4.317216607094,-1.0261343575537885,7,2.1563600312772335,5,1,1,0.2524907212437104,-0.2538976965110692,1,1,8,0
58.0,19.99,1254.92,21,551,1,4.897046866681413,4.303452655828185,6,2.843144205230932,2,1,1,0.9176523152955733,-3.0948650043833954,0,0,2,0
72.0,82.53,5477.73,26,558,0,-4.922737532909251,-3.0926841537525736,3,0.06961606723592106,0,1,0,-0.7750918491640073,-1.3559671744816633,1,1,6,1
33.0,30.18,999.7,33,555,2,8.508396077262393,3.888777849348827,0,0.6824777733318699,3,0,1,-1.0008237609911548,2.455484536073808,0,0,2,0
2.0,124.11,252.38,51,552,1,9.0371276890951,2.4880423625051113,8,-0.8366891501072274,3,1,1,-0.7573593660104939,11.001061358893965,0,1,3,0
54.0,135.36,7075.45,38,662,3,-3.7705726761394653,1.019608124589148,4,4.150740610613208,0,0,0,0.9819247225503298,0.6911956411714106,1,1,2,0
70.0,96.52,6711.01,37,535,1,-0.23293332010899,4.985421353758347,2,4.506703441704195,1,0,0,0.43344744297289806,0.2849781347988592,1,1,5,0
3.0,104.4,343.64,55,565,1,9.526725636258686,0.6662133119356342,3,2.048910320342381,2,1,1,0.23356760960796052,10.321557317680517,0,1,2,0
21.0,128.37,2504.88,33,708,2,-3.82039235050839,3.9077346151799834,4,2.2386304580058565,1,1,1,1.6853472662184692,-1.7790882663867642,1,0,0,0
72.0,26.66,1775.32,33,538,0,1.6624382160885978,1.6053066587957905,2,1.9728575112575655,3,0,1,-0.4760885067817308,-0.27638180880813357,0,0,3,0
14.0,79.2,1015.47,55,821,1,-0.03882275952000994,-1.7088680746975973,4,4.582488462561819,2,0,1,0.045074261368571907,-3.3212464799738575,1,1,1,1
1.0,147.57,141.24,80,850,3,4.202606920829911,-9.687664343693903,8,-0.43557289533592203,2,1,1,1.4120073502528796,8.094249439159626,0,1,6,0
13.0,106.93,1421.33,51,681,2,2.7901141027511205,-3.6404954425300597,1,-3.165690897704209,2,0,0,2.033185916710873,5.190098343330993,1,1,1,1
1.0,116.18,122.66,53,661,2,6.68867586768133,-2.996989171368244,7,2.892520634939286,2,1,1,1.2071699999557581,8.040819652482542,0,1,6,0
70.0,19.99,1482.03,25,544,2,6.0556868107896475,1.3436923262049325,5,3.734461554020035,0,0,1,-1.2708651517909448,-1.6416714734676898,0,0,1,0
30.0,67.31,2092.17,31,653,5,1.7774292767217454,0.06566563826004364,0,0.23787647703842907,0,0,1,0.74670793944141,2.19014026701071,0,0,2,0
46.0,78.34,3783.68,69,694,2,-2.2867761188238656,-10.063056988035024,1,0.9706367021664676,3,0,0,-0.5434387376775947,2.1656461711443282,0,1,5,0
1.0,110.36,101.82,36,747,1,8.01262912261544,3.337491636859567,3,-3.6511661238395603,4,0,1,-2.450736927605942,7.570486746486771,0,1,1,0
1.0,96.39,95.99,70,798,5,2.1563059967665836,-8.619485515318457,3,0.38469200649987023,3,0,1,-0.835243123281378,1.3360736483245803,1,1,7,0
29.0,56.44,1644.28,31,617,2,1.2334168110163273,1.6530337157494934,5,0.45877325768447724,3,0,1,-1.92111559072259,-0.9327025570238638,1,0,3,1
42.0,67.62,3013.76,49,613,4,1.4807505933924345,-2.4146127814525675,0,1.1397962821211423,0,1,1,-0.032875186484413316,2.1909635192556265,0,1,3,0
26.0,75.02,1902.34,48,758,1,-2.9479101328458355,0.6681021821991481,12,1.8873396393528972,0,1,0,-0.5128001025428377,-3.8456872480697757,1,0,1,1
13.0,94.9,1224.11,54,649,2,5.152356042086203,-1.0409337499746187,3,-1.5286773453057831,3,0,1,-0.40174441512743303,4.106633930247449,1,1,2,1
32.0,102.11,3202.67,18,773,3,-9.809927023551007,6.641523053978877,6,3.5500447319982213,0,0,0,-0.8768953794278115,-11.88082559477424,1,0,2,0
55.0,81.12,4127.61,44,620,0,-1.9104039410960798,-3.141650253775447,1,1.7045914252805903,1,1,0,-0.04148614229869505,-0.725558499341271,1,1,3,1
33.0,130.39,4068.32,34,640,1,-4.222871638450699,-1.9747973400530667,4,-4.5064270974633756,2,0,0,0.2725888067724962,2.106468043603087,0,1,6,1
18.0,50.33,854.13,54,699,2,3.803032338869968,-3.4962963290378606,1,1.6393818790415375,0,0,1,-1.863485961305221,0.931871817083432,0,1,2,0
39.0,78.73,3055.88,43,633,0,-2.2999991511409883,-2.842015846049225,13,-3.1209523675476687,2,0,0,0.05559699493103116,-0.2503900605020175,0,0,3,1
18.0,35.43,602.44,49,740,3,0.8002737618270225,-2.825027070696804,6,1.618320012641477,1,1,1,-0.18515641313881548,-2.8639764407584996,0,0,4,0
72.0,47.12,3110.29,18,408,2,5.12206670290933,6.924084025798761,5,3.4719529092172348,3,0,1,-1.863170815665848,3.027422322769556,0,0,2,0
1.0,112.59,123.37,62,849,2,2.2513696705886215,-8.223610451029154,1,-1.434862530355689,3,0,1,0.029924251854293375,1.8561595192780014,1,1,4,0
72.0,31.52,2271.17,33,432,1,3.311828772809297,-0.9310828470916016,9,-0.24892058450665078,1,0,1,-1.2646773471226955,1.540269977520343,1,0,6,1
20.0,89.88,1751.68,33,529,2,7.782853133843705,2.4025848780690766,8,-3.967925026544236,1,1,1,1.0599819000174533,7.8740298264103235,0,0,2,0
26.0,43.94,1093.85,80,720,4,-1.961934039795058,-8.881510572372832,5,3.3136390438432834,0,0,0,-0.14500739374349012,-1.8795458462918315,0,1,9,0
21.0,125.92,2401.68,47,548,2,7.877854945186329,-3.547593460918378,1,-3.2746048936059053,0,0,1,-0.21856488568695184,12.543440142785025,0,1,0,0
40.0,115.1,4300.62,56,632,5,-0.19239505686836098,-0.714496713280704,2,2.5968389726020957,1,0,0,-1.3565836894037953,3.3919568062622694,1,1,2,0
62.0,45.84,2851.18,30,543,3,3.225532561335661,6.340396108074121,2,0.6255270045554066,1,1,0,-0.5038520729670898,-1.3176723433953215,1,0,7,0
72.0,44.44,3283.17,27,522,1,1.5276309447978678,3.3371623821438017,3,1.4172996439597316,0,0,0,-0.027853750339012606,0.07275501150557975,1,0,3,1
39.0,19.99,802.91,36,581,2,6.418526530534329,3.6233467390704996,5,0.3473444047646822,2,0,1,0.37002960362056175,-2.4041455567344134,0,0,2,0
72.0,34.61,2467.34,27,455,0,4.061502011676868,5.69139978302648,2,2.154446026202913,2,0,1,-0.8377507375078274,3.0315135174412267,0,0,3,0
5.0,83.74,384.1,43,725,1,1.0658257428609563,4.757512913609636,1,0.6860830981931422,2,1,0,1.3520528821556683,-0.6021458193080428,0,0,2,1
8.0,116.91,865.97,56,701,1,-0.06251986106614398,-5.40092582945476,8,1.206065759166346,1,0,1,0.6731870166522831,5.1017026971353925,0,1,8,0
37.0,51.84,2063.19,28,496,1,7.274192978281084,7.074612503559507,1,-0.9346859698129747,5,0,0,-1.2123822171966374,2.6016834744514754,1,0,2,0
1.0,110.86,105.65,50,824,1,-1.6835772550796542,-8.277851681381154,7,0.06926434444585083,1,0,1,-0.4273896249572325,0.6686315719587693,1,1,8,0
37.0,67.32,2334.46,43,545,0,4.131931406055189,3.550385927841118,2,-0.17702361981150105,0,0,1,-0.7958455275300585,5.691075237636177,0,1,2,0
1.0,101.84,99.33,75,708,2,0.3281561648105562,-3.7818675456913966,2,-0.16368474388023568,2,0,0,-0.5073556657344572,4.733812617745162,0,1,6,0
29.0,71.44,2278.83,18,827,0,2.3008905591988307,0.6443954197710013,3,-1.9005780865262243,3,0,0,0.8915279757884143,-2.516136890511717,1,1,1,0
2.0,31.6,64.99,51,784,0,4.7982546993008945,2.190164072994977,9,2.9710397993788646,1,1,1,-2.26194388356913,-2.4600319384903013,0,0,6,1
31.0,50.71,1690.01,22,690,2,1.9577806028737235,6.698001013950611,2,0.3630755578869936,2,1,0,-0.05453982800461602,-0.5709705882084711,0,0,5,1
1.0,84.93,91.24,48,678,3,6.20175909424534,-0.13806857436009495,2,0.5277384231023103,2,0,1,1.5624934951166989,5.427733540400604,0,1,3,0
70.0,49.61,3356.75,34,497,3,-0.15618358071438,3.021314130438802,4,0.8034710674008945,1,0,0,1.4249305256688216,0.960516434756546,0,0,2,0
45.0,89.8,4155.75,30,701,2,-3.951102254618609,-0.890134073296515,2,-0.7549792859079967,2,0,1,-0.5241729922198086,-1.5937078111892196,1,0,1,1
49.0,47.44,2201.42,20,679,2,-1.2117335922142014,6.548080286149615,1,1.4249814519934343,1,0,0,0.41608360483421697,-7.406060536532501,1,0,4,0
72.0,70.16,4655.1,45,458,1,-7.207150889313982,-4.855903377315347,4,-1.8900022848018474,2,1,0,-1.7083796626421566,-1.5478909513279997,1,0,8,1
1.0,145.17,144.03,78,850,1,0.511017892859249,-8.990007440215683,8,-4.209946794843451,2,1,0,-0.43672434001524435,4.3755766072744064,1,1,1,0
72.0,123.6,8279.3,60,368,2,-8.989308424940042,5.054224219645535,7,7.168728875551278,3,1,0,-0.9878742672673132,-4.271828657278687,1,0,2,0
1.0,52.98,52.38,40,621,3,7.907227508590046,2.022420322532212,6,-3.9016761941831937,1,1,1,-1.1445481971801743,3.712807566184551,0,0,2,0
23.0,121.82,2538.2,37,697,1,0.2514544958077798,1.014349543573457,1,-2.312583689787568,1,1,0,-0.23314279474742933,4.61366852783062,0,1,3,1
32.0,56.17,1729.11,18,603,1,9.073107935592342,5.362653872985907,0,-3.7530631342907106,4,1,1,-0.5906670746703826,2.2026478979643156,0,1,4,0
46.0,101.46,4917.21,48,642,1,-4.936916728978096,4.831928686604469,2,5.040797060415082,0,1,0,-0.326493085763115,-2.7676527640275026,1,0,4,0
66.0,95.94,6286.59,23,683,2,-4.702279413025399,0.8279174485540397,2,1.3984749540145662,2,1,0,0.8855698305488303,-1.1571829436622731,0,1,1,1
13.0,93.3,1155.23,34,662,5,3.8768591994168986,4.168740719214968,12,-0.1712074293858078,2,0,1,0.7504944015861765,3.2480989400566824,0,0,3,0
1.0,70.67,71.42,48,746,0,2.416176712942412,-2.3508797442668983,2,-0.5654857856425847,3,0,1,0.28877081919046427,0.14408299801157268,1,1,5,0
63.0,52.45,3164.93,37,566,3,1.7652152603395435,-0.7773192704107593,6,1.1111978912005236,1,1,1,-0.5248743805727604,1.7399687894683005,0,1,1,0
51.0,32.7,1636.62,48,620,3,1.6407856136791454,-2.465041596565449,7,1.0703345611623856,3,1,1,0.38302716144931764,1.3381044501026864,0,0,0,0
30.0,47.25,1543.48,39,559,0,-0.8784850117508851,1.312889072816693,8,-3.567747066325049,0,0,0,-0.6049144639407158,0.4127221842221695,0,0,5,1
1.0,149.99,149.11,39,850,2,-1.7041679908113687,3.568285772672828,14,-2.074193588495272,2,1,0,-0.4183779351029197,0.08149192742806227,0,1,3,1
40.0,75.8,3168.21,32,723,2,-1.2904432978460574,2.3301508027831654,6,1.218277519784724,1,0,0,0.6780072549043489,-3.313918263434096,1,0,3,0
39.0,123.14,5243.35,39,734,1,-0.6203497308306961,0.22365769259084062,3,1.0249833253479306,1,1,0,-0.3905527165889216,1.8619873961223445,1,1,4,1
72.0,49.56,3249.87,18,698,2,-4.402257894803572,-3.7369918649736475,9,0.6816834649402786,2,0,1,-0.4879173799274212,-3.4075984849161403,1,0,5,1
1.0,59.5,56.41,18,725,2,8.79554651464928,7.528496866466265,2,-4.149252859338419,3,1,1,0.5814646688958583,2.8663995839765537,0,0,4,0
51.0,100.13,5461.31,54,487,1,3.9729239673210883,2.1429217277576567,0,2.305038392679134,1,1,1,-0.6811794077339197,6.652702325119596,1,1,5,0
4.0,19.99,85.48,42,746,1,9.75264817855988,-2.6961513740654066,1,1.6693887520880784,4,1,1,0.36398810520093705,-3.6421835394405555,1,0,1,0
8.0,69.03,532.25,20,670,0,6.10978000004428,1.0299452270685328,6,0.9640100348686627,5,0,1,1.2172587330151854,1.0926799300625192,1,0,6,0
1.0,115.6,116.82,31,843,1,-0.007702427570759139,0.3347979375782623,9,0.10686129805904698,2,0,1,-0.0844470889992517,0.17395256849689714,1,1,1,0
5.0,149.99,809.69,44,675,1,-1.9474356016341503,3.8257499081866206,5,-0.9850013381419164,1,0,0,-0.509913442982742,3.676497343999486,1,1,4,1
55.0,56.72,3147.7,47,640,3,-2.1057696905529455,-4.683936849602388,6,1.3446765790669057,0,1,0,0.3027886147599797,-1.8354025227090482,1,1,4,1
16.0,79.15,1327.58,19,699,1,2.892018160046183,6.592590480844739,4,-0.5752839952104002,3,0,1,-0.6597333207312206,-1.4072762164067476,1,0,3,0
44.0,19.99,817.88,44,732,3,-0.43357694754939446,-5.76028226086096,4,3.134400631111132,0,1,1,0.1293545241617499,-6.49238568236712,1,0,7,0
67.0,19.99,1417.42,32,680,1,-4.679453852446137,-8.397533309409498,4,-3.119311847763418,5,1,1,1.5553868923074676,-4.994570667182739,1,0,8,1
33.0,44.2,1452.58,25,689,2,7.169773443346217,4.923526159559375,6,0.351325285462225,4,1,1,-1.7608800184754823,1.0661124824666164,1,1,7,0
40.0,109.04,4086.75,35,754,3,-5.511312199314121,0.9221081035911063,13,0.597653845725537,3,0,0,-0.8508377872136514,-4.092476791687265,0,0,2,1
49.0,70.94,3593.26,30,538,1,2.4169403745787448,4.22026082479826,1,-0.07604229709154153,1,1,1,-1.615958608866614,-0.7606517144048054,1,0,3,0
51.0,104.03,5546.55,30,529,1,0.2510891523970708,4.014904933595467,5,1.4775953476029464,1,1,1,0.5834519319014164,-0.03457254837609825,1,0,0,0
1.0,105.95,113.21,30,756,3,5.745382544917379,2.1915639374046507,1,-1.1565470878030069,4,0,1,0.5602162069963952,5.9932254593036225,1,1,3,0
1.0,49.16,51.98,27,642,3,9.240665670835424,4.446800198500836,3,0.7334342023697271,5,1,1,-0.9870964961511828,1.2402319977370198,1,0,1,0
31.0,63.47,1814.84,39,424,2,9.224711615802585,9.59138901622524,3,-0.643957114007195,4,1,0,1.2864022097396233,8.100750340920872,0,0,5,0
46.0,124.48,6098.19,44,625,3,-4.4769088186174635,4.135017574671278,1,4.466375816800729,1,0,0,0.2372420656059193,-1.3697548468163219,1,0,2,0
30.0,112.44,3296.82,39,570,0,-1.3709636695794596,3.6988366345573214,5,0.8982063905604744,1,0,1,1.6453693782708712,1.0319497068556285,1,0,0,0
59.0,63.45,3598.25,18,731,2,-2.6959524345685026,3.6204942782705536,1,1.663984464159873,1,0,0,0.33136591139931215,-7.5006421076877725,1,0,2,0
1.0,105.23,102.37,22,844,2,1.9713504769820953,5.374033154148378,4,-1.1290644648201762,5,1,1,-1.1162954024997171,-0.3284810143713305,1,0,1,0
38.0,54.12,2195.0,48,522,1,6.0812392715426595,-0.417925810432574,2,-2.5526246282985734,1,0,1,-0.24946264528662965,3.477366252353087,0,0,3,0
20.0,71.35,1416.17,26,563,2,8.962168477325285,4.391118045445553,1,-3.537805358993469,1,0,1,-2.4519457204160267,5.23849804480297,0,0,3,0
1.0,100.39,97.4,46,684,3,5.538116245513504,1.5189112503681452,6,-0.28494592955533504,3,0,1,0.16399810026371747,6.555022362175877,0,1,3,0
67.0,117.05,7451.26,47,536,2,-6.384148060962919,1.5155010818970027,1,4.152085268269688,3,0,1,0.2132991784344942,-2.745875966933708,1,0,0,0
68.0,115.45,7456.59,53,490,2,-1.1988911486574403,-1.8274673234316128,7,1.9417903509974632,1,0,0,0.39846259753549684,2.3958640048045217,1,1,0,0
1.0,149.99,160.18,42,762,1,-3.639515628317806,0.6865835376286245,1,1.1069655890127996,1,0,1,-0.15365156783211215,2.324996795048146,1,1,3,0
58.0,40.2,2244.29,49,494,2,-2.440328197003588,-3.4084142834121343,4,-1.1982343651494007,1,1,1,1.1036356527299505,-1.087369532398967,1,0,5,1
1.0,114.1,117.5,63,765,2,1.3795412646187908,-6.659177636131852,4,1.7600985355518615,1,1,1,1.032941117939538,3.9630581197161194,0,1,7,0
42.0,91.26,4028.19,58,624,0,-2.0489185641102274,-4.34467833836954,0,-1.8632110812354559,2,0,0,1.3688754395404252,0.17393656224205475,1,1,0,1
37.0,93.81,3240.58,18,768,6,1.5119766310929517,4.82419732982706,9,1.0380394637247154,5,0,0,-0.030686585680356815,-1.7438149882150225,1,1,4,0
1.0,82.03,80.5,22,711,3,1.77866569300883,5.029044315443258,5,-2.9371632602817934,3,1,1,-0.2746693936851653,-2.3939915877260614,1,0,1,0
72.0,32.01,2287.49,23,547,1,3.317164190906704,0.12135263540594658,0,3.122684110994438,1,0,1,-0.026874040238041946,0.788478950718646,0,0,2,0
36.0,99.96,3444.99,43,608,3,2.8616671073567854,2.285691352466937,6,0.870209150767897,2,0,0,0.6530976046044796,3.253798459252681,1,1,3,0
30.0,141.58,4668.75,56,628,1,-1.5820548604239548,-3.4471205478791487,1,-0.9954958022985234,2,1,0,-0.9792725912916408,1.6955403033801977,1,1,0,1
10.0,53.12,536.89,64,823,3,-0.2730041966481928,-11.076291349392402,0,1.1949627663784,2,0,1,1.3684064641678138,-1.4548957540334648,1,1,7,0
26.0,149.25,3971.06,22,821,3,-4.271321962747267,-1.272446512086636,3,0.9850983480415378,1,0,1,-0.4988781493930993,-0.580888473237332,1,1,3,1
56.0,27.48,1490.37,27,722,0,-1.5505844970171987,-5.1633541053502245,2,-1.6738964731448118,3,1,1,0.21598750319325236,-1.9081537731280298,0,0,4,1
51.0,95.49,4794.34,34,522,2,1.960692130327812,2.1531260867369126,2,0.4630049498105671,1,1,1,0.6984820238187978,1.2585411885845328,1,0,1,0
43.0,102.51,4107.94,57,438,2,1.8286299612235133,1.5280127152160943,11,0.5046860976231535,3,0,1,-2.590924463059685,5.958128082178276,1,0,3,0
68.0,88.52,5615.18,19,403,0,5.944129515630615,6.931429184815424,0,2.254793343311912,1,1,1,-0.4151393404041847,9.177407358151049,0,1,2,0
45.0,76.27,3505.28,42,548,7,3.9877160104750833,3.2789780096638994,2,1.5787592154811398,1,0,1,1.2785962933196788,2.373646638199332,1,1,4,0
6.0,66.46,413.82,55,755,2,1.2804478777472745,-6.2181725003398585,0,1.5037683993724318,3,0,1,-0.2244342157600664,-1.467051379942034,1,1,9,0
12.0,90.48,983.65,18,783,3,-3.3280956746834662,6.20142743369218,1,-1.0120781656028788,1,1,1,0.1285497620078606,-6.820698721138532,1,0,1,0
30.0,105.44,3180.38,47,717,0,-1.4167844803490766,3.2679925261206115,4,5.1707327640015,3,0,0,1.0829756958641057,-0.45983118709369336,1,1,4,0
72.0,19.99,1337.73,52,503,1,3.906310102456619,-5.55392733049505,2,1.5255501688952213,0,0,1,-0.46677782019565084,-1.402876113252309,1,0,5,1
52.0,90.28,5060.67,78,574,0,-1.5412114504013172,-6.493805010450854,3,3.95469690243507,3,1,0,-0.02508711905378481,6.0094190302279795,0,1,6,0
1.0,139.08,137.34,63,673,1,8.464497669538977,0.2574917552735465,2,-0.9883304532187743,5,1,1,1.3706410815571834,10.282835346171245,0,1,4,0
1.0,108.97,112.03,33,733,1,4.912650850423034,2.1784796688862147,9,-3.8323627687527106,2,1,1,-0.3395563879941212,4.786542316120697,0,0,1,0
35.0,55.42,1960.24,31,791,3,0.7562882639523023,-0.23892979506443066,2,5.110169633172183,3,0,1,0.552004587066955,-4.489178499148402,1,1,2,1
23.0,96.37,2253.36,37,736,1,-2.798243958023132,2.423852913734617,2,2.606909891780264,2,0,1,-0.4089138331179619,-3.6282933224710856,1,0,1,0
19.0,58.15,1115.58,40,629,0,5.556682759011353,1.1389262621447982,3,-0.10170183212544204,1,0,1,1.2658839683312342,3.783982213010246,0,0,0,0
1.0,119.47,113.03,67,850,0,-4.6771823934118775,-1.8857158130086868,1,0.21348179703214587,1,0,0,1.6442806804701486,-2.160903072667776,1,0,1,1
1.0,60.63,62.41,45,680,0,4.623838271012331,2.14713166170916,11,-2.2675719715151508,2,0,1,0.6736013665334327,2.9226679232357555,1,0,2,0
18.0,114.23,1863.02,32,772,1,-1.4842718688800949,-1.6605671352810711,11,-2.7674230064292193,0,1,0,-1.1869130236868168,2.105497870422892,0,1,3,1
32.0,50.4,1685.78,51,730,0,-2.9007859973584895,-5.823734175974968,2,-2.753782604070724,3,0,0,1.2878617364362117,-5.268920802089523,1,0,3,1
38.0,51.34,1824.03,19,528,1,4.982203933307272,8.181723723515713,5,-1.949630713328414,1,0,1,-0.8491657211381344,-1.079085807431338,0,0,4,0
16.0,95.95,1594.54,75,804,0,-5.155093842093199,-7.818381067459804,1,2.348118336787308,1,0,0,1.3332098073307845,-3.2484298408967724,1,1,1,1
43.0,58.33,2623.1,35,768,1,-1.2325369644237707,-4.542255205542507,4,-0.0793826211090004,0,1,0,-0.7987830487172634,-1.5520362766158222,1,1,3,1
44.0,104.99,4343.72,34,751,3,-0.9450538131395193,-0.2776910376428076,11,1.912719172728969,1,1,0,0.4703841620931579,0.439204638700044,1,1,3,1
8.0,114.57,943.23,49,745,4,-2.842420320441901,0.8421018192623798,2,1.6666076259933271,0,0,1,0.26254839514314,-0.04907795429705119,1,0,0,0
19.0,106.97,2095.26,33,698,1,1.7827966813336809,-0.09635135296510036,1,-1.2935963399406436,1,0,1,0.38461539617918283,2.302902513929765,1,1,0,0
72.0,21.07,1539.38,49,582,1,-1.5214725830879605,-3.133578215912106,3,-1.1613057264078996,5,0,0,0.6266134652100049,-1.8355220021753067,1,1,7,0
72.0,29.69,2306.52,39,462,1,2.183995002188452,0.13717504126888852,5,1.2797101810237994,2,1,1,-0.4670020137729479,-0.04589275246637682,1,0,1,1
72.0,121.88,9632.51,52,587,2,-5.353401502411657,-3.335440508378737,5,4.935173963350682,2,1,0,-1.619944612817809,-0.22808912795826067,1,1,1,0
13.0,51.85,696.74,46,655,1,4.631467723323622,-0.2437864263384726,1,1.6324788093765608,0,0,1,0.8104750029964789,3.3917685472343067,0,0,4,0
3.0,91.42,270.47,30,657,1,6.267849887146846,3.8416264800812074,1,-2.1157361250369515,2,1,1,0.4981197608562887,5.487752020896412,0,0,3,0
56.0,55.08,2929.21,42,664,0,-2.3158693824610888,-4.116790433917278,8,2.7433918897101206,1,1,1,0.1837920836339887,-3.838179581811022,1,0,2,1
1.0,79.91,85.85,18,850,1,-2.9615535815406258,5.957399897412867,6,-0.17705435707000905,2,0,1,1.0851007829136574,-7.770119816582632,1,0,0,0
23.0,104.92,2270.12,46,522,2,1.1258443110927798,-0.4871314987508516,1,-1.9667249205940465,3,1,1,0.8800595357599192,2.819296562148146,0,0,3,0
35.0,59.8,2082.13,41,727,0,0.13287911000851493,-6.599720956631388,2,2.144802059135357,1,0,1,-0.9397462331108769,-2.291019358358663,1,1,8,0
40.0,108.73,4445.32,48,611,4,-2.2670041166953743,-0.20166980040940374,2,2.3515942562866465,0,0,1,0.6711451288781735,-0.6948443812459507,1,0,1,0
1.0,91.62,89.38,67,705,2,6.574774234967298,-3.353923657969131,3,-0.7542354149994089,3,1,1,-1.7116988689012322,5.484854102323651,1,1,1,0
72.0,98.07,6898.23,34,559,0,-4.197152463369635,3.200688230738236,3,3.610090919935753,3,0,0,-0.6849970116079352,-2.664315737716186,1,0,3,0
32.0,91.57,2912.5,43,682,1,-4.68516828313398,0.8276367887618418,1,2.306750305992463,1,1,1,-1.0282148403888978,-4.054318168872547,1,0,0,0
39.0,88.1,3227.9,45,395,2,-1.9590260141871703,8.752836149458274,3,1.0773466027292333,3,0,1,-0.6567697223346567,-1.9409185806196587,1,0,2,0
22.0,73.42,1759.87,52,663,4,3.354603330129809,-2.4003734372098635,2,0.8631405773884944,2,0,1,1.277981562857085,1.5221076999853864,1,1,2,0
1.0,95.6,91.71,27,809,2,0.9438346555132557,4.593068704199363,4,-1.3931622219349458,3,0,1,0.02806827643834319,-1.377848968404225,1,0,0,0
1.0,149.99,153.55,39,795,3,-11.990987973389513,1.4791955993089005,4,2.6637068420337022,0,1,1,-0.8487813353746798,-5.967312172801768,1,0,7,0
7.0,67.92,470.69,52,564,1,10.54329703972919,-1.193895238542751,3,-4.6338115504141415,0,0,1,0.6152554923398379,9.633767457580559,0,1,3,0
43.0,89.37,3916.77,60,649,1,-1.808968725040872,-5.914897131478933,1,1.9357252637224418,1,0,0,0.6737989072115628,2.7974803955809806,0,1,6,0
56.0,120.65,7402.02,56,487,3,-0.7128276713520604,1.153212860078009,3,3.7861423897531474,1,1,1,1.3448824875027374,4.6041376499020625,1,1,3,1
1.0,99.71,97.85,69,799,1,5.132946437629145,-5.692182118419169,5,-1.5189961527639748,5,1,1,-1.5041118194445902,3.1044476232788587,1,1,3,0
65.0,39.87,2622.91,42,624,2,-1.3523810675328491,-2.5866954750530162,0,0.9447272244792998,1,1,0,-0.2720910356217602,-1.7322075361943643,1,1,1,0
40.0,57.93,2176.14,39,556,0,-0.2674410753208794,0.24316795395250962,5,0.47852887412192624,2,1,1,0.04185183709075198,-1.3275813982040712,1,0,3,1
41.0,104.82,4347.08,30,715,3,-1.3907607093428183,1.380537019586665,3,1.720105348824505,1,1,0,0.2533251176026255,-1.7537862951848702,1,1,1,0
25.0,105.24,2592.93,44,500,1,4.083884800046676,2.159989606148674,8,-1.425522671802041,1,1,1,0.23568114676977947,6.223353784576019,0,0,1,0
55.0,70.76,4099.06,71,727,1,-4.405516284382639,-12.29736804246037,6,2.9261395960400183,5,1,0,-0.25456979941951285,0.3206971260577752,0,1,7,0
48.0,39.01,1759.07,26,549,0,3.5877013059500924,3.0728351123408806,1,2.470180501886242,0,1,1,-0.31487040684507844,2.560358475056179,0,0,4,0
48.0,107.94,4918.61,25,674,1,-1.9878095322465459,0.7476010893917348,0,-1.2380302640902014,1,1,0,1.8167682022095824,3.4557845307183115,0,1,1,1
16.0,86.81,1512.41,43,476,1,10.230596022695506,5.316125752596895,9,-0.1806114235677737,3,1,1,-1.4687196944342036,10.68344049353723,0,1,2,0
19.0,86.7,1604.22,48,679,0,0.2900253218550076,-2.8538578304337596,9,0.8825860940201494,1,1,1,0.4765826392684559,2.903416821860671,0,1,6,0
72.0,69.68,5151.85,25,533,2,-3.0055679510243847,-1.068628103042627,5,0.9621529886045471,1,1,0,-0.2424663592885631,-1.896988391451945,1,1,3,1
72.0,43.38,3360.06,46,628,1,1.6076261599410693,-2.263650191390508,3,5.0822460795035465,3,0,1,-1.7615326519010999,-2.668842475463723,1,1,6,1
27.0,98.89,2914.91,77,702,0,-2.1745213631875737,-9.952161258618796,6,2.454057972244591,3,0,0,-1.1956755174473281,4.365182496534316,0,1,8,0
43.0,71.29,3312.81,50,665,1,0.8156758478950153,-6.268714772035545,0,1.6593997906262596,3,1,1,0.14037529776580368,3.131687377662106,0,1,4,0
71.0,54.42,3496.65,38,566,4,3.471107252833542,2.1303415645695134,5,0.7741404020282444,0,1,0,-0.003731869653007481,0.8209408960101291,1,1,7,0
12.0,81.27,1036.95,38,629,1,3.0665953746071835,1.1929493216500187,2,-0.21157507730134173,5,0,0,-0.527825975184244,1.621236082924634,1,1,5,0
20.0,85.85,1683.22,31,731,2,-2.926357418380069,4.788671084338472,1,0.5586271088824597,1,1,0,0.0362299500914825,-3.648687182677384,0,0,1,1
72.0,21.59,1501.65,29,555,3,-1.1477894802976973,-2.304746864515897,4,-0.05765082844662295,0,0,0,0.053995881719902675,-2.6866974597669637,0,0,8,1
33.0,25.86,783.16,21,481,1,9.013694264018525,9.78386517779075,1,1.4134020437339447,5,1,1,-1.1691953010757674,2.8618533441206706,0,0,1,0
1.0,78.47,83.94,45,796,0,1.252456937508982,-4.741040122158553,1,-0.74298028766093,3,1,1,-1.4461577175983653,-0.06220138526089515,1,1,7,0
1.0,149.99,139.48,32,845,2,1.3947038743329465,3.9621447828301815,2,-1.8714635073656676,4,1,0,-0.2381309569773737,6.782174154527893,0,1,5,1
1.0,137.28,145.1,29,850,1,-1.8598215373393687,0.07059848298723165,9,-0.7066969476748576,1,1,1,-1.867259645828957,0.28358219274070445,0,1,3,0
47.0,106.0,4870.27,18,773,1,-6.137548561240342,0.8078270097909185,1,-0.6416988452525307,3,0,1,-2.1626775530543783,-3.4765525767083836,0,0,1,1
67.0,87.34,5763.65,42,408,6,2.6872338970861502,6.413316623524644,5,-0.589911991919653,0,1,0,-0.5591586761226561,8.304244102994625,0,1,5,0
12.0,120.73,1354.57,27,711,1,-1.7856396801194485,3.9120016466714893,0,0.5472484481594175,1,0,1,-0.6430762085717826,-0.6007920835071462,1,0,1,0
68.0,54.37,3896.77,51,491,1,3.7640841189425807,-1.0487102572609626,7,3.5997099321929547,2,0,1,0.18212666693721744,4.860946234355746,0,1,1,0
1.0,81.42,74.79,62,685,0,4.538253822925905,-1.3518607568683263,8,0.8019042151863108,2,0,1,0.8128372269958548,4.914850826511,0,1,3,0
41.0,82.93,3693.55,18,592,2,1.972723531886527,7.384778740008527,2,-0.3601918386295483,2,1,1,-0.3987433184428167,-0.7643216119998133,1,0,4,0
43.0,54.36,2282.93,37,717,3,3.835742281547177,2.5185098884085,1,4.926098065460807,0,0,1,-0.9625111322847182,-1.8385292384742822,0,1,7,1
31.0,134.83,4472.95,48,663,2,-5.5760291684898755,-3.448272897544976,3,-0.45422947990661466,2,1,0,0.12717022001845282,-0.8682817096915536,1,1,8,1
72.0,99.28,6769.05,19,637,0,-8.843806001136626,5.0082261235203305,2,3.530766684101817,1,1,0,1.4232469591806107,-9.59778196872575,1,0,0,0
43.0,70.78,2793.85,54,679,1,0.44578559773827725,-0.33719005836041355,9,3.71493371340467,1,1,1,-0.309934527351922,-2.038056732047615,0,1,4,1
72.0,101.02,6962.18,34,651,2,-8.885318894738614,-3.771423944885988,2,1.3418018496353272,3,1,0,1.1843351280046617,-6.614085288725476,1,0,4,1
41.0,19.99,813.32,37,586,2,5.238308671412931,4.265487423389948,2,0.11572801336964145,2,0,1,0.22115248577746552,-1.1170221466914771,1,0,4,0
1.0,114.41,107.51,45,735,5,3.6778191310472876,1.8608482078979725,3,-0.7708149391949538,2,1,1,1.2975797250160828,6.35557605594135,0,1,2,0
46.0,99.34,4922.84,35,633,1,-2.2016094906928605,-3.1912958682632704,3,-2.6545852558041108,2,0,1,0.3905741470171744,1.390881998292711,1,1,2,1
46.0,83.45,3983.61,55,573,2,-0.9258357746469829,-2.356373215881129,3,3.359580728388848,0,0,0,-0.9507905749223665,4.150059415918938,0,1,8,0
39.0,127.25,4471.51,46,537,2,-0.3649680751967791,0.9299078080661086,3,1.2687182802766268,1,0,1,-0.8610905039149233,3.5184233029426046,1,1,0,0
1.0,48.73,53.29,30,618,1,12.596731042820847,7.737103252194661,5,0.22839544813749102,4,1,1,-0.08262570748474275,5.581721210943147,0,0,3,0
41.0,82.02,3125.89,34,700,2,-1.4387732306038445,4.409345195372788,1,2.9593090290228403,1,0,0,-0.19111578203777912,-3.356735904626399,1,0,5,1
41.0,107.89,4711.9,50,503,0,4.747589693822905,0.35730892527075825,3,0.12641010047569845,1,0,1,-0.06837535503618472,7.517129973422562,0,1,3,0
46.0,28.83,1271.48,59,649,0,-1.9908602552726409,-4.371716189326225,4,0.8076449362285383,2,1,0,0.18057462501819785,-3.1768649585747903,0,0,4,1
35.0,50.99,1826.71,32,610,1,3.908983478659137,3.204013273778314,4,-0.1725200140906754,0,0,1,-0.04487905609352203,2.3149690772709333,0,0,3,0
52.0,70.77,3496.02,43,483,2,8.030296621377229,3.961892166250586,1,-1.8552958304689802,0,0,1,-1.255258536786393,6.9395916684521595,1,1,10,0
48.0,115.51,5940.33,18,698,0,-3.269663128068729,3.2207864480312813,0,2.4999391802442004,4,0,0,0.31613434979802746,-2.092226454833037,1,1,1,1
2.0,46.55,98.94,65,850,1,-0.38042114565327106,-11.251891859328387,6,1.0360867120028538,1,0,1,0.1783736929233565,-2.804194399872341,1,1,8,0
10.0,81.81,739.8,31,592,1,8.97891482506105,3.171038404254955,3,-2.5339526407223976,2,1,1,-0.3126060488671844,6.253284450663503,0,1,3,0
49.0,69.17,3420.69,58,625,0,-0.7517446659195669,-4.922585305318869,7,2.058961088919791,4,0,1,-1.7099317240645833,4.112509464751852,0,1,4,0
30.0,34.79,994.32,45,665,0,2.21646955856483,-1.291844791116568,8,0.9670296501640347,0,1,1,0.21100850347122332,-0.4653137233576163,0,0,2,1
1.0,66.96,64.03,67,739,1,10.063661281201615,-3.7832037635738374,2,1.0051475577224522,2,0,1,0.2954392775618184,5.144696622228233,0,1,0,0
41.0,115.13,4780.5,41,683,2,-1.7633754612525159,-0.06969413820730644,1,3.0580951901829754,1,1,1,1.2361211972804325,0.7474579320779834,1,1,1,0
37.0,58.75,2327.76,57,625,1,0.42617744683692277,-3.306986444443508,7,0.7150170218556693,2,1,0,0.25401373582487907,0.16710863835598605,1,1,5,0
63.0,19.99,1290.04,33,522,1,4.3161115919600705,2.153136750714272,7,2.0438403213491454,0,0,1,1.6273651050648572,0.6881359386334703,0,0,1,0
18.0,43.09,800.28,27,699,3,3.900691405782983,5.74907210927536,0,2.334926756289252,4,1,1,-0.8936660623556743,-1.5382616180191444,1,0,2,1
22.0,19.99,432.48,45,611,1,0.7250196809910258,-0.06504595878997593,1,-1.339516294782869,3,1,0,-1.2730778596353372,-1.9406519832281277,0,0,10,1
72.0,78.83,5183.37,28,562,3,-4.666402865614399,5.223391664730268,11,4.541507372874441,0,0,0,0.5443009765131103,-6.326919017538347,1,0,4,0
72.0,66.01,4689.78,32,474,2,-0.7142382676078253,-2.503052876242783,5,0.031240571410159013,2,1,1,0.2247221192774335,1.2973862344564373,1,1,1,1
34.0,60.85,2075.07,61,710,1,-1.0860437538218393,-6.905381660868044,9,0.7463327063539151,1,0,0,2.113616635772922,-0.3194261432107313,1,1,3,0
72.0,101.11,7573.56,48,588,4,-7.74471641155426,-3.7233026383041734,5,0.5944822028172819,3,1,0,0.22425947895035128,-5.426695180429845,1,0,4,1
39.0,105.08,4417.55,29,559,2,-1.0378872263260766,5.100746375298644,3,0.3782838795606547,0,1,1,0.99088434994393,-1.004401566678551,1,0,1,0
34.0,49.39,1529.81,22,571,3,7.810553785565273,4.360410737105369,2,0.48222718272135234,1,1,1,0.8770557674462117,3.1739002839685626,0,0,3,0
17.0,66.13,1233.48,30,578,3,8.228411418190074,3.0936023959058914,4,-0.23477393841415284,4,0,1,1.2440838520366853,4.189811764282251,1,1,0,0
1.0,88.61,94.17,55,711,4,5.864114124667615,-3.1772946646889233,2,-0.2657516075217644,0,0,1,0.8957496851940812,5.933149437709013,0,1,1,0
4.0,100.6,432.78,18,786,1,-1.773747448576631,6.523920872137853,1,0.4185460706675991,3,0,1,-0.30342224084041586,-3.9086141461264168,1,0,1,0
30.0,58.45,1767.33,48,615,1,3.7055279206615706,0.6224221946995487,6,1.0041070327291,0,1,1,-0.9572259554557493,3.305618532250584,0,1,0,0
50.0,107.9,5334.88,34,748,3,-5.839580556291098,-0.1267828079150457,2,1.928979574100143,1,1,0,0.053251740269973064,-4.19988142795825,1,1,0,1
66.0,34.18,2127.2,38,500,3,4.716430183657928,3.273168601995337,4,-0.05532331361128562,1,1,0,1.0433609773489632,2.9200892356015755,0,0,6,0
1.0,125.29,115.01,18,850,0,-0.693332511033045,2.438077059275736,2,-2.1082155780796343,4,0,1,-1.1345046055637644,-2.254344546580726,1,0,4,0
17.0,142.72,2225.94,43,659,2,-2.3994356204629894,-1.4716282342918279,4,-0.03137702874573467,1,0,1,0.5722977855302412,1.564233713404191,1,1,4,0
1.0,123.02,112.21,30,781,2,0.8925595150646017,1.8980897415253812,2,-3.917003063668678,1,1,1,0.09946627836827243,2.3013836903528286,0,0,3,1
18.0,106.27,1943.11,51,549,2,3.2030476988347814,3.8352337212192844,0,0.14104834548453138,0,1,1,0.05651251849254123,5.293142413694439,0,0,3,0
72.0,19.99,1496.77,42,560,5,3.747885402452995,-1.1169256918800774,0,4.322598829174919,0,1,1,-0.7214076868920507,-1.6893053975509147,1,1,3,1
62.0,52.4,3164.8,37,713,3,-2.584445372563683,-2.967550944238509,6,0.6332871195688249,3,0,0,0.5770661438600928,-3.1127512083479045,1,1,1,1
47.0,97.37,4462.39,47,757,1,-0.17804979359123502,-3.5851568785397547,8,1.567638211736976,2,0,0,0.9603789797449573,-0.28309482271759434,1,1,3,1
55.0,43.95,2643.33,66,653,1,-0.8484237595395232,-7.019194926943617,5,3.184613254608066,3,1,0,-1.3768617742686315,-0.003494089433884255,0,1,4,0
43.0,115.45,4905.25,28,610,1,-3.429235108474152,2.0901141231882803,7,0.733981270719624,4,0,0,1.264823437328157,-0.8977698632540226,1,1,5,1
36.0,56.86,2083.05,48,600,1,4.688091494423429,1.5599562388742567,5,-0.47766794151156355,2,1,1,0.2708775925322395,5.089774702016546,0,0,6,0
7.0,82.89,616.6,32,795,0,-0.5992341581789724,-1.5175254195117633,5,-1.426376927937616,0,1,1,1.083128313540104,-3.1442091537263437,1,0,3,0
42.0,96.21,3862.82,23,775,2,-3.692878674250195,3.612950454911092,4,3.407624579402689,3,1,0,0.664605260857608,-5.60192501500935,1,0,2,0
27.0,19.99,548.52,52,673,1,0.6175175354571383,1.1019071812352839,0,-1.4075944701481582,2,1,0,1.0901053212568497,-3.6572515755616197,1,0,1,0
4.0,117.65,451.36,80,850,3,-4.306499957358583,-16.795923410905807,15,0.5594203814100182,1,0,0,1.587914131414996,-0.1434198836023876,1,1,9,0
1.0,149.99,156.19,29,726,3,-0.16235204230421607,4.305697668746764,0,-0.2201107976207769,4,1,1,-0.8542773612082986,3.0321903375057544,1,0,3,0
24.0,98.97,2157.91,51,508,2,5.853597831656668,5.583195569255571,5,-0.6645939268817934,3,0,0,-0.4045712879201187,7.362093321144802,0,1,5,0
45.0,51.25,2276.31,45,583,1,0.2175132712591321,-3.595782185137299,6,0.0823210698835255,0,1,1,0.07051975331835339,-0.29741533678461446,1,0,5,1
35.0,100.01,3225.86,49,528,2,-0.46794450307864804,0.9345864726615906,5,0.2345214842482899,2,0,1,-0.5895522755130861,0.9251863597451698,1,0,1,0
1.0,137.29,134.36,58,840,0,0.6386063791602498,-0.43148005816274587,3,-0.8940741424968003,2,1,0,-0.16572138555286708,0.33240502274185296,1,1,6,1
72.0,105.0,8171.58,53,519,0,-8.535989136636482,-6.4333052742609915,0,0.5350885070179882,3,0,0,-1.3415559383890285,-6.169826689682245,1,0,6,1
21.0,86.22,1797.26,51,796,1,-4.098489084233027,-1.8536197303456008,4,3.720693087473884,0,0,0,-0.27159659839467476,-5.694204331399458,1,0,2,1
72.0,81.15,5887.41,58,564,2,-3.9052308456101517,-6.482616137999313,1,1.9718675326471025,3,0,0,0.34320350377501513,-0.3711942764569514,1,1,1,1
29.0,58.74,1702.93,31,644,2,3.806983081839496,-0.6973385255644164,2,1.2175519499260623,2,1,1,-0.2727797849179111,1.1559555250946492,0,1,5,0
34.0,90.63,3090.61,45,506,5,5.527576168341124,2.9593619328221585,9,-0.4751227541662685,2,1,1,1.1366921178778655,7.964126341883743,0,1,1,0
36.0,96.98,3245.22,32,632,2,3.081974253491152,2.5904671131977284,2,-0.8388924414742748,0,0,1,-0.2902352692223919,4.472067944595179,0,1,4,0
1.0,58.26,55.65,47,803,3,0.3637523483135219,-2.5290465404059983,0,2.8269243912447335,4,0,1,1.8387488076923215,-3.463458480442209,0,1,8,1
9.0,111.75,1051.8,47,716,0,-4.67689965937656,-3.142775054069384,10,-1.252573897891168,2,1,0,0.009420088901353374,-0.9046664814594544,1,1,8,1
27.0,41.71,1173.58,18,609,2,9.43491001912367,9.870663407380194,3,-1.090001526028752,4,0,1,2.2837253567850526,2.6744500080880433,1,0,10,0
1.0,112.79,114.51,40,801,2,1.149744549169607,0.2816644603598609,5,-0.9178378578266776,1,0,1,0.5179189335715011,2.023958264539354,1,0,1,0
55.0,89.73,4660.63,22,703,2,-4.274084915491645,-4.234980771358133,6,-1.2119332770117988,0,0,0,0.5481813432080096,-0.957008020786946,1,1,7,1
46.0,104.56,5232.19,46,704,0,-4.234087020492748,1.2570852915889446,12,4.631072991779227,0,1,0,0.19226411710405789,-2.6923659499207284,1,1,2,0
14.0,98.06,1242.89,41,655,0,-2.4061730237363457,-1.698829778526417,7,-1.4837902871408826,4,1,0,0.024477313704334487,0.551992613903774,1,1,8,1
65.0,51.5,3453.85,28,463,0,-1.7339758743794278,-0.14002047064839007,2,-3.2084954121221023,2,1,0,0.42836413766330617,1.4174413504633316,1,0,8,1
14.0,72.54,931.97,57,746,1,1.0804625270500747,-4.465443698033224,2,-0.8382049493212195,0,0,1,-1.5688562048799426,1.03742058381998,1,1,0,0
43.0,36.91,1535.14,53,572,0,4.158944197941123,-1.001209116250549,9,2.37456603875441,1,1,1,0.679824563153044,3.32897158319355,0,1,2,0
23.0,141.87,3544.98,26,708,1,-6.626069404878,3.462551609028262,2,1.3403669123992075,0,0,1,-1.2252502134959562,-3.5423384688755237,1,0,3,0
12.0,99.27,1182.91,67,654,1,4.63670870228881,-3.8950270634342385,7,-0.058343326057048284,1,0,1,-0.08855040290636702,8.093135574638163,0,1,1,0
72.0,37.92,2553.85,18,420,2,-2.6796329103658683,2.570760828421073,6,-2.2556997167096866,2,0,0,1.7350570138460333,-0.6827239925663602,0,0,4,1
1.0,121.61,118.89,25,799,0,-2.6649832738193395,4.514533740236363,6,-0.10827884149198719,3,0,1,-0.3337469823883019,-3.4553467016906656,1,0,3,0
27.0,87.9,2453.84,31,739,4,2.2319634227233216,2.605106939499475,10,1.2788870224610909,3,1,0,0.4113346218929267,0.7156312753567645,1,1,4,0
55.0,98.21,4980.46,45,552,1,2.8686828857981657,-3.5616381729960875,2,2.03552513598997,0,0,1,0.48131523006626625,5.844464153204527,0,1,3,0
8.0,91.66,740.25,18,689,1,1.8115553198659742,7.392941336319498,11,-1.2495474389872157,3,0,1,-0.4150540417077331,-1.6121476280288534,1,0,2,0
72.0,31.76,2263.22,35,358,2,5.747466677206996,10.164388606668329,2,0.7309474262229525,1,1,0,-0.6500144254778087,4.954134702051535,0,0,6,0
42.0,50.45,2279.64,31,569,5,5.814496744957733,7.494448381193985,2,0.2233597863959752,3,0,0,-0.5057960070312287,0.4900715347135201,1,0,7,0
32.0,131.91,3842.51,57,585,2,2.1536183002526474,-0.7881501355057292,7,2.62914088629261,2,1,1,-0.774413515522378,6.683081552033553,1,1,2,0
30.0,149.99,4518.66,40,636,1,-3.4325435218728835,1.0360244689483584,4,-0.3776565350607396,2,1,0,0.9351341639914329,4.215873808364174,1,1,2,1
2.0,118.67,255.85,25,606,3,7.05170032162885,4.504278128196552,5,-2.3816116288931144,3,0,1,-1.2355924868347423,7.5919497056825005,1,1,1,0
10.0,141.71,1345.36,36,788,1,-4.2286395419858644,2.2859785465452163,1,2.133402414178763,5,1,0,-0.13918420526592698,-1.3858659457866793,1,1,2,1
1.0,71.51,68.73,55,762,2,6.8156476628653095,-3.3901772896220352,3,1.0917654835585624,5,1,1,-0.5153656613516251,2.3729863766810735,0,1,7,0
1.0,143.2,148.99,64,748,3,-2.6162795480481025,-1.1084954528685862,3,-3.7665833005951352,1,1,0,-0.41120578560805,-0.15443767589454938,1,1,1,1
53.0,56.51,2941.7,57,350,0,6.039166697240123,5.02538169651695,8,0.6547406462035528,0,0,1,0.1476706096839491,3.6983687115012676,1,0,5,0
50.0,72.85,3583.89,41,628,1,0.07487110245137472,0.8998992592452778,3,1.8295245560574058,0,1,0,-0.8096582179877414,-0.5775242347100588,1,1,2,1
1.0,92.38,83.58,70,850,0,1.5117138287943876,-8.694480708909804,3,-0.16419288616393535,2,0,1,1.4782425925488911,0.4112385878635093,1,1,7,0
72.0,51.89,3983.27,31,586,1,1.908226371774538,2.7860089679532964,8,2.754799067866285,1,0,0,1.2194236421819045,-2.5248925599292296,1,1,5,0
4.0,113.0,423.81,52,718,2,-2.196928212740189,-1.7355768295582414,4,-3.043407570318107,0,0,0,1.3428868704211743,-0.5657645464793039,1,0,1,1
72.0,52.21,3853.56,42,501,1,0.5582908206794881,1.525173009532935,7,0.9854432407029751,5,1,1,-1.845234355159553,3.935162943673584,0,0,5,0
40.0,57.77,2498.56,29,562,1,2.650509839284623,4.943215667519049,5,0.0399143387364298,1,0,1,0.055936502036597634,0.7503800441254999,1,0,2,1
54.0,52.79,2945.18,38,590,2,1.3397830241289608,-0.5145428947649007,3,2.7379244679161188,0,0,1,0.5243670884399545,0.8596092507011532,0,1,3,0
35.0,80.95,2727.17,43,781,1,-3.889047442439867,-4.654749826087398,0,-0.33377760638537146,0,0,0,0.6071438578254643,-4.501278060697922,1,1,3,1
16.0,124.06,1999.3,43,783,3,-3.3462254316602653,-0.4412359632666205,3,-1.03731783373154,0,0,0,-0.17921993181440737,-1.302708197517786,1,1,0,0
49.0,63.73,3262.48,43,607,2,-0.2637194939644149,-0.818573805822618,0,0.8030725946224906,1,0,0,-1.7383394413141617,0.5374798385397304,1,1,3,0
35.0,59.29,2214.28,49,575,1,5.503597627784792,1.2913225097176984,8,-0.46590225026181054,1,1,1,-0.6229219106455948,5.115606610820723,0,1,4,0
64.0,58.06,3908.31,27,570,1,1.9363042438020537,4.430743930951587,6,1.7956455302853145,1,1,0,-0.7563678170507129,-2.278537109510004,1,0,5,0
29.0,92.42,2790.8,59,660,0,2.6005022880128745,-6.82927055992422,2,1.1294468024648532,1,0,1,-0.42590136363403414,4.792458889787807,0,1,4,0
1.0,98.55,90.32,28,725,2,4.971727278664769,4.887766415937612,2,-3.966868446877083,3,1,1,1.9340634404267965,3.185629208980131,0,0,0,0
42.0,64.18,2883.72,58,638,2,1.4731825781033099,-4.472862884401132,2,1.258856552357853,1,1,0,-1.9782207571124935,2.170650880588955,0,1,2,0
27.0,105.48,2595.57,48,600,4,2.5912105122311297,2.8627249276651057,3,1.3420290144770537,1,1,1,0.059730503182771025,4.712269033166857,1,1,4,0
10.0,60.95,591.64,50,617,2,5.8865354611992355,2.0828415998968963,1,-0.28304496752239905,2,0,1,-0.9959663782393456,4.559907001507443,0,0,1,0
30.0,109.56,3136.78,69,577,1,1.3382933581448588,-1.7102211475397173,7,2.193397148933276,0,1,1,0.9450901498472682,5.282902810211482,1,1,2,0
58.0,99.48,5877.77,53,520,0,-2.7205040182643585,-2.541695633220773,9,-2.143362142083146,3,0,0,-0.8871563001905485,0.5355260875322924,1,0,1,1
65.0,57.43,3788.24,42,579,2,0.1564422174850555,0.14160548388543462,3,2.2795135627926304,1,0,0,-0.20668825827848378,-0.6377063823963496,1,1,2,1
19.0,78.41,1400.84,52,700,2,1.7435893417764567,-2.913371296611533,0,0.6910457606879302,3,0,0,0.4133850290197292,0.5777703532920577,1,1,3,0
51.0,28.16,1450.38,41,524,0,3.153425726946942,0.5535738015002639,6,-0.3090699889364755,0,0,1,-1.4633729989299775,0.627857854976375,0,0,2,1
25.0,72.44,1969.69,34,847,1,-0.8666562560094414,-0.9868674076719226,2,0.8123022146832012,1,1,0,2.291771715760782,-3.364893049283483,1,1,2,1
61.0,53.61,3393.19,47,785,3,-6.301156786325424,-3.782725978775302,2,2.037131078811987,3,0,0,-0.5102745739676178,-9.305909712419888,1,0,2,1
39.0,75.72,2994.84,54,741,2,-3.522286539210719,-2.6074003856022867,0,2.171469556616726,1,1,0,-1.0750614089668917,-3.2490201525586797,1,1,0,1
50.0,54.62,2917.09,54,539,3,3.904613682817488,-0.3008794660489428,3,2.763613087975057,1,0,1,-1.2491858607381112,5.0476786542799115,0,1,1,0
51.0,149.99,8007.85,25,629,4,-6.666919725614569,0.7860644735171449,1,-0.6451957454286862,2,0,1,-0.5341173390803984,-1.1454368600478584,1,0,1,1
59.0,149.99,7964.86,65,467,5,-6.3283861114765925,-1.9616556963448302,6,4.32184490139977,3,0,1,-1.833995665041049,1.5688615811540514,1,0,3,0
39.0,19.99,756.62,53,636,1,2.7077104651024375,-4.60707315378571,0,0.8995380769792318,0,0,1,0.024650001729846518,-0.949606614770247,0,0,5,1
65.0,32.67,2024.16,37,566,2,-0.5900725988763873,2.0960033642575473,1,0.13155420689845343,1,1,0,-0.09247472271155355,-1.812977157896591,1,0,0,0
72.0,33.42,2243.4,21,539,5,-2.723667384817804,0.38912803037700877,6,2.8811857640314296,1,1,0,-0.882226654681697,-1.9489961474293627,0,0,5,0
56.0,128.02,7863.13,36,685,3,-8.32565687802725,-0.9134174183210829,2,3.7964215272807262,0,0,0,0.14900523518018213,-6.040532716901611,1,0,3,0
20.0,85.07,1771.9,43,456,2,7.651831701979227,7.956508828159039,9,-0.17328464332414228,2,0,1,-0.11101227410121019,6.278288043237826,0,0,6,0
14.0,68.37,917.64,39,696,0,6.0316778491108645,-2.0796054470439556,2,1.3382960183382668,0,0,1,0.7383126015710145,3.1354111318241498,0,1,1,0
35.0,61.09,2260.62,52,538,0,6.808252639228219,1.1360034658934723,2,2.0892439722937284,1,0,1,-1.587052636022018,4.919923681061389,0,1,1,0
64.0,44.46,3057.06,54,587,2,-3.35751946390503,-5.3358597757391815,10,-0.6033969761150285,2,0,0,-1.1909379812429588,-1.1670475333972397,1,1,4,1
2.0,67.82,140.56,47,539,4,9.767034282445833,6.993484935984933,1,-1.3123020651960209,4,0,1,1.603149288229931,7.043872814374044,0,0,5,0
64.0,63.83,4470.26,68,546,0,-0.0936554874990534,-4.4536222070981495,0,2.8979156694263666,3,1,0,-0.2683683904484613,3.753184536486793,0,1,2,0
72.0,19.99,1392.65,18,350,2,12.121028750517127,12.954374272971606,2,3.226985136486072,0,0,1,-0.25992224183410423,5.219695162399821,0,0,6,0
39.0,46.36,1792.87,30,492,2,7.579755589395243,7.123663707278281,9,1.0174826294835082,0,0,1,0.47929901971946776,6.151881389927043,0,0,3,0
1.0,108.76,106.14,36,666,1,2.0469784564353573,5.012025366001967,2,-0.4013823280798551,2,0,1,0.008868172637017174,1.8569587605654418,1,0,0,0
1.0,149.99,159.69,57,621,1,1.2365543305205675,0.512299943917413,2,-0.16448186287265865,0,0,1,-1.414761122581816,7.982906067407536,0,1,1,0
72.0,32.38,2281.32,55,564,1,0.46184814624851644,-6.474251086529833,3,2.6895815628104303,0,1,0,-1.2100071678322983,-1.1106908544098746,1,1,3,1
65.0,60.48,4279.86,48,607,4,-2.6073129233476826,-3.945856404559814,11,3.5593471878725422,2,1,0,-1.5518947644231391,0.25930589015810024,0,1,6,0
71.0,59.83,3939.82,30,521,1,1.7133848097808848,7.864961983707171,7,2.6485504688994626,2,1,0,-1.0200518553583706,-1.292094899123816,1,0,8,0
30.0,64.89,1823.42,50,603,2,3.5408599150652553,-2.8440105661724715,0,1.5708698954782805,3,0,1,-0.16797961680293633,2.9549473211990365,0,1,6,0
29.0,71.24,2087.61,19,826,5,-1.3130047163049063,-1.278447417104733,1,-1.90685943010743,2,1,1,-0.25003088517610667,-0.9362526216947654,0,0,0,1
42.0,56.8,2370.93,30,600,0,6.535432444737238,3.3640462987027178,8,-1.446007077779023,2,1,1,0.8406032269270868,2.2679126498010196,0,1,5,0
36.0,67.92,2503.71,47,573,0,1.7668663913522904,0.4267165612158646,10,2.0783064432014613,0,0,1,0.8082094575524382,4.11732914896668,0,1,5,0
6.0,107.39,626.05,56,572,2,7.274842167067547,2.790964139052981,1,-0.8600489176793756,2,0,1,-1.655898686902079,9.135756741336273,0,1,3,0
1.0,149.99,164.85,49,680,4,0.05106017806177942,-1.524900640696359,5,-2.7966701840656447,1,0,1,-2.488657051626951,5.8942470285991035,0,0,6,0
9.0,88.15,742.05,26,616,2,3.0406670467174965,6.487146666862674,5,-0.5992881595428806,1,1,1,-1.2284538119003288,0.626427454966591,0,0,2,0
68.0,55.41,3491.59,31,480,1,2.8051808734185038,2.201167769182293,0,3.3490273861626054,1,0,1,1.3753185127851688,5.066791879559826,0,0,3,0
1.0,68.73,74.78,60,849,2,0.25707867407554674,-5.2009346774582,2,-0.866211112887943,2,0,1,0.1504886143301048,-2.4985256007065586,1,1,3,0
62.0,35.26,2161.98,37,529,0,1.3982761167163062,2.823463335961045,9,1.7096424880155365,0,1,0,-2.3650523653662865,1.4885275254605432,0,0,1,0
32.0,47.74,1514.67,46,610,2,4.859155648687338,-0.5188420694294326,6,-0.00912259125367032,1,0,1,0.40034602310130135,1.8221007979572161,1,1,0,0
1.0,72.67,70.84,53,746,1,7.043090547310226,-2.599398244227941,9,1.2420267350629066,4,0,1,-0.8008674932506356,2.9106789833928106,0,1,5,0
58.0,122.59,7468.03,23,641,2,-4.979532823690873,1.4335326866915823,9,-0.12597495003791814,2,0,0,1.2537746768276963,-0.11232471975712352,1,1,1,1
19.0,58.38,1022.75,31,609,2,8.634159561193838,1.845621268814147,6,-2.4880448122254557,3,1,1,-0.0701372615192424,3.8978736554587816,1,1,3,0
27.0,78.79,1933.41,61,657,4,1.4184730540022996,-5.017603038490496,6,2.5666472972603076,0,1,1,0.467823242531368,3.7744736814355786,0,1,6,0
72.0,63.48,4180.79,18,466,3,-0.5705506221695108,4.229482023624813,7,0.8146671797076667,0,0,0,0.31088299438566375,-0.3512767643672421,1,0,3,1
33.0,118.65,3884.76,30,638,1,-3.8077255858684396,4.503929403914063,4,-1.1031036083407333,0,0,0,0.38067734085138955,-0.11061817889100946,1,0,2,1
7.0,118.66,822.16,33,697,4,-2.3868787549516814,-0.8238499522132736,1,-5.527447187130995,1,0,0,0.18641074492584755,2.6617496542639922,0,0,5,1
44.0,127.87,5806.92,40,539,1,-1.1144894544775386,0.29340631751351937,4,-0.25107023009896345,1,0,1,-1.9252892560665569,1.769765390434571,1,1,2,0
72.0,61.88,4344.4,21,490,2,-2.701035118272477,2.2445361078604806,3,-1.852250173064221,0,1,0,-0.7745932040696436,-0.9666712446507812,1,0,5,1
72.0,19.99,1354.41,32,504,2,3.222074862826952,0.8685792243820262,0,1.4067875267458898,0,1,0,-0.1367931026596454,-0.7888717073843826,0,0,1,1
44.0,88.6,4187.62,32,612,1,4.772488497240798,-1.5156248693836547,7,-1.4810953821279207,1,0,1,2.9709352037276755,3.5311736504860867,1,1,1,0
52.0,114.98,6115.35,23,637,3,-4.157392150134792,-1.4897291626020985,6,-1.5789948529289521,1,1,0,-0.1335506004949073,1.5025993792763257,1,1,5,1
13.0,136.54,1930.16,39,693,2,-9.757355102386525,4.607932676883128,3,2.941737209801814,1,0,1,-0.4618850484342081,-6.654313046873238,1,0,4,0
1.0,124.44,126.32,78,845,4,1.4583447045053457,-10.209284460017667,3,-0.5779905093809995,1,0,1,-0.9019651291721383,4.38051540141811,1,1,5,0
17.0,86.35,1549.32,58,591,0,6.5721901316608085,-0.6451655614765298,5,1.645810981104474,4,0,1,-0.8852346168027055,4.8911179113323024,0,1,1,0
71.0,100.34,7659.81,35,548,1,-1.0973411226422183,-0.28684067501266447,6,0.8063738743986218,3,1,1,-0.16995884449130927,0.8872317018570659,0,1,1,0
37.0,50.14,1978.2,45,467,0,5.123934602322517,0.4517164314230924,2,-0.8240152308444405,2,1,1,-0.5742800868036694,3.38609656630809,1,0,3,1
72.0,22.7,1717.6,52,557,1,-0.45647245394018116,-4.817896350759906,6,3.8166944581496294,3,1,0,0.3702502389985654,-1.351141741661648,0,1,3,0
46.0,83.08,3490.28,35,547,3,1.4672651317726313,4.1366241137788045,2,-0.33413164715201715,2,0,1,-0.12196201148969818,1.4475723358851793,0,0,4,0
25.0,98.92,2400.07,43,567,0,5.945470805760052,1.5242739115906343,3,-0.5073236246755678,1,1,1,1.0186941850749067,8.138101604031752,0,1,2,0
72.0,28.08,1992.98,29,433,3,-1.1970583097638334,-1.9436255328032197,0,1.8353309369147843,2,1,0,0.8259948826181234,-1.6838681741546537,1,1,2,1
58.0,84.27,4726.37,25,632,1,-4.587700067625538,-0.12360552793448593,3,0.6569784286275755,0,1,0,1.019188418314635,-3.0063353580840517,1,0,3,1
23.0,126.77,3185.81,26,835,0,-2.645204089345287,2.4877551952693535,4,0.9713148944989215,1,0,0,-0.43100683976111276,0.3037432438023175,0,1,2,1
6.0,62.68,394.32,58,641,2,6.140646765307373,0.8634946983995158,3,0.4175550877273029,2,1,1,0.2792582203138833,3.498889973286908,0,1,1,0
58.0,83.71,4733.05,37,850,1,-3.6922713296718066,-1.9610317226999567,3,4.302592399515784,0,1,0,0.28290023573106987,-6.140730042702007,1,1,6,1
71.0,49.87,3797.84,28,489,1,1.3588567104730087,4.1736116881954235,6,1.666604692996411,1,0,1,0.24577342479366113,2.4339970638973583,0,0,0,1
1.0,51.14,51.78,30,673,1,8.470663629627875,4.381119280872546,0,-0.5774749879200746,5,1,1,-0.49167473963651087,1.4764633860127383,1,0,1,0
1.0,75.18,81.38,64,815,0,1.8893788053342955,-7.487700384383068,3,1.9370676737725288,1,1,1,0.4624807526084756,0.9436471658344091,0,1,8,0
3.0,72.26,224.32,72,850,0,-1.2332110290125473,-12.159709453635084,1,0.9589065721147159,1,0,1,-0.13109517417249408,-1.802066328382634,1,1,6,0
1.0,38.43,37.33,44,732,0,7.623628928078989,0.18394035285447574,5,1.304272797903073,4,1,1,1.580324990763626,-1.2219187514174794,1,0,1,0
11.0,89.45,991.37,67,706,2,-0.19736440978957973,-3.292966868241135,1,0.09656192552460041,3,1,0,-0.6598036165476365,0.7519221753620297,1,1,3,0
56.0,109.02,6071.92,42,750,0,-7.302747068332714,3.2068210110452258,10,7.083654045653012,2,0,0,-0.25961132500473577,-5.39061916859198,1,1,4,0
1.0,88.64,92.38,18,700,0,2.534416696516476,10.07786179199865,7,-1.981848890705336,4,1,1,1.0185034301847102,-2.2335138328557385,1,0,1,0
68.0,57.67,3794.38,46,595,1,-0.9926264172915044,-3.1265158673530338,4,0.0945799269004799,4,0,0,-0.7009333328921502,2.2611980316995908,0,1,0,0
19.0,35.99,657.08,66,808,2,-0.9107002360343932,-10.064945225809454,3,2.790336311235602,1,0,1,-0.08079708893200667,-4.251616157000544,1,1,8,0
34.0,110.98,3508.74,55,545,1,-0.0009598916204063328,0.4124376071462374,2,2.017031525720788,1,0,1,0.38092218078193796,2.739320938774269,1,0,0,0
43.0,62.73,2839.78,51,505,2,7.251044434218615,3.7739003218510967,4,0.916607604440793,2,0,1,-0.01613608856556076,5.91471317969827,1,1,8,0
32.0,80.64,2617.37,46,576,0,7.3389895851784,2.1452517561830833,3,0.9466209449669398,3,1,1,-0.14924715517234485,6.005328680156735,1,1,5,0
4.0,23.91,104.08,49,761,3,2.6744970942889466,-0.5943662628232408,2,2.3709297318139484,2,0,1,0.2278073960978525,-3.3429066271686807,1,0,2,1
21.0,62.47,1335.98,18,757,3,1.2442300329064702,7.607579539032998,11,1.0465495720637197,4,1,0,0.6769080664742111,-4.575009597281525,1,0,5,0
27.0,69.11,1806.23,50,729,2,-3.6444366498441036,-6.554920097137703,6,-2.090131832836608,2,0,1,-0.3932582656443868,-4.962631353424379,1,0,4,1
72.0,45.08,3135.33,28,544,1,-2.173328766702264,1.9610230547680736,1,-0.4800244191513833,0,0,0,0.16634954189527312,-1.8237539479155838,1,0,2,1
1.0,78.09,78.87,50,701,4,2.415755525439451,0.7512670860313762,5,-1.7417150404005608,2,1,1,-0.7940418342622515,2.9414333226850053,0,0,0,0
17.0,95.61,1506.99,48,629,1,-0.3890704518198303,5.921115947610119,2,3.9848429203964244,2,0,1,0.08531670517727986,-0.7647207566111611,1,0,3,0
1.0,95.51,91.68,38,797,2,-2.4901936216891216,-2.2545996354016564,2,-4.696611289464676,2,1,1,0.05063239973215958,-2.5725974158269254,1,0,1,1
29.0,72.35,2191.55,18,699,1,2.4617260802560255,5.465846671761407,2,-1.4266074461983664,2,1,1,1.3803370555887973,-1.7024353899087972,0,0,3,0
27.0,26.86,712.06,42,780,0,-0.00410503533175361,-4.920900267592988,14,-1.6847358234937961,1,1,1,-0.2897886244119525,-3.0265700467704635,1,0,3,1
63.0,67.21,4083.85,33,485,3,1.4978142482464307,5.268541159898429,3,0.9178617026586916,1,0,0,-0.4567131945579073,2.969062967818534,0,0,1,0
23.0,146.91,3533.67,22,667,2,-4.898770745816775,8.615640903484625,2,3.1618624306017606,3,0,0,-1.0222582320083289,-2.650720944567622,1,0,0,0
64.0,71.9,4582.32,20,738,2,-5.216593459816678,-4.232154805114708,1,2.127827344667863,0,1,1,1.0691885874182114,-4.689396531907764,1,1,6,1
37.0,80.97,2817.03,52,606,2,5.221635865302178,-1.9356693575399906,6,0.28337634537278755,1,1,1,1.3427363319465295,5.031540777454429,1,1,3,0
41.0,91.71,3428.07,50,585,0,1.7559428019292085,2.1122063203656856,6,1.5600015749750002,1,1,0,-1.4610716087776288,2.863570392099445,1,1,4,0
30.0,103.12,3273.29,25,810,2,-1.9839631289583826,1.7874744028173442,3,2.0842266528744706,4,1,0,1.927544264929958,-3.477513868161579,1,1,1,0
53.0,116.12,6120.77,37,641,1,-8.551550117195035,3.020449193012439,6,3.1769718670945046,2,1,0,1.3005022765450058,-6.061945877950103,1,0,1,0
1.0,133.91,145.71,44,818,2,-3.156900630333278,4.275416600774954,2,3.0942099698331864,3,1,1,0.14555938463902898,0.2214898047309868,1,0,1,0
72.0,25.58,1921.21,47,495,1,3.17383877643498,0.47211648672387,1,2.8322982305141373,2,0,0,-0.4924415709563099,2.3084637057398676,0,1,0,0
33.0,77.28,2493.91,34,587,3,4.588139104139259,6.858226247379555,2,1.2043840597297586,3,1,1,-0.41960557948105154,1.9734655453398713,1,0,6,0
34.0,149.99,5123.68,39,642,2,-5.4396917153699915,1.1860704042363175,2,-1.8784722067070172,2,1,0,-0.9978476286032707,0.603436914502929,1,1,1,1
1.0,62.82,59.43,67,720,3,4.081314444486048,-4.930701562662258,5,0.7388292566479784,1,0,1,1.6232236547138759,2.6117514712579584,0,1,4,1
21.0,59.16,1174.58,56,729,1,1.036497840322928,-4.981628681581908,8,0.3360061297656939,1,0,1,-0.692043367872786,1.098198136463772,0,1,2,0
60.0,52.93,3249.0,52,772,2,-3.67210975119665,-7.003144548497463,2,2.9934623512893586,0,1,0,-0.6369608168561126,-6.859834562268187,1,1,0,1
43.0,59.08,2740.94,36,592,0,2.1075307781910375,-0.45406305069312203,0,3.0930289020725836,0,1,1,0.5936334184252717,2.5754020064633694,0,0,6,0
1.0,90.09,96.45,30,711,1,6.49589255162365,5.1764302776332505,8,-1.904283938304848,2,1,1,-0.0876559693176446,5.247960796971076,0,0,3,0
55.0,92.97,4676.82,38,635,2,-1.240706072739456,2.5704321974379414,1,3.4926893356850055,1,1,0,0.720738843313029,-1.5057217064387225,1,1,3,0
10.0,56.86,589.98,50,601,1,8.406645521621725,1.5327505220260593,8,3.6237980850054,4,0,1,1.1218805229882207,3.212981252399708,0,1,3,0
57.0,95.5,5968.09,38,505,0,1.5753254567558557,3.81218855725025,4,2.1908588225401187,0,1,1,0.4395204996637176,1.8714533223221161,1,0,4,0
30.0,58.25,1655.89,18,605,0,3.828791676944637,2.5086189055480883,3,0.19127806041460982,2,1,1,-0.5803135904104764,2.8133133800085437,0,0,5,0
41.0,99.45,4330.41,58,427,3,3.899846681869912,-0.23013348113538074,2,-0.8563547086127056,3,1,1,-0.07532029907217722,6.678244657953313,0,1,1,0
17.0,91.68,1435.47,79,776,2,-0.48676726794795716,-11.122927379964171,2,-0.3354858433802651,2,0,1,-0.9137588645356944,2.0237633038197123,1,1,2,0
46.0,91.1,4473.81,37,442,0,5.5606593965020625,6.275610113519129,0,-0.6401852096495345,2,0,0,0.3209581838078632,8.590540862061433,0,1,3,0
27.0,58.62,1572.39,30,690,1,7.965411140006158,1.855118825599748,1,-1.8015840236550913,2,0,1,1.0692062941371632,4.406510162127745,0,1,6,0
46.0,112.81,5360.55,39,708,1,-5.285878119422656,3.142202572793158,3,4.893970904472829,1,1,0,-0.16217625440758285,-3.1470953894648597,1,0,3,0
11.0,19.99,228.71,48,750,2,4.187045222446627,-2.4942051762698054,8,1.5812333871506064,3,1,1,1.7778787358214572,-4.499150876175328,1,0,4,0
39.0,39.04,1420.95,48,792,2,-7.761308367360898,-2.61041485150427,5,1.2757059101197146,1,0,0,0.31848472725402205,-7.877491369117331,0,0,6,1
54.0,98.96,5662.63,36,785,0,-8.137235596504505,-1.4207166490083905,6,3.429965875010326,1,1,0,2.4806816934388753,-8.96842869232483,1,0,1,1
13.0,59.19,775.5,18,781,0,0.6228379527441442,7.958334025936934,11,-0.006816961471981298,5,1,1,-0.4546971325413306,-6.810551019884714,1,0,3,0
3.0,82.37,257.45,40,667,2,1.2447626879237967,4.880228588824879,6,-0.3230743773643602,1,1,1,0.4948201656952728,-0.7253809606461263,1,0,2,0
45.0,76.28,3757.38,53,639,4,-1.5851674235536743,-3.9562658561751127,5,1.3492408508679106,3,0,0,-0.6241291658713913,-0.28706155500991054,1,1,4,1
16.0,62.54,1062.31,26,477,1,11.757150944477926,10.314615203545241,3,0.13330485700287054,5,1,1,0.2628756606579035,7.747523495865454,0,0,5,0
64.0,25.42,1534.57,23,552,0,8.107053087421821,3.9823633836183365,2,4.337544337932426,4,1,1,-0.7850717649489456,0.6254392490423557,0,1,1,1
1.0,89.57,80.64,28,787,2,7.924853599756006,1.4759580644495447,5,-2.292437141735809,4,0,1,-0.8575627922882415,6.303175770119358,1,1,4,0
37.0,88.45,3318.2,40,645,1,-0.23672362259327934,-0.7997815134385672,3,0.6404042591329483,1,1,1,0.4600096664610476,-1.7351260004073972,1,1,1,0
5.0,114.94,595.36,55,573,1,2.8476949842170765,2.7203135347248786,6,-0.853948049651232,0,1,1,1.123141712308122,6.0512629712861195,0,0,2,0
1.0,117.48,123.51,51,717,2,7.44258633810848,-2.4824191146254915,4,-1.319408180271532,3,1,1,1.9745732859958247,10.219375444976075,0,1,1,0
46.0,60.68,2729.28,29,616,3,-0.7267292440559792,4.356461003021833,0,0.704258802693939,1,0,0,2.441103422543497,-1.5801188507335193,1,0,2,1
67.0,99.89,6936.25,37,577,1,-4.005141621850966,3.765035811407462,4,3.2436980655163294,1,1,0,-0.5484424265022848,-3.90467872989371,1,0,2,0
1.0,95.07,94.5,25,760,1,3.256111096976885,4.530452134786498,2,-1.165547645652571,4,0,1,-0.3028974247463516,0.5124034604782942,1,0,1,0
53.0,76.47,3738.87,31,478,0,3.2082574728901725,6.657756152213658,4,-0.37123695551090485,1,1,0,-1.1715306513849517,5.314369971734982,0,0,4,0
16.0,19.99,308.79,41,747,1,1.744767080873229,-2.9762963928224777,6,3.8930909812754115,5,1,0,-0.5173517109312503,-5.0010187784999385,1,0,10,1
9.0,94.74,918.94,42,748,0,0.14933553137593436,1.5400332386294864,1,0.5886221376411925,2,0,1,-0.07872822033875054,-0.16094272094844353,1,0,1,0
72.0,52.6,3798.12,26,458,3,1.6472730032774192,0.2228065934586862,1,4.760481160566275,1,0,0,0.1621671481253467,0.055747920835152925,1,1,4,1
31.0,67.92,2214.06,54,591,5,6.486267011958677,-1.1622568421154993,1,0.853234438415308,1,1,1,-1.1099483357882725,6.610118239743815,0,1,2,0
33.0,86.91,2644.57,32,687,2,1.1020714245383405,6.188572494585133,9,3.1782108544458914,4,0,0,-0.7069878900024049,-0.948365405878401,1,0,6,0
22.0,128.23,3089.38,18,753,0,-7.45418098536455,7.774956528474107,5,3.3020826909089855,3,1,0,-0.8332444476420678,-7.6340739065740095,1,0,1,0
7.0,73.99,522.92,69,730,2,1.6055956332332812,-6.622958145719854,0,1.7515854734289156,1,0,1,-0.6417610763223455,2.446503108286689,0,1,6,0
55.0,45.82,2515.1,27,544,1,1.0039543252304663,3.0006668075632428,7,1.8205151794110015,1,0,1,-0.05814447021717408,1.096805237727671,0,0,4,0
1.0,149.99,153.35,43,682,1,-3.675496228549013,2.774105449324789,2,-3.9099706364611517,0,1,0,-1.5412635698661328,3.2988532556923333,1,1,0,1
18.0,119.32,2346.05,22,850,3,-5.656692362678341,1.699776203364358,4,2.4570353337783755,3,1,0,0.021525044289525126,-6.126996329588007,1,0,2,0
1.0,69.1,66.55,23,671,2,10.823330785082426,4.539508513164176,1,-0.45623423323847045,5,1,1,1.0228331426889599,3.8996040473992495,0,0,2,0
1.0,65.69,67.31,56,794,4,5.267445409569367,-6.038817788832599,3,2.083291160940302,2,0,1,0.22230609713206442,0.20868085780735332,1,1,5,0
24.0,80.18,1968.61,39,646,0,3.620777201871187,1.5634483505010244,3,-0.3128396288618641,2,1,1,0.5428880413318314,1.5771529918016953,1,1,2,0
57.0,80.94,4860.19,36,658,1,-1.046426408576905,-3.5539843168614653,8,4.993720568512752,2,0,1,0.02888909759264621,-3.0260183822750566,1,1,3,1
64.0,96.84,6064.1,47,493,1,-4.104373907119571,3.3384198766426527,7,4.06587955482476,0,1,0,-1.1345021754894087,-3.845065463926761,1,0,0,0
25.0,71.45,1825.92,69,737,2,-1.6705370160098514,-8.262913900747028,5,2.0371559257028817,0,1,0,0.14187411184731685,-0.4591299812089358,0,1,7,0
12.0,146.83,1875.13,34,679,0,-2.436254628690725,4.5739012625626465,5,3.124440790831389,2,1,1,0.03840298067919414,0.9355933681310495,1,0,0,0
30.0,119.34,3672.82,30,776,2,-9.86033308923382,7.2681830927272335,1,5.324145146002316,1,1,0,-0.3633308908853282,-8.626267523948554,1,0,1,0
37.0,110.89,4008.32,38,650,2,-1.9107408677304998,-1.1943927506914909,1,1.3425605121311395,2,0,1,0.6579297685222464,-0.23251137828638707,1,1,2,1
39.0,76.51,2790.27,24,548,1,2.345307357620164,6.253306216882973,3,-0.29231552463995525,1,1,1,0.9615773133539443,-1.4769907502708535,1,0,2,0
11.0,51.91,518.74,49,780,1,-1.4204421849873883,-1.3612746980551425,3,1.8747182432881084,3,1,0,-1.8931363145275024,-4.112129124741274,0,0,6,1
11.0,57.61,600.02,53,656,1,3.0116785914906496,-0.8714861666862967,4,-0.32582295507909864,3,1,0,0.12552636842381093,1.3892295655663511,1,1,3,0
9.0,50.7,467.62,43,677,0,6.159557081805353,0.5483602331901994,5,-0.4421071374459208,0,1,1,1.2136753296912943,2.9459346066233802,0,0,2,0
55.0,19.99,1183.61,21,474,3,8.149282902403089,8.226514705770684,9,-0.45709124224101394,2,1,1,0.3526589803883439,1.5346023334026397,0,0,6,0
14.0,109.76,1649.29,43,550,1,8.307680757480188,4.4671872582101395,8,-0.8865534213748166,2,0,1,-1.3180335538640402,9.655482125731867,0,1,5,0
59.0,61.7,3909.59,56,566,0,-1.797080138190018,-1.048932624243329,0,1.4020350351831699,1,1,0,1.619583664995524,1.5913606743109925,0,1,2,0
47.0,110.98,5484.75,28,694,2,-1.5117537411213826,3.767608759716943,5,3.3767020996660224,2,1,0,-0.5913532014622318,-1.4495611212632744,1,1,3,1
62.0,53.31,3259.18,24,617,1,0.688655684441246,7.444838349137624,5,2.4414934557844488,1,1,0,-1.5515772320416947,-3.7599136834666025,1,0,7,0
27.0,63.3,1634.26,66,679,2,0.8801709056294079,-4.730319044971912,3,1.5180050471284185,1,1,0,-0.8434530786061503,1.340821646897866,0,1,2,0
6.0,123.46,748.22,18,807,3,-1.0203674352065406,3.5782819790201916,5,-2.874857775462698,4,0,1,2.185878608855743,-2.2097738975936347,1,0,2,0
72.0,43.02,2823.41,23,463,1,1.7588402996603936,-0.05325181033258684,0,0.9545149647237963,1,1,0,1.0635202521106313,1.6744705729907816,1,1,1,1
18.0,53.8,1064.48,55,631,3,3.527148818214143,-0.565207962684063,2,-0.0037892813985310747,3,0,0,-0.1173500861228898,1.0139811557377472,1,1,2,0
62.0,27.84,1624.06,28,456,1,-0.19348301618721375,1.7725478293394135,3,-3.3701433770185107,0,1,0,-2.0110203816760035,0.7328620771882381,1,0,4,1
45.0,149.99,6777.77,37,672,1,-8.410625417813659,0.5759152284488779,0,2.156776353810533,2,0,0,-0.5738941952291813,-0.4721988599584765,1,1,5,1
27.0,90.71,2377.98,20,647,1,4.945810019748722,3.079315369488151,11,-1.2339332631698894,3,1,1,0.813188827008545,2.141971106879637,1,1,2,0
53.0,59.86,2964.3,20,725,2,0.08076614803910903,7.7417892033536315,12,4.543280638672075,4,0,0,0.7271132510507896,-4.949162114273534,1,0,8,0
41.0,75.11,3287.68,43,502,3,3.7715496964341875,3.53596675642764,7,-0.11743279459755684,3,1,0,0.12839349874405803,3.975210304822077,1,1,0,0
29.0,85.04,2276.24,41,532,2,3.5463026291753317,4.006692279770378,4,1.7408324897553142,2,1,1,1.2946942876336613,6.350831672512066,0,1,3,0
34.0,96.22,3399.22,58,567,3,1.3362876412234976,-1.9168171528155167,3,1.7150915918325982,0,0,0,0.5856662958937063,7.109309673012543,0,1,5,0
36.0,86.85,3232.72,35,581,1,3.381068120426955,2.59835403774913,2,-0.8245408195322389,0,1,1,0.43743542702622934,2.952988693161161,1,0,3,0
65.0,93.55,6582.49,46,643,2,-6.62327869031503,-7.71674313686138,4,2.03327130629643,1,1,0,-0.11117936035435644,-4.090541781136231,1,1,8,1
2.0,90.82,175.64,40,692,3,2.478140156277493,6.22673890664833,3,1.5533924080148909,3,1,1,0.5693759983070107,1.5721593663422515,1,0,4,0
28.0,39.56,1165.44,39,687,1,-0.33820770242881115,-0.03640069114201973,6,-0.05899680410718666,1,0,0,0.9615647876302861,-2.2890537324170905,1,0,3,0
3.0,81.31,245.59,18,850,1,0.1978888928887842,3.8398061880471617,10,-0.6989626945627018,3,0,1,-1.4716888127717607,-4.535232394970521,1,0,0,0
44.0,54.34,2613.53,41,707,2,-0.8203422843731922,-3.9642868372031783,2,0.7119103658438504,3,1,1,-0.1736576996208855,-0.3192933952827482,0,0,1,0
6.0,123.72,688.49,26,850,4,-4.200068045474503,0.8375760408567664,2,0.9583245627686515,2,0,0,-1.1148154895450173,-4.663224132338166,1,1,0,1
35.0,104.35,3537.98,46,588,5,-1.6067358555971514,-0.42129667621626987,0,0.01748948707204645,1,1,1,1.1100018145971213,-0.17174371402684188,1,0,2,0
31.0,129.08,4243.28,34,669,1,-2.7787641666583407,-0.11391677670619185,2,-0.10590486984869085,2,0,1,0.3732483154106097,0.9112601761476098,0,0,2,0
42.0,19.99,903.16,44,529,1,8.090658285859998,2.424644341258628,5,1.2237984458989022,2,0,1,-1.4466093781615603,2.5119105585973602,0,0,2,0
39.0,111.22,4025.19,39,580,1,-3.0685663749993433,5.253962883532796,5,2.270018631622954,1,0,0,-0.7152634937636895,-1.693049054347185,1,0,2,0
34.0,89.27,3059.32,46,644,1,0.823606336955025,-1.294984787561292,4,0.29809433681060726,1,0,1,0.8495651345599076,1.2361466954565825,1,1,1,0
65.0,19.99,1417.56,37,547,1,4.319951981462546,4.138342825264155,4,0.3569980590421753,3,0,1,1.0331020734569427,-1.300819840336146,0,0,6,1
31.0,54.23,1534.25,62,639,0,1.4590506624842559,-2.3228331452743025,6,0.30188666173960166,2,1,0,-0.978426998674902,0.3350858486906655,1,1,1,0
10.0,148.69,1373.88,52,651,1,-5.876282114232808,-0.8402158133325486,4,0.8183946460853048,2,0,1,0.25070573474920355,-0.4348418533634185,1,0,6,0
24.0,149.99,3669.42,47,619,0,0.08294324304494839,-1.9435102321166935,2,0.48343882855620135,1,1,1,-0.6079967064851707,6.823400201450208,1,1,3,0
72.0,35.48,2461.03,32,694,0,-8.2362389743159,-7.800410397380568,7,2.5228447074314118,3,0,0,-1.491505015677118,-10.00458952792847,1,0,7,1
34.0,149.99,4800.65,43,615,0,-2.821535351965313,-1.4422000965055677,6,-1.4931914506029313,1,1,0,-0.008363777477337624,3.016704506305057,1,1,2,1
72.0,120.43,8902.7,27,572,3,-7.695764948240651,-2.0250094100439036,7,0.588659534032141,1,1,0,1.082861975568079,-1.6106181321034208,1,1,1,1
69.0,48.1,3576.4,38,795,3,-3.3849264984431513,-3.888654040552856,5,3.227727074044148,2,1,0,-0.43642499508541227,-5.831941235526278,1,1,2,1
1.0,103.93,109.38,58,662,3,5.4013911030240225,-1.9260039299775835,0,-1.225797423354793,0,0,1,1.2770809923004092,8.557222154378792,0,1,0,0
38.0,35.88,1453.44,25,520,1,5.005630830890026,3.875442035936281,6,-0.8288180502321231,5,0,0,1.585264597540381,2.2766822462122294,1,0,4,1
57.0,22.16,1204.66,25,594,2,3.557297462823487,3.9239053368445007,5,2.6248655448375406,1,0,1,-1.733867186479911,-2.705788031208516,0,0,2,1
72.0,60.64,3937.44,28,452,1,1.854427276282393,-0.3654114149970287,6,2.3862178374192164,4,1,1,-0.6440011572673342,4.978571728699332,0,1,0,0
72.0,35.74,2520.09,39,411,1,7.901496699184597,3.545965595212066,2,-0.20052888087884735,1,0,1,-0.5179719715444376,4.175281852063571,0,1,9,0
34.0,114.79,3585.07,18,715,1,-1.0973269314045755,8.673996645187232,0,0.824136059339284,3,0,1,0.49706098972438506,-0.46334022214281606,1,0,6,1
28.0,53.15,1588.5,33,509,2,9.345415092312273,6.1992672514957725,6,-0.8175932773176459,4,0,1,-1.1603692517328656,5.112005712545221,0,0,4,0
36.0,63.41,2085.78,44,690,1,-0.9206544690523191,-4.592352729581555,10,0.3240076642661439,1,0,1,0.02063915125229601,0.5936845127576487,0,1,5,0
37.0,66.53,2692.8,32,721,1,1.157051329703537,-2.5056377312517246,1,-1.65819050468533,0,1,0,-0.616446153005805,2.0622011821329687,1,1,1,1
17.0,98.37,1655.0,33,775,2,-2.602379030505275,-0.34899963356583164,4,-2.674860856002339,2,1,1,-1.0030631881233183,-0.09134755616853575,0,0,1,1
53.0,86.37,4184.62,59,555,2,-0.033795387484494975,-2.1813369936505853,5,3.6290689575905017,0,1,0,2.2991899906585416,3.7936498591223655,0,1,5,0
1.0,83.45,87.16,25,788,2,2.8524621037115976,7.320402542082636,4,0.08325100004291186,5,0,0,-2.630950184261199,-0.9044264375217932,1,0,4,0
36.0,25.68,994.21,72,666,1,-1.6866104685178125,-3.8353789867793204,4,0.4591767174972963,0,0,0,-0.49555833448031295,-1.8936958104057027,0,0,2,0
1.0,100.51,99.76,63,850,1,3.734982253473696,-7.142341519090053,7,-0.8664734503657362,4,1,1,0.7609091381385981,0.3651128177693181,1,1,4,0
72.0,19.99,1421.51,42,728,1,-4.531355282680236,-8.234601129198795,7,1.2040452019348953,3,1,0,-1.7337173151221286,-7.621470668508656,1,1,4,1
24.0,50.71,1142.5,19,520,1,11.17630576647858,8.630379364604115,2,-1.491899519702005,4,1,1,1.1491432647033153,4.382412401607228,1,0,7,0
46.0,147.75,6712.79,54,532,1,-8.18332398300599,3.6827255467619286,4,6.20893976030993,1,1,1,-0.8810448562949563,-2.2769848129536086,1,0,1,0
47.0,51.69,2187.95,26,526,0,2.8935721268669132,2.508726855817114,3,-0.2067677039740511,2,1,1,0.6280133899160038,0.7595809392726003,1,0,3,1
72.0,60.02,4586.29,34,587,3,-8.714786839503866,-1.335567590401735,2,-3.642203981479486,4,1,0,0.2657287116364769,-2.460166028721788,1,0,3,1
59.0,19.99,1272.45,24,542,2,5.942772051821754,3.1180485030748337,11,2.57907117436473,1,0,1,1.046889423957552,-0.31025275001867525,0,0,0,0
52.0,89.81,4342.08,36,605,4,-1.571645061157193,0.2997242784171787,4,1.698460929145714,2,0,0,-0.2033257100718643,-1.1791556665987275,1,1,2,1
37.0,41.7,1444.31,36,464,0,7.99748873954635,9.288749644770744,1,-0.20946289524305073,4,1,0,1.2558403463893233,4.081849084305005,0,0,6,0
66.0,91.67,6568.65,33,670,1,-8.422702216399395,-2.5959179157334775,8,-0.08524128432706035,4,1,0,0.6774928887243671,-5.38778431499665,0,0,5,1
25.0,61.77,1538.12,40,531,0,8.994410741443424,4.065320893532212,5,0.6637778481972819,0,0,1,-0.4826150587218517,8.311639048013628,0,0,3,0
29.0,61.63,1771.39,59,700,2,-0.10766614371267905,-5.200320050428798,6,0.4380225108398127,0,1,0,0.34550183668252926,0.1379259252764394,1,1,4,0
72.0,46.73,3081.79,59,507,3,-3.022618018849984,-7.2968618729232535,3,1.4953054279672147,3,0,0,0.538566744510405,-1.7565076895945597,1,1,5,1
47.0,87.42,3924.01,59,494,2,2.5284811971761183,-0.28162741472817276,9,1.2982781860427808,1,0,1,-0.31851646648889537,4.289821379660029,1,1,3,0
1.0,69.58,63.92,37,600,0,10.83539211192797,6.298724349215573,1,-2.8656513937879704,5,1,1,-0.20107957555398218,5.899998853653089,1,0,7,0
69.0,69.63,4852.59,41,481,1,3.022641411202002,0.8270301848867514,4,1.0208413887014072,1,0,1,2.631879947978774,1.9237359799857054,1,1,3,0
13.0,38.47,482.0,53,648,0,6.566640554949478,-1.2712569053950284,7,0.6995557310444467,2,0,1,2.0994708308189596,1.6967056784402783,0,1,1,0
28.0,106.29,3076.18,34,695,1,-3.480700615330343,-0.4406130828350898,3,-3.274228274331316,3,1,1,-0.8880458385390891,-0.2285129130391653,1,0,0,1
4.0,36.85,149.71,41,753,4,5.0550962369045465,-2.5353540799590983,10,1.0417523959367716,2,0,1,-0.01981136831762674,-1.4383322355237569,1,0,3,0
63.0,51.17,3520.68,37,650,1,0.24583390791385573,-5.413449854153236,0,-0.6997629319915897,1,1,1,-1.4506115525106857,0.16515473126105498,1,1,2,1
8.0,30.57,263.21,27,461,1,15.646141520889485,12.283823560994625,7,-1.873072613208433,5,0,1,-0.7259912722048328,5.499702328714116,1,0,9,0
46.0,89.4,3792.52,57,510,1,-0.5477876306471239,0.7857317480361059,3,1.6444689410752895,2,0,1,-0.2973001404772973,0.8146980170975099,1,0,1,0
65.0,87.3,5204.68,24,600,0,-4.6818040512061385,6.896395046241517,6,3.8386504357399707,0,1,0,-1.2530497934582303,-6.295009341867514,1,0,3,0
35.0,67.16,2306.59,46,696,0,-2.309470990581698,-4.293940448969582,8,-3.8802882840197617,3,0,0,0.14390774633865955,-0.8622785343637315,0,0,3,1
14.0,84.71,1275.18,56,673,1,2.8978991668413663,-3.6282312277933393,0,0.23848824242650102,1,0,1,0.6169481398458102,4.015152836514174,0,1,3,1
72.0,108.78,7797.45,18,618,2,-5.844642758615078,5.218050451111059,4,0.5392296171928664,2,0,0,0.9524559086898473,-3.8068875685847225,0,0,1,1
33.0,19.99,677.0,42,621,4,2.511708665173055,1.3592396590021667,4,-1.2189547046766682,1,0,0,-0.5355409101950728,-0.742447889188718,0,0,2,1
17.0,60.34,1094.7,40,611,0,8.823607353758366,2.5242589607183255,4,0.41099008362997613,1,1,1,0.2430943254652541,4.9395851146815755,0,1,4,0
29.0,51.65,1615.92,46,694,0,-1.8214907336782404,-0.6943777028155149,4,1.289254558391689,0,0,1,0.9134538056733001,-3.8743538049710886,1,0,2,1
42.0,135.39,5853.74,18,670,1,-3.192191663566377,7.933942189812585,1,-0.6313447406787974,3,0,0,0.9005234737967717,0.3668266704805433,1,0,2,1
58.0,29.54,1677.26,45,462,2,7.055033131667087,5.412208468144608,6,-0.04628990682990153,2,0,1,0.6226547801654262,6.191430826142033,0,0,8,0
62.0,57.19,3770.58,24,575,2,0.4642647322850077,4.027587242767569,4,0.3000270603754315,0,1,0,-1.5069625794753834,-4.3353492998729,1,0,2,0
42.0,98.34,4276.96,35,511,6,4.703298342566203,3.0123153550381003,5,-0.7189039371956666,1,0,1,-0.3173297821550595,7.870138854581594,0,1,2,0
21.0,74.1,1686.92,42,756,0,-0.18621423389068037,1.5625256370756249,3,2.3246119790595037,4,0,0,-0.00845289272068794,-1.742188737453453,1,1,0,1
43.0,19.99,926.12,26,513,1,10.28877642340923,4.289910441610258,2,3.1138425656525266,2,0,1,0.6612092577312441,2.874234684594658,0,0,0,0
14.0,117.96,1649.24,37,762,0,-6.871489669015758,6.332518590503714,6,4.038174242357596,1,0,0,1.7670983211806406,-4.844696042876467,1,0,2,0
12.0,107.17,1338.41,54,759,1,-0.3400407088722,-1.7926219778817338,6,-1.961366374542009,1,1,0,-0.3492380123610867,-0.11849501252384806,1,1,4,1
29.0,85.05,2295.0,44,771,2,-1.261274497237145,-1.6897900492185134,12,-0.823918795123854,2,0,0,0.16599709975498347,-1.293841515878935,1,1,4,1
72.0,25.15,1837.98,23,608,3,1.1133337645635575,10.630549727648413,2,5.2051573401616205,4,0,0,0.2572067956866337,-7.305742950785067,1,0,10,0
53.0,130.22,6895.82,26,725,2,-5.306530615348735,-0.7097786396522786,6,1.5598633628290024,0,0,0,-0.5766684555043324,-1.9725221778509432,1,1,2,1
69.0,29.79,1903.06,40,818,1,-4.527897631689743,-6.611079461508816,0,2.7096005581451457,1,1,0,-0.09874954664854692,-8.38619839799347,1,1,2,1
1.0,149.99,152.87,48,671,3,-6.567924159388838,1.654509598854864,5,2.238451506786427,1,0,1,1.3007919345134697,-0.18261570841362018,1,0,5,0
1.0,56.87,62.44,55,850,1,-0.010174769659589787,-5.766214900284735,2,-0.03563852841876003,4,1,1,1.261707323273505,-3.4790715067532254,1,1,9,0
4.0,71.57,313.29,70,825,1,-0.2670759305677751,-11.404788228701682,3,0.9336096295715285,1,0,1,-0.4813374931730078,0.774153484837801,0,1,8,0
33.0,60.03,2014.93,39,627,2,2.2983453394279088,1.2005093023051403,5,0.8509760114082191,0,0,1,0.296528102993516,2.3913194754565503,0,0,1,0
72.0,19.99,1377.84,35,525,0,2.1787947712500433,-0.7118241781593126,4,0.9155333993159889,1,0,1,-0.5718033016208341,-1.7458070509949473,0,0,1,1
1.0,97.51,97.96,18,730,1,5.81663534475673,7.625741835236689,8,-2.7090316601210636,5,1,1,-0.10406073136443851,2.236561092445244,0,0,2,0
47.0,103.81,4475.1,58,648,1,-5.534996313850006,4.155996717995525,3,7.658123849572083,0,0,0,-0.7900771843793067,-2.961226518828065,1,0,5,0
55.0,27.04,1455.52,33,531,1,3.540834193590795,2.646059066179752,5,1.1297330929178862,1,1,1,0.302786589187051,0.4482903256096486,0,0,1,0
46.0,67.97,3349.09,18,574,4,-0.5676279281712615,9.105581464706798,4,-0.08104941687769784,1,0,1,-1.1677093523355533,-5.79693158081948,1,0,2,0
55.0,114.5,6568.22,36,572,2,-2.381942431410248,3.564910507255026,1,2.375110542349987,1,1,0,-0.05335499321951763,-0.5907420668342658,1,0,2,0
48.0,90.81,4134.2,19,610,3,1.1956409179545588,4.14478320520654,6,-0.1980695967918601,1,0,1,-1.2121790918638298,0.15676095765592,1,0,3,0
56.0,38.3,2274.73,35,561,1,1.0261879493732602,1.8973577177964391,7,2.8958137023098085,0,1,1,0.07520001066088991,0.09024162579138463,0,0,4,0
46.0,127.31,6298.95,47,668,0,-6.882994660761821,-0.511821999189953,2,3.248024850161103,1,1,0,-0.48666205924389583,-3.0745807599996278,1,0,1,0
58.0,23.09,1463.84,53,739,0,-2.5896978152211574,-10.431676586536412,2,2.635742916862788,2,1,1,-1.6391566736325973,-5.256057934466696,1,1,8,0
25.0,117.05,2834.52,24,850,1,-9.131952097281744,3.2726582824577912,6,3.755285636832968,1,1,0,-1.1755792018639069,-8.94595472166076,1,0,1,0
54.0,65.83,3329.09,40,516,1,-3.1980893471539,0.04175804890658842,6,-1.8785838413345952,2,1,0,0.07556723549167225,-0.40913503639528154,1,0,6,1
72.0,55.95,4093.49,37,501,1,-7.742164045367887,-6.350031952735987,6,-2.024262921971483,5,1,0,0.5326736572945991,-4.4634461393592435,1,0,9,1
34.0,41.72,1429.03,47,624,1,3.747543070080152,-0.03266939934991436,3,-0.7731184714895968,1,1,1,0.9660285445021178,0.41599091679395056,1,0,3,0
62.0,92.85,5345.99,34,546,0,-4.152643806652083,-2.9067436377632268,4,-1.3005802745553345,1,0,0,-0.2901552034469617,0.8172133604940861,1,1,6,1
43.0,65.28,2896.67,54,569,2,2.3524926789648792,-3.1455611678813105,1,2.7561934229212226,2,0,0,0.32961290721329134,2.8289917763504984,0,1,7,0
12.0,73.12,887.42,21,850,1,0.18127174723632664,-2.042490597367877,5,-2.620033653667591,0,0,1,-1.3293896016165352,-0.04897180909191055,0,1,1,1
37.0,71.97,2429.05,38,591,1,2.814409551165816,0.1520234296755528,5,1.6725839512735683,1,0,1,1.2893694409174525,3.4626666898053715,0,1,3,0
72.0,88.52,6614.72,22,599,1,-3.835385514386867,-0.2135477950745836,9,2.7976680029695244,0,1,0,0.3897266087646892,-1.9244674447875179,1,1,1,1
12.0,132.55,1464.96,56,687,0,-6.067644782814594,-3.0264071273055118,8,-3.188827555980138,1,1,0,1.5304554473881609,-3.922093577373265,1,0,3,1
61.0,61.46,3545.59,37,675,2,-4.26494891600996,-4.573074177295884,0,0.7471624828753302,2,0,1,0.3277395707910185,-4.795246606596008,1,0,4,1
23.0,125.58,2787.98,54,548,1,-0.14508451235005912,0.8679427954317279,2,1.6565726653384583,1,0,1,-1.2700261852968708,3.2133039153474328,1,0,1,0
39.0,84.27,3085.83,27,615,1,2.434119139654392,7.504388566025729,3,1.549111024272424,3,0,0,-0.09455209447775656,0.07489264362527956,1,0,6,0
16.0,143.55,2345.31,43,596,1,0.7482946310252044,0.3739190783723167,4,-0.4032475357872637,0,0,1,-0.8788845745826991,5.462373618480975,0,1,2,0
33.0,48.13,1451.72,64,771,2,-2.2561050344334443,-10.207680976170064,12,2.119418565522179,3,1,1,-1.1622624056701893,-1.6973447484620028,0,1,7,0
44.0,61.46,2797.26,37,542,1,-0.9852711864517277,3.471636388242873,3,0.16889908944301435,3,1,1,-0.44605698694498314,-3.475316676820638,1,0,1,0
22.0,42.47,982.43,41,639,1,1.5539123124026073,1.339190705497556,9,0.24562474221529407,3,0,0,0.2561626486057183,-1.3185564530365634,1,0,4,1
41.0,92.06,4043.21,34,568,0,3.6568592508014657,0.26090618703375973,6,1.089311179608319,0,1,1,-0.45817955889342515,5.8607428039965885,0,1,2,0
47.0,74.64,3737.87,29,545,3,2.371851371740856,3.6396569549252833,1,-0.36902279286046025,1,1,1,-1.121614315985649,-0.27939384892561697,1,0,2,0
49.0,129.94,6452.09,30,739,1,-2.48740633282243,4.441351589663246,0,5.029134709083774,3,1,0,0.8017559737507641,-2.1540415118651777,1,1,6,1
69.0,28.62,2015.14,42,600,1,1.2753586034207378,-2.8331778394391893,5,0.9428804341380624,0,0,0,-2.1541472123741765,-2.539659248988822,1,1,0,0
14.0,131.17,1656.37,30,788,2,-2.2368877242301344,1.8204746035831416,8,-2.104704438279883,0,1,0,-0.014491586995909191,1.1172865972690884,0,1,1,1
64.0,59.4,3829.55,37,492,2,4.999443797679875,6.457147069775985,2,2.754766570100896,3,1,0,-2.494465985312559,1.1756705210650729,1,1,8,0
17.0,50.64,900.46,36,599,1,5.667748971825649,5.153111409333971,10,-1.5373520820878657,3,1,1,-1.1664074657651753,3.0045905596977747,0,0,3,0
33.0,54.94,1737.88,66,640,0,1.523654301434654,-3.526195221254358,7,1.5732992825659298,0,1,0,-0.12503428067120376,1.4722557175539632,0,1,2,0
22.0,79.83,1808.26,48,508,1,7.101439911355438,5.236293483574164,4,-0.01653103881241702,5,1,0,0.34041297177637103,5.91666143653896,0,1,2,0
33.0,96.87,3485.31,54,702,3,-6.18042291640776,-4.067394364201484,7,-1.2503339810781355,2,0,0,0.8639117438509126,-5.2261599655408775,1,0,3,1
45.0,67.5,3255.09,35,595,2,4.112461363478369,-1.4808405234117903,3,0.20881341852233648,2,1,1,-0.48337313826496325,1.1932441951580057,1,1,1,0
40.0,63.1,2361.5,38,501,1,5.328386811200767,5.913405371835189,2,0.04160588968179635,1,0,1,-0.03172718357391597,5.842132545565642,0,0,3,0
51.0,100.54,4829.88,27,646,0,-8.89817754730159,5.202839561498178,2,3.0764503051535153,0,0,0,-0.5925936123301833,-9.4314198833637,1,0,1,0
48.0,48.29,2174.82,33,497,1,6.36659680064914,5.456240120965795,3,-0.06707889012411405,0,0,1,-0.4139786130774661,5.251659445520154,0,0,4,0
55.0,30.83,1576.89,37,569,3,-0.4573417130210202,-0.1689127424430356,1,0.6550799137488988,0,0,1,-1.262285955144948,-2.882179156045602,1,0,3,1
38.0,63.0,2398.23,50,637,1,1.4763986845954151,-1.9957814435262513,8,1.6062092242436985,2,1,1,0.1620390444233049,2.660794746418108,0,1,1,0
43.0,82.27,3717.7,48,695,1,-4.45656615535722,-5.587933646430315,11,-1.1267328415219817,1,1,0,-0.11959415366129833,-3.6311537007255024,1,1,4,1
52.0,62.83,3252.93,62,562,1,5.4919846598131,-4.111821784328714,4,1.4041984347425005,2,0,1,-0.41788412615687476,5.752900155627971,0,1,3,0
1.0,126.37,135.32,20,850,3,0.4144493653094814,3.1301581204137974,2,-2.1493570313624235,3,0,1,0.35161933214524976,1.4650558705180081,1,1,0,0
72.0,111.92,7669.54,47,663,2,-6.927250534218477,-0.7897066940475268,3,1.8451741526958712,4,1,0,-0.1379061256000659,-2.8115291094351678,1,1,5,1
30.0,102.45,3108.58,36,704,0,-0.7270119774847845,4.632062395115719,8,2.6574593476133885,2,0,0,0.10375524302211009,0.3826011841126167,1,0,5,0
1.0,79.39,81.55,55,723,1,2.1790184677142506,-1.045259532756208,2,-1.875471878518248,4,0,0,0.49387602185034474,1.566017794467254,1,1,2,0
28.0,60.08,1697.16,31,627,1,4.224419370865881,3.5745230966331065,0,-1.2072221922138868,1,0,1,1.2775889773935385,0.005262754534376927,1,0,3,0
11.0,48.44,485.09,51,600,1,8.75767513307759,2.684769585668317,14,0.9120231137553916,1,1,1,-1.8208662631992647,5.304019760040686,0,0,3,0
69.0,36.97,2451.78,59,506,3,3.6342517310412856,-0.3536809547161282,4,1.293601127993936,1,1,0,-0.8841962728603967,2.2995038901196057,0,1,4,0
35.0,31.74,1073.79,32,547,1,7.1391944144162025,2.8918134488230947,10,2.323339673663867,3,1,1,1.7950354768074441,2.3878519792575945,0,0,3,0
43.0,63.52,2821.8,18,633,0,2.1353569651041724,6.750246324161937,0,0.5522413889766307,3,1,0,-0.5673794917331795,-2.7769745877736156,1,0,5,0
31.0,86.51,2424.06,45,769,1,-2.1824540092830365,-2.192915759941611,4,-0.447393679735799,1,0,0,-0.32212089367364893,-1.8958704058561209,1,1,1,1
34.0,63.84,2026.07,40,795,2,0.5246518524126118,-2.73094656814499,2,-0.026021699699204315,0,0,1,1.5949767956436083,-1.3437673401628163,1,1,3,1
14.0,110.87,1421.08,29,759,2,-1.837832053611036,-1.3159766250252467,6,-4.071505941916028,0,0,0,0.7880960383792132,2.6166206084874446,0,1,4,1
26.0,82.89,2346.61,66,726,0,-5.171742508693735,-8.497305770218613,0,0.4267141602728772,0,0,0,-0.3722876255378813,-2.191179388713967,1,1,8,1
72.0,70.76,5330.32,27,361,0,4.664002724099664,7.635199942148657,13,1.96451974700738,1,0,0,0.2244025960315867,6.125139585313153,0,1,2,0
29.0,54.34,1604.68,37,710,2,-2.737981974118323,-0.41894051765347096,1,-0.36418576304321426,1,0,1,-1.3310907480607677,-3.413668250075265,1,0,3,1
7.0,63.83,439.53,69,736,3,4.4530547730276115,-7.75002314889789,7,3.601712527809059,2,1,1,-0.10875550086746562,0.9120998382597405,0,1,7,0
9.0,93.62,795.84,62,653,3,4.256632012610662,-2.139619462231111,1,-0.18854761032442668,2,0,1,1.2171181698570237,4.678700852295728,0,1,0,0
1.0,132.3,137.46,41,598,0,0.31114774091921665,7.232566805115439,0,0.7150886664953764,2,0,1,-0.04752023970195938,3.381839707380293,1,0,1,0
1.0,149.99,135.62,33,850,1,-7.515382410359882,2.454519297587189,2,2.0127097094567707,1,1,0,-0.37208236817533824,-3.170356553477773,1,0,3,0
1.0,19.99,19.81,50,712,2,3.085092903663947,-3.6230373285691067,6,0.31560356508760246,5,0,0,0.026410433519282957,-2.8929255052467653,0,0,10,1
47.0,38.82,1914.84,18,684,1,4.2892188886967135,6.370193633590141,1,-0.24469102475317495,3,0,0,-1.265047380315984,-3.665017299384296,1,0,6,0
19.0,43.69,899.18,39,674,0,2.0564862201187677,0.08201241363556444,12,0.6133410143198813,4,1,0,-1.9851979782152676,-2.02100028939018,1,0,5,0
34.0,37.66,1204.55,27,850,1,-6.973078483085629,-4.846922590844346,6,0.38030292053871617,2,1,0,0.09873870284808921,-11.321901248099621,0,0,6,1
1.0,149.99,138.32,58,793,0,-8.721979536771723,-2.0804074696861807,2,1.92739471136833,1,1,1,0.16453022649940294,-0.07227382976006479,1,0,6,0
47.0,77.4,3723.55,28,581,1,2.1322981024772956,3.1033233102256044,5,-0.42695158325297056,0,1,1,-0.557103574276266,-0.958923528017051,1,0,1,0
28.0,79.73,2217.52,38,501,1,5.953103830435732,6.468336124138803,9,-1.2985940066302737,1,0,1,-0.8330640634565456,4.664041565366519,0,0,5,0
23.0,58.14,1239.72,26,566,1,7.961991064032721,7.5837484719100425,6,-2.6124242015063337,2,1,1,-0.26263900472006413,3.324086870784609,0,0,6,0
72.0,24.0,1678.74,18,492,2,0.1058261298806533,6.380086762937528,3,1.3829233003399217,1,0,0,2.024612350708707,-1.227350839082176,0,0,1,0
24.0,126.27,3259.77,41,682,0,-6.379976050801218,-0.13874876820418078,1,1.7263399601648337,2,0,1,0.14204916611156612,-3.2893040937035747,1,0,4,0
35.0,68.37,2289.82,43,618,0,3.8830484843220803,2.2286215714639392,1,0.05945520905988744,0,0,1,0.9718367932619041,2.5318214834301545,1,1,5,0
1.0,108.7,109.91,40,672,2,5.475889328257738,0.7768452878744068,3,-0.5143649251126264,4,1,1,-0.6724283673814052,5.341349421769617,1,1,4,0
17.0,63.95,1080.54,30,612,5,10.816200625623296,4.4123749879259035,4,-2.1898347133457157,4,0,1,0.8329699701079489,6.990846935903162,0,1,7,0
4.0,77.89,324.07,64,640,0,6.8684396977606115,-3.094105155224556,1,1.4091489949314697,4,0,1,-0.2221516701317305,4.2235367708136256,0,1,3,0
24.0,149.99,3851.26,54,578,1,-4.685616916777844,0.10732886559508066,9,2.4287730132193577,0,1,1,0.8275593086025934,1.558372132819659,1,0,4,0
1.0,112.2,116.56,24,850,1,-1.5973019811036044,4.932644480387331,5,-1.1499680706302278,3,0,1,0.10831472415727815,-2.465109915623067,0,0,1,0
16.0,103.07,1767.26,47,741,2,-3.995507079071011,-4.234404104647314,8,1.3804821665479619,3,1,0,1.7154600424581288,-2.2285581903906717,1,1,9,0
22.0,65.4,1300.5,37,755,2,1.4080142940292264,-1.2080441764476655,4,-2.1296736309943056,1,0,0,-0.12946552115672763,2.4567804444418853,0,1,0,1
36.0,79.46,2681.47,54,621,2,0.4348306802185212,-3.7829274690787744,4,1.0100851205112311,0,0,0,0.3066307623959029,3.366727864951399,0,1,5,0
72.0,56.48,3927.17,30,381,3,6.053943942260635,6.131574635859449,2,1.0302906753039573,3,0,1,-0.9955764331973889,7.40262963909512,0,1,8,0
32.0,19.99,590.22,37,531,3,10.845310725027796,6.501987066687838,13,-1.0392769616344992,2,0,1,0.7407425137707455,3.5778634193462278,1,0,9,0
72.0,77.44,5738.6,36,687,0,-5.469523281387361,-5.9514427043603675,6,1.3244125086018017,1,0,0,-1.3587403370362798,-4.571381367451769,1,1,5,1
1.0,149.99,161.86,51,743,1,-1.8542517986196783,2.213710909510877,5,1.9191401214662558,2,1,1,-0.5754707068691476,3.2452214218769657,1,1,1,0
65.0,30.45,1971.3,35,474,1,8.472310531467864,2.7323206760595538,7,-1.494665971570475,0,0,1,-0.2995405800024317,3.4378570150228542,0,1,7,0
1.0,63.71,60.5,55,728,0,5.771567783605862,-1.161937457063212,0,-0.5524059768498283,2,1,1,0.31723246488506934,1.9816375189241417,1,1,1,0
1.0,149.99,141.86,57,722,2,-4.812669163806157,-0.831636207633371,3,3.0788382109507495,1,1,1,-0.6052028582154121,1.926703837101086,1,1,3,0
47.0,76.83,3903.15,50,635,2,0.1397137126818386,-4.6297913317376285,2,1.2987360274243427,0,0,0,0.416656506250258,1.92208092072403,1,1,4,0
53.0,40.87,2089.34,41,660,1,-1.442413919692577,-0.36904367338439537,6,2.4136191724030702,2,1,1,-0.44192848440346466,-4.450095379370033,1,0,1,1
64.0,36.7,2268.5,40,660,1,-4.859244312085963,-5.53951988648316,2,-2.462079355331667,5,0,0,0.8294435159858112,-4.532258152833187,0,0,5,1
1.0,98.92,99.34,66,785,1,1.0256959710938856,-8.125161682825198,7,-0.2617368115035258,1,0,1,-0.45772380756066366,3.471955740872784,1,1,4,0
27.0,47.69,1405.77,41,623,1,3.8399342700104127,0.23180952684652992,7,2.0075793320022317,2,0,1,0.57033585829301,0.9820733764550402,0,0,4,0
40.0,44.48,1797.37,30,604,0,3.239608295516192,6.901043198684376,2,0.13060987239318533,1,1,1,-1.3306396681019312,-1.9381011920201803,1,0,6,0
58.0,51.77,3085.36,24,727,1,-3.0357350706771977,-3.1778391422614383,0,-2.1640938628528006,5,1,1,-0.04899634558519314,-3.2942553478128236,0,0,0,1
28.0,116.57,3277.93,40,712,2,-5.30239816752284,-2.227820763344071,3,0.4271506295271277,1,1,1,0.0968512509333819,-3.5757502206090432,1,0,5,0
17.0,92.79,1470.94,37,563,1,6.123357907497018,3.630568661398392,3,1.7198073633749158,3,1,1,-0.6635340075305205,7.420061997219799,0,1,3,1
24.0,76.61,1802.14,22,781,2,2.879397116168056,3.4700543083951803,4,0.6429963548079125,5,1,0,-0.0020014644424819297,-1.2477951858348857,1,1,4,0
72.0,67.29,4518.69,41,381,3,-4.334146215449827,7.04655933286988,1,4.462254233849186,3,1,0,-1.307642934160056,-5.552641449502643,1,0,5,0
50.0,107.82,5198.71,34,626,3,-4.376361385899644,3.656268065389084,8,3.6680643279551197,1,1,0,-1.0440854224146305,-4.4984175305538,1,0,0,0
46.0,48.21,2239.89,22,551,1,2.806448005664382,7.6141681373218315,5,1.0233191449039856,2,0,1,1.4627800492022356,-1.2429162771597548,0,0,1,1
16.0,89.01,1445.79,42,848,1,0.3458045671062919,-1.858853929479748,2,-0.5352067366490664,0,1,1,1.0851150897595723,-1.3922356218470955,1,1,5,1
15.0,119.12,1641.39,64,644,2,1.5998813869988873,-1.5284351059057621,0,-2.191381044484626,0,0,0,1.161693598730385,3.960992623619389,1,1,4,1
55.0,47.17,2534.25,23,703,2,-1.4776713286876855,3.5545285833719653,3,1.1733025416043197,1,0,0,0.6769069176447403,-7.585013487814162,1,0,3,0
41.0,26.48,1148.04,42,680,2,3.1086125604116313,-3.9735195779783363,0,1.63569622169749,0,1,1,0.7915062127003917,-1.9471984384170555,1,1,3,0
45.0,41.68,1954.71,64,608,1,0.65600797448381,-1.1809621267060237,5,0.18578127678184841,1,1,0,0.5091056930839862,1.0430920956064507,0,1,2,0
1.0,113.58,122.47,30,729,1,0.2598927147157954,3.6903790061889308,1,-2.6778402433357704,0,1,1,1.1694708689656919,0.5317888953409844,0,0,2,0
44.0,100.92,4828.15,60,673,0,-3.3270291257446623,-3.539747520068124,4,0.5802888722603391,0,1,0,0.46665912624746797,-2.7695008877119736,1,1,2,1
21.0,109.11,2159.72,31,751,2,-3.9310712842260322,-2.8924204426065323,5,-4.152626891128818,0,0,0,0.47278162835886856,0.06087291206278696,0,1,6,1
53.0,68.58,3822.38,41,549,1,-0.6048735442656861,5.033269760838402,2,1.8888768167631995,0,0,0,0.21974306175907404,-2.625766699347976,1,0,4,0
37.0,84.69,3068.93,47,626,0,-0.18445781010853662,-3.449425124901532,6,0.5290352305939569,2,1,0,-1.1142927088163208,1.9470152624700983,1,1,6,0
45.0,48.19,2050.97,40,544,1,4.908320491709328,-0.13465454293364948,2,1.2271815039401988,1,0,1,1.410953254910354,3.414151740936673,0,1,3,0
21.0,124.53,2393.06,35,495,1,6.72631486619129,4.771790042150084,5,-1.985654089785271,3,1,1,-0.10995597360023468,10.648555114245712,0,1,2,0
12.0,95.23,1051.04,36,718,2,-1.8066350882819189,4.452810476093231,3,0.443761012278724,2,0,0,-0.7823459258828928,-1.7687869914912973,0,0,1,1
23.0,88.21,1968.07,18,829,4,-3.3068010460604205,-2.166555477025362,1,-2.070151806823269,1,1,1,0.8357009486858078,-2.0508690208560867,1,0,4,1
43.0,45.96,1835.5,18,744,2,-3.46564433699221,8.996189650388846,2,0.35938504532471127,2,1,0,0.445430886072641,-12.425815146350057,1,0,2,0
72.0,38.94,2734.76,60,539,0,-1.3910799288108413,-3.701204037698391,1,2.9055217207162376,4,1,0,1.7554280681870613,0.7493671754866019,0,1,0,0
50.0,61.39,2795.25,40,464,1,6.399753732762617,2.825022779737509,5,-0.6018888746726686,1,1,1,0.24211796848239583,3.811682035245672,1,0,4,0
43.0,33.14,1324.32,46,543,3,6.797061973149278,0.7780443228550238,5,3.3180643634871307,0,1,1,0.11311586491773522,4.012527199298286,0,1,2,0
72.0,37.43,2548.09,18,543,2,0.3235804697345628,6.126821038154258,1,-0.08131987813731278,0,1,0,0.8299845352144328,-1.5435299569245524,0,0,2,1
11.0,138.96,1419.28,69,665,2,-0.004078884175326172,-3.0829341402491712,2,2.3026415194777172,0,0,1,0.24070322503221991,5.975025527846679,1,1,1,0
19.0,116.06,2302.38,25,809,0,-7.925294252687064,6.596425582056435,6,3.619084588728446,2,1,0,-1.4037901850028436,-8.056221529600077,1,0,0,0
1.0,138.26,131.67,46,689,2,-1.2234762953301805,0.8349179564351829,1,0.4725974269108832,0,0,1,-0.17942102641091612,2.954229635677625,1,0,3,0
71.0,117.87,8443.25,49,541,3,-4.995722873575619,-1.322848418594883,6,3.9942221806810756,2,1,1,-0.3104712870033506,-1.6175076424045427,1,1,1,0
1.0,86.76,89.15,58,665,1,5.561594546197359,-0.8275834718430313,4,0.004213716896200537,3,1,1,-0.557349864352165,5.506897228360597,0,1,2,0
15.0,120.14,1668.75,33,740,2,-7.921191899640921,5.6917923059367865,6,3.7537927061840333,1,1,0,-0.9181806771924578,-7.465343087433289,1,0,2,0
25.0,99.27,2578.35,34,600,1,4.161399979684854,2.2889709036631536,1,-0.2603158211881865,1,1,1,1.0006847887374426,3.3451074377928602,1,1,1,0
72.0,30.95,2081.8,41,545,2,-0.9817187499965374,-5.296663388435408,3,1.717467333492459,1,0,0,0.43354793419410353,-1.4927957177921982,1,1,4,1
1.0,86.05,85.72,22,697,1,7.871162011869684,5.514463985486961,1,-2.0898696172762126,4,1,1,-1.2351586462792896,5.303398896089442,1,1,5,0
37.0,98.38,3311.06,33,584,3,1.29856468273546,3.2952467381771404,0,-0.09320368310695559,1,1,1,-0.9224273338122289,1.7071502909693057,1,0,2,0
20.0,69.28,1300.09,18,716,2,1.3167700158106381,4.748414190537474,2,-1.3645180742592449,2,0,1,-0.883500719249248,-3.9348900954562724,1,0,1,0
52.0,105.85,5333.7,37,474,0,2.560713566694531,3.623055151004054,0,0.3673019612458989,0,0,1,0.338101726849848,4.29745102079946,1,0,3,0
60.0,86.71,4716.41,29,755,6,-10.031072900587315,-2.9817613781847787,2,1.762427068875012,4,1,1,-0.3028670217868996,-10.498807257898763,1,0,3,1
50.0,64.36,3182.23,68,714,2,-4.2541795119953205,-9.797464307312241,1,0.3925148212061872,3,1,0,1.3380321910462238,-0.5357839514767018,1,1,4,0
18.0,19.99,393.57,33,645,1,7.326147964164213,1.5330524230955387,6,2.1366467910338582,3,1,1,0.2623424791565199,-1.3036449264153407,0,0,2,0
38.0,30.38,1246.35,33,667,4,5.090376270076162,-1.9259517273473439,4,1.820235601208228,0,1,1,0.12306859442885831,-0.08579081413469918,0,0,1,0
72.0,53.62,3984.3,33,484,4,2.1900986748735534,3.388213802921046,5,2.9411741029135934,0,1,0,2.3584076725093817,3.1277020130423967,0,0,1,0
34.0,62.79,2051.6,49,621,2,-0.3827976218261086,-3.9546236041026464,4,0.038690894530008624,2,0,0,0.32407197332429755,0.01616301465046732,1,1,7,1
50.0,46.76,2539.36,28,584,2,5.018854293628378,1.2589102597158126,4,-0.7294598978979986,0,1,1,0.6709080400350187,1.5077334448190027,1,0,4,0
15.0,131.66,1853.29,29,786,1,-2.025794482018441,0.08681404060732784,8,-0.15614271084712283,3,1,0,-2.1510711493195678,1.2502663879286802,1,1,2,1
70.0,19.99,1422.66,50,464,0,0.522926438069861,-5.214104293944537,1,-0.5173286125020625,2,0,1,-0.5318897654222474,-1.0628680376118815,1,0,7,1
52.0,19.99,1085.73,18,593,1,8.617800342778532,6.295063924933233,2,-0.9326221089285233,3,1,1,1.5206227485396553,0.06506529284835078,1,0,8,0
43.0,117.67,5555.32,35,580,3,-0.528350665763192,2.458087780386256,2,0.9232095652967998,0,1,1,0.9207474469776205,1.5710141122802168,1,0,1,0
9.0,47.68,398.66,34,746,2,2.4478341326218676,5.67253970095741,1,0.8500570398835122,3,0,0,0.48730273479258923,-1.4655826842644768,0,0,2,1
14.0,25.45,326.01,18,598,1,10.621347931969865,6.60015648909237,0,1.3760948994802833,3,0,1,-0.6560107531481214,2.277130011442214,0,0,1,0
49.0,48.86,2292.59,30,453,2,6.042044509178482,8.83623296958022,2,-0.7469602914503876,0,0,1,-0.1584193861320163,6.317401349254709,0,0,6,1
39.0,111.09,4677.34,29,567,3,-2.333714135133609,6.030085441699582,11,2.0553226919343897,0,1,1,0.2762950166901115,-1.3634331752862217,1,0,1,0
1.0,93.36,90.93,63,850,1,2.3569378267686587,-7.847799633402536,4,-1.0913999594003538,3,1,1,-0.6609756042217863,0.2863786617900159,1,1,4,0
55.0,79.55,4258.0,58,424,0,4.1537166683702065,1.8796096563790397,2,1.753856072444444,0,1,1,0.19500007684162907,4.611558486350296,1,1,4,0
35.0,59.55,2174.37,55,570,0,5.7172834072913465,0.21221514086296964,3,-0.1396521545364302,1,0,0,-0.9726239298200247,4.798876903551098,0,1,3,0
16.0,105.42,1832.96,18,832,1,0.20785462324182521,2.0966562401180577,2,-1.3989565794722982,1,1,0,-0.8043787149359223,3.9798178843620113,0,1,1,1
72.0,60.85,4189.13,37,435,0,3.563965124789157,5.17003595988715,5,0.8790638852092109,1,0,0,1.0069430110713191,3.680890884588891,0,1,4,0
39.0,71.59,2975.81,22,645,2,0.052937326144952966,8.59748433448964,6,2.1604235153967837,3,0,0,-0.9449267412791027,-4.365098060564513,1,0,5,0
61.0,78.63,4699.36,42,382,1,10.12136487535934,0.15915588752700596,1,-2.8302015110812286,2,1,1,0.6025857208413644,11.415499229510296,0,1,5,0
17.0,102.12,1583.44,48,736,1,-3.2907647291054447,-5.582361956786175,4,-2.945502313950598,1,0,0,1.2382264245170247,-1.8872158651160833,1,1,6,1
29.0,85.52,2491.46,25,699,1,-0.07914803452428777,4.958149139498733,9,0.5681161281934801,2,1,1,0.6579861347823884,-2.675360066432607,1,0,2,0
65.0,84.01,4965.3,48,483,0,1.8055407548468267,3.6197170744882126,5,2.386757139093775,1,0,1,1.1315973674556363,2.9025562166011425,1,1,6,0
63.0,41.75,2547.09,36,579,0,-3.8377367765298054,0.7536894604533876,3,-0.14218507710152117,1,0,0,-1.2000889842004405,-3.7495874811272203,0,0,4,1
72.0,88.73,6948.29,29,505,1,-4.388238415872175,-1.3032784986650567,1,-0.498413447917582,1,1,0,0.21449056023456312,-0.09958403886856956,1,1,2,1
11.0,64.26,702.54,75,850,3,-5.238156923277801,-10.701863534904911,1,0.5876846886152804,1,1,0,1.6757065807123532,-3.701464577127531,1,1,7,0
34.0,68.58,2420.5,44,571,1,5.304763582843954,1.0352838909127826,1,1.1147363915095898,3,0,1,-0.05847188488567584,3.1072470158223053,0,1,0,0
32.0,140.22,4680.88,44,642,1,-8.39268514548685,3.9840769735419896,1,4.10173964607752,1,0,1,1.1365365204001507,-3.5310162898280066,1,0,1,0
40.0,124.37,4552.0,54,677,1,-6.609181897965225,-3.783890128269168,3,3.585514724387666,2,1,1,1.487123271855202,-2.5852025610055605,1,1,4,0
72.0,47.05,3221.95,40,484,1,-0.7368267342678002,-3.153229472291523,1,0.9105377675559052,0,1,1,-1.366166720309994,-1.3612352637832579,1,0,6,1
8.0,69.69,569.88,75,795,1,-0.7051618867909658,-8.443804939340035,3,-1.5954547720635688,0,1,0,-1.055705416243956,-0.2994040103286881,1,1,1,0
64.0,42.98,2574.47,40,494,1,6.5175833769746365,3.5647371519100406,8,0.9500924041386154,0,0,1,0.8320365026138821,3.620652901968587,1,1,8,0
72.0,96.02,6655.62,39,668,1,-6.073275008843292,-2.3592065831939264,5,2.573778569684006,2,1,0,1.0664242582745938,-4.056392063073128,1,1,1,0
44.0,66.32,3127.66,22,849,2,-1.26242111214707,0.5005483345416145,9,0.7581540898466598,2,1,0,-0.09216933031086971,-1.5079623059741178,0,1,4,1
25.0,56.18,1394.13,38,602,1,6.8710908282485,1.522054652307883,2,0.4193990631112855,0,1,1,0.31677359774770325,5.146313707110643,0,0,2,0
50.0,121.26,6143.62,35,678,4,-9.344506613911406,1.1524713588275812,7,2.6585664423269253,2,1,0,-0.8124073909436653,-7.122242884162775,1,0,3,0
18.0,94.15,1632.39,37,678,1,-0.33481243032306846,1.8147554013955918,9,0.05464496993497092,1,0,1,0.5759867954943182,-2.0078728873675122,1,0,1,0
39.0,75.3,2924.5,33,668,1,-1.3353920938991715,1.193660007723466,1,1.1742209200461178,3,1,0,-1.093037450711839,-1.9545078786724115,0,1,4,1
1.0,83.88,83.97,23,753,4,2.513533661868839,7.4276335840175625,2,0.8764555974103138,2,1,1,0.7938748548636325,0.0792614004862813,0,0,5,0
45.0,42.52,1794.48,51,578,3,1.951685261929454,1.7675052784422403,7,-0.16707308969235657,1,0,0,-1.3490398518727058,2.4665786563176675,0,0,3,0
1.0,86.78,83.9,80,776,2,3.8666240714402935,-8.737469305875265,0,0.8059122054167189,2,1,0,0.14572663459551174,4.059372566717991,0,1,5,0
35.0,43.92,1418.39,58,754,1,-2.9140533497607812,-6.021511118291795,0,-1.1110425243308224,2,0,0,0.5713119547181211,-5.838274038226107,1,0,1,1
12.0,101.47,1315.79,35,685,0,0.42583269572746174,-2.2899540833181744,2,-4.252119625130037,1,0,1,2.4957834111190063,3.568759577758728,1,1,5,1
18.0,31.48,554.45,49,683,3,3.1800391117247866,-1.2416360100461343,9,2.565980851331491,2,1,1,-0.8979959967682313,-1.566245222352007,0,0,5,0
26.0,120.29,3348.76,29,759,2,-3.0421234694345194,5.206180371379393,3,1.3430818806612757,2,0,0,-1.2244586308064287,-0.9178612104796979,1,0,6,1
1.0,43.22,41.6,55,647,1,7.900035094219303,1.4602648295804632,2,-1.177383585493112,2,1,1,1.4746645930849083,4.241742174783123,0,0,2,0
39.0,80.7,2910.06,26,651,1,0.009416171648377948,4.320628987287237,3,0.8693529233401749,1,1,1,1.152911466187623,-2.5187516525466753,1,0,2,0
15.0,74.97,1023.78,38,563,0,6.07143566832057,4.8155785833849345,3,-3.1057796906805812,4,1,0,-0.4885200962508458,4.717533696260118,1,0,3,0
9.0,70.98,636.86,46,690,1,3.2744430334055425,-1.4325462795291966,0,1.2650107101916246,2,1,1,-0.19699182498674522,2.300960314606416,0,1,4,0
1.0,77.25,73.36,70,782,2,-1.2319128386016258,-6.587690939343218,3,-1.7185655128939654,0,0,0,-3.7261412750189704,0.633419181953589,1,1,3,0
44.0,95.47,4058.75,53,579,5,0.5827199976983989,-1.6765282651888038,10,0.4476337104126388,0,1,0,0.8100651262553572,5.185570015536868,0,1,2,0
28.0,21.78,582.15,45,562,1,2.8688298005192,0.4594043536186796,1,-2.065468758110232,1,1,0,0.6468516710071114,0.8756626343466216,0,0,4,1
10.0,95.06,983.39,24,698,0,1.689799350680158,3.2353421937139633,1,-1.289905231323206,0,1,1,-0.09872323144395209,0.21397549947035485,0,0,0,0
10.0,88.33,952.72,44,654,4,5.308783206493574,0.4953595792068949,7,-0.5429395599291705,3,1,1,-0.5667772073953511,3.701633501931507,1,1,1,0
39.0,79.21,2871.28,35,610,4,0.9397064834200507,3.05009265128954,4,1.2310265025726645,1,0,1,0.7512210195272248,-1.2647283926596433,1,0,2,0
31.0,19.99,591.37,49,703,3,3.4889956682528926,-3.5740030234405706,1,2.3493569070598417,1,0,1,2.5449001016256956,-1.9031195625318602,0,0,2,0
2.0,49.78,108.4,42,700,2,5.543575542290112,0.33000098890105717,5,0.48098781854346195,3,0,1,0.6783718801499536,1.02111024564032,0,0,3,0
8.0,120.81,965.77,46,622,2,-0.2923477537073724,3.526265004076245,4,0.6925388974355531,0,0,1,0.9417653680867911,2.687888040081661,1,0,1,0
14.0,127.57,1845.5,35,734,1,-1.7230315913441285,-2.4513380407626433,2,-4.049857354148755,1,0,0,1.1154804307870327,2.984678720605504,1,1,4,1
11.0,54.63,593.76,39,639,3,4.6416277493283085,1.1334898539336382,1,-0.3557056559141437,5,1,1,-0.3381981266635011,0.45460465008060086,1,0,4,0
72.0,74.07,4878.27,22,695,0,-14.335905358470487,-5.3994016403757765,1,0.3023260070920587,5,0,0,-1.4422450814885936,-11.700051911260802,1,0,10,1
66.0,63.36,4445.16,46,449,1,3.2602819467524187,3.9598080028647757,5,2.6735823856181993,0,0,1,-0.7531019444940558,0.9309692632651064,1,0,5,0
1.0,93.76,87.13,35,659,1,6.60449709687822,1.9536271717991573,7,-0.9894804317138691,4,0,1,-0.2667084389968811,5.540413606031622,0,1,2,0
41.0,58.14,2254.63,25,630,1,1.7361427475031905,5.619510238150772,3,0.5442327774058793,0,0,1,-0.2311022809352152,-2.6055417366895997,0,0,4,0
15.0,116.65,1784.2,28,689,2,-0.35449107863664286,4.19381182913838,2,0.19648108056491753,2,0,1,0.6789637548164805,0.3464643818811802,1,0,1,0
59.0,49.37,3048.52,60,642,1,-2.068175451400257,-6.827967098928925,2,-0.747628518386935,2,1,0,0.4734259796012422,-2.516686767268623,1,1,3,1
24.0,128.62,3006.65,51,711,1,-4.9224569181555475,0.4357096443198699,4,2.7323902255396537,0,0,0,0.6835196770941094,-0.03788998129209172,1,1,1,0
21.0,72.74,1614.98,61,733,2,-0.011670011542299802,-2.783857559725851,4,2.741436390798688,0,0,1,1.004811344312271,-1.8035870978364998,1,1,0,1
45.0,97.85,4271.02,18,666,3,-1.4663163800880459,4.235057993514903,4,0.5033944121536751,1,0,1,0.05378890586797509,-3.6385166268350826,1,0,0,0
32.0,113.68,3413.17,38,738,2,-5.489864478959165,1.4561533523954786,8,3.3451577126634904,2,0,0,0.7851100587616027,-4.944213833354789,1,0,1,0
72.0,52.07,3566.28,20,663,2,-4.507372829615181,-3.1285607465771887,8,0.17175066407856787,5,0,1,2.0960728285166184,-3.4106156853384544,1,0,1,1
57.0,19.99,1074.21,18,434,0,9.329349878680524,12.635011016404995,3,0.9880952673877141,5,0,1,0.3811211689849213,-1.364080425750246,0,0,4,0
1.0,84.81,85.68,61,785,5,1.1756902113964025,-6.460921931095695,2,-1.5856997507590687,0,1,1,0.4530167087054082,2.2246307322796723,1,1,4,0
64.0,40.1,2783.65,50,606,2,2.435094978000976,-3.6614401374058034,2,3.411318809952001,4,0,1,1.2882100032004011,1.4363059157081797,0,1,0,0
24.0,51.13,1232.49,18,850,1,-0.05094088778426429,-2.699967792320067,7,-1.3080071723701283,1,1,1,-1.022825807447942,0.10302144386441979,0,1,5,1
1.0,62.93,65.19,72,850,3,-2.165538133544222,-10.421053064441335,5,-1.2924415693460691,2,1,0,-0.2725198642050003,-4.933289620548141,1,1,4,0
16.0,92.92,1409.63,50,664,1,3.6261271754324675,-2.586132882463731,5,0.22999829827562168,1,1,1,1.3565803820408928,4.501168051837455,0,1,1,0
72.0,44.22,3298.8,49,527,1,-1.9176379023830654,-7.394646899137502,4,1.5889580843595426,0,0,0,1.3213296139184783,-1.5257037949267411,1,1,8,1
54.0,48.19,2555.88,27,608,4,3.3824414265414084,3.822397555069968,1,0.24905337126570937,2,0,0,-1.7170298210347148,-1.6553138203358264,1,0,5,0
72.0,31.56,2191.01,18,525,4,-1.077763581333833,4.318691610624091,5,1.1888093449632453,0,0,0,1.1904197203597815,-8.792007606940796,1,0,3,0
7.0,115.65,731.81,46,783,1,-2.674450670824391,-1.6824629069551171,4,-2.3613460642643114,0,1,0,-1.2295477950617866,-1.1147694119253204,1,1,1,1
40.0,49.96,1979.51,39,480,1,3.4662696792738004,4.796797154261567,6,-1.623693082391052,2,1,1,-1.0080274035493921,0.08900917914290046,1,0,4,0
60.0,79.25,4847.86,27,716,2,-3.5836769237849766,-3.4291737383991454,10,-0.06158956425835904,1,1,0,1.094131676083267,-1.6816600205882521,0,1,4,1
1.0,149.99,137.91,35,774,1,0.2091006535171679,-0.2702482705045883,6,-0.3459926261144294,3,0,1,1.0610979508027982,4.172982822386313,1,1,2,0
72.0,43.99,2978.99,29,352,0,7.679923297293779,8.23255045657294,7,0.20826049564465765,2,1,0,0.27418402551972143,5.881981285861954,0,0,6,0
21.0,102.45,1967.02,20,777,0,-0.12091821535907109,3.2541863406767115,6,0.5007160123793684,4,1,0,-1.0576511520359693,-2.1579493121952424,1,1,1,1
18.0,94.02,1847.09,18,617,2,4.283847166375407,4.843837688770826,7,-3.5680657063338255,1,1,1,-0.3300757278283123,2.0164765879230324,0,0,1,0
10.0,70.11,722.98,63,676,1,2.7331999565736367,-3.210667455156814,1,1.2090165126934092,2,0,0,1.2970565457015102,1.902989126144576,0,1,4,0
1.0,98.94,102.05,30,850,0,0.9380350241432874,0.21069794463989988,2,-2.159997717234511,1,1,1,0.133044453667486,-0.15136025939549227,1,1,3,1
27.0,86.38,2168.99,45,591,2,3.3090033563763877,1.419567283984626,10,0.9045992117986335,0,1,1,0.5981931173181951,5.975968413669848,0,1,1,0
46.0,72.23,3602.41,32,588,1,-1.0089158538697554,0.8957657188573159,7,-1.0520071982522907,0,1,1,0.1307561662444329,0.16511295723634378,1,0,2,1
20.0,149.99,2959.49,46,629,2,-4.397294653854583,-1.3049374119629877,4,-2.0971913037166985,2,1,0,2.823426902909803,2.9503400045805726,1,1,3,1
30.0,99.58,2988.84,34,670,1,-2.393206409043181,-1.8890110278067804,8,-3.9232328506846224,1,1,0,0.4546925310550412,1.699816036925267,0,1,5,1
30.0,35.36,1085.89,58,618,1,1.6293954487810542,0.6433440494103753,4,1.5604784868744097,4,0,0,1.1472720546434503,-1.73656945052907,1,0,3,0
28.0,102.24,3030.54,33,693,3,-4.65541123713877,-3.684185432320022,1,-2.512475341455094,0,0,0,0.6076316179496078,-0.7658219241532754,1,1,9,1
24.0,40.75,884.66,54,734,1,-1.6869105524564636,-5.182939895801813,2,2.378372216305899,0,0,0,-0.14392516996526744,-1.9442376251611757,0,0,9,0
45.0,55.42,2640.59,51,594,2,1.4486853159926902,-1.8131962905988268,5,1.5858355012337664,1,1,1,0.15944351256025555,2.923307273298747,0,1,3,0
4.0,105.76,450.26,24,807,3,-0.18844690444411072,2.4964885158207917,3,-0.744684881795057,3,1,0,-1.026234349441274,-2.4347650197512007,1,1,1,0
1.0,110.98,120.45,53,752,1,5.271330902918957,-2.667107465470962,2,-1.7881974963746763,3,1,1,0.23679613845728809,4.8844957647111125,1,1,1,0
51.0,114.76,5736.47,53,610,3,-4.260092377432605,-5.925677397474124,3,-1.2466737730403081,0,1,0,0.407722476794104,-1.6497562847409681,1,1,4,1
17.0,114.29,1776.2,40,631,4,-4.793787342304158,4.1279787882318075,1,0.4588631381226414,1,1,1,-0.3883715222041432,-3.4222609594518616,1,0,2,0
30.0,73.88,2437.15,47,664,3,1.286811478839379,-3.0413714543574337,1,0.8573377480944915,2,0,1,2.043435936686529,3.71446435948965,0,1,3,0
60.0,19.99,1092.37,29,523,3,6.034769508836481,4.376680400689453,1,0.33406637434643915,0,1,1,-1.9813725226462082,0.7530665752380015,0,0,5,0
56.0,86.9,4584.35,44,536,2,7.3602544833223,-0.31704451560028885,12,0.4030535156404453,2,1,1,-1.7449032149910262,7.582170216747987,1,1,5,0
1.0,93.99,91.48,40,850,0,-2.1095708836464695,-4.003607459207016,2,-3.8956191961532283,0,0,1,0.7743756726819945,-2.4469741693108564,1,1,2,1
72.0,56.56,3938.56,45,502,3,3.8423131180330876,-1.2766092910271536,3,3.7989378336171202,1,0,1,-0.5859582646638467,3.8018834914195594,0,1,1,0
43.0,32.9,1511.42,34,631,2,4.3204048469248395,-1.55341665200848,3,3.482320111595648,0,1,1,0.10795976995606595,0.03970531869746529,0,0,4,0
2.0,68.42,150.47,26,816,1,-1.9990033402194523,7.576211736748002,0,0.1610167208032709,2,0,0,-0.8051362770087315,-3.923122532609114,0,0,1,1
16.0,77.67,1314.45,56,708,1,1.5758273701896497,-3.725682629334313,1,0.8510094120076445,1,1,1,1.493503287568099,0.8320596295347582,1,1,3,0
23.0,91.52,2162.84,62,682,2,-7.611053314154417,-5.484599557951948,0,-3.2148930539917506,3,1,0,0.5988296478736239,-7.229737909420446,1,0,5,1
10.0,98.79,993.62,38,633,1,4.0513926813941925,2.951897755771624,5,-1.1382901003497876,1,0,1,0.30881804814941766,3.7884127709901554,0,0,1,0
72.0,68.28,4794.11,29,514,0,-2.3552357803314474,0.7931488016267115,4,0.35637660940930604,2,0,0,0.46856707187768765,-0.9783442224953495,1,0,1,1
66.0,75.7,4840.2,37,599,1,-2.9989931057594843,5.063205034513737,5,3.6637746587996087,1,1,0,0.08823659415633078,-5.1607048396204,1,0,4,0
8.0,28.2,246.91,73,850,4,-1.0097636526031042,-13.429302343230358,6,2.378752788370489,1,1,1,-0.62949327956538,-6.4336541975495365,1,1,10,0
8.0,75.48,611.83,57,697,1,4.7445526125002315,-4.792860731808964,5,1.2803105583329564,2,0,1,-1.1573225388116526,2.735502262400019,0,1,4,0
43.0,73.7,3429.07,33,535,1,5.231558330161503,2.8835835954680635,1,1.9165878752308205,1,0,1,0.12708635675150395,5.19167285901328,0,1,0,0
13.0,19.99,274.22,36,623,0,10.557720393764699,5.51330086914134,1,1.5018118487986765,4,1,1,-0.7612684832134596,2.6289481395564382,0,0,3,1
69.0,79.94,5171.11,18,718,2,-1.5688312987447335,0.0284954303753377,6,1.4892975772125991,2,1,0,0.3027618904092508,1.3507842315119192,0,1,1,1
24.0,134.28,3490.42,50,653,3,-7.211225844667396,-0.30934976436455797,6,1.8162178231422783,3,0,1,-0.2411783717130732,-2.5753893655236064,1,0,4,0
32.0,132.64,3949.36,41,572,0,-2.3456928689858905,3.6746101364411805,3,1.4422933026525764,0,1,1,-0.17130647527315612,1.9161357079957269,1,0,1,0
65.0,59.98,3575.19,45,468,2,2.5508699607570864,3.0397351710540943,4,2.305179119689547,0,1,0,-0.23729754583513177,4.102772590112285,0,1,0,0
34.0,119.49,4286.04,45,534,6,0.067854436550592,-0.789412469386958,6,-1.7293619643973321,3,0,1,0.0710183142752607,3.620556156613473,0,0,2,0
49.0,19.99,1043.13,46,551,0,0.2941222384896,-4.030646671821107,2,-0.4275895996290896,0,1,0,0.4937331517750709,-2.0642059846283654,0,0,10,1
72.0,23.9,1709.35,29,433,1,2.698598009062252,6.456383027763796,3,0.6979370445877209,1,0,0,0.2162852806507904,0.1655307223176691,0,0,4,0
8.0,59.16,463.42,71,785,2,0.5758792036078627,-8.054094185904594,8,3.593175297100908,2,1,1,-0.04027360291692469,-2.1671716672334638,1,1,6,1
72.0,104.6,7417.72,38,626,1,-6.40693230231511,1.7357423854949372,6,4.929162651167021,0,0,0,-0.04367218258440575,-5.232998190765766,1,0,1,0
72.0,63.04,4228.9,34,641,0,-5.062665512719428,-4.858791835186795,11,-0.027508318677016752,3,0,0,0.6237824350469979,-3.8733307951410505,1,0,4,1
42.0,118.07,4805.28,45,562,1,-1.6148202916282037,-0.798189324405354,1,0.13682642698544756,2,0,1,0.031060472359137257,1.9336608312745307,1,0,1,0
57.0,19.99,1040.68,35,550,3,3.1281856435874267,4.143526016501992,4,0.4342845941096151,0,1,0,-0.03296671866444996,-0.5714281586030658,0,0,3,0
54.0,19.99,1178.36,30,480,1,2.5511222439649854,0.056662288897292155,2,-1.1349121172149457,1,1,1,0.4560380084845471,-1.390017506577833,0,0,9,1
34.0,98.74,3488.7,38,551,0,-2.671567387025139,8.341853044682619,4,2.112930737195199,1,0,0,-0.3994411356708754,-3.4193999728397038,1,0,2,0
66.0,61.13,4350.27,39,450,1,2.753809274744209,4.805696037685284,0,1.7968616285943186,0,1,0,1.033089724845947,5.242510709950603,0,0,1,0
6.0,65.97,430.42,53,716,1,4.679645286235382,-2.9800754158901137,1,-1.387794712759884,1,0,1,-0.23798274304663447,2.266970094154824,1,1,1,0
33.0,90.66,3231.43,38,737,3,-4.100365100131435,-0.4353125014810309,1,1.389043724752013,1,0,1,0.09781049520559983,-4.795970284353053,1,0,1,0
31.0,74.09,2419.32,21,645,3,2.0677017326580263,4.948509940419245,2,-0.8265078171987744,2,0,1,1.7392289393408646,-1.9691969106584681,1,0,2,0
27.0,40.04,1099.68,28,649,1,1.7813845749635435,4.434042615098826,2,0.22568276688061006,2,0,1,-2.249456304147183,-1.7665073788911971,0,0,1,1
2.0,58.96,126.54,42,613,0,8.563741315520957,3.6465520131483196,3,1.7279942187512667,3,1,1,-0.11987642864821618,4.012843792118121,0,0,0,0
4.0,88.98,354.6,18,731,4,4.017673015414718,5.217995819689566,2,-2.541858313801252,2,1,1,0.9853712067196322,1.093031100241807,0,0,2,0
23.0,124.05,2679.55,31,686,1,-1.9872751930608985,-0.1203967815053295,6,-2.42712533735227,0,0,1,0.1342064758238212,1.5594297095541683,1,1,2,1
16.0,120.89,1783.99,58,652,1,0.3705726062648997,-3.276780432577674,3,1.1452149158980771,0,1,1,0.5498681294886163,3.7423643216237013,1,1,2,0
64.0,115.51,7323.34,37,688,0,-5.327885897922892,-2.441948839337154,4,2.0393324511606656,1,1,0,-0.10239424295726311,-1.337594334201801,1,1,1,1
13.0,65.61,831.72,61,649,3,5.691822197329918,-0.7889423826834242,3,0.2729219621506378,1,1,1,0.4218339453320935,3.2779970036186525,0,1,3,0
2.0,58.32,120.8,53,740,0,2.675499720201025,-3.2588125995159696,15,1.6681668927656448,1,1,1,-0.6296224400490923,1.3434525789282497,0,1,5,0
29.0,71.39,2030.29,31,812,2,-0.726654431857918,-1.5429887819041335,5,-1.2423281771968093,1,1,0,0.791892832166505,-0.9546734858334722,0,1,1,1
38.0,19.99,774.81,18,563,1,12.961291375084798,9.77622308123646,1,-3.5634288056307493,2,0,1,-0.9496335807409376,3.3519405575716155,0,0,10,0
55.0,51.78,2837.63,47,591,0,3.1800561500220477,-2.526395302390955,8,1.3051955153200614,1,1,1,1.1014172499573376,1.637669002256371,0,1,1,0
45.0,146.17,6325.09,43,628,3,-1.9030385258530202,0.9948318332827686,3,3.281260160484065,2,0,0,0.6583962388296566,3.3155361259693534,1,1,1,0
69.0,61.51,4424.01,36,603,3,-4.169801457842342,0.1942881985220402,1,0.24928423448012837,3,0,0,1.529008669270547,-2.796601500301748,1,0,1,1
64.0,54.46,3225.62,50,532,1,1.9693227298664886,0.9181102620838368,9,1.2155002758025382,1,1,0,0.644814196091442,2.820339559804172,0,1,2,0
12.0,139.76,1693.8,62,550,4,1.7102503642362985,-0.16617279529006648,1,-0.07189908440310688,1,1,1,-1.1498014938708028,8.454352775129141,0,1,0,0
20.0,109.48,2271.01,34,776,1,-5.516688099755374,3.0703042511196728,1,2.912328205013443,1,0,0,0.16548396185836195,-5.442861592602132,1,0,0,0
30.0,110.73,3396.83,34,796,3,-0.9503612331412747,-2.1242105000059603,6,0.1168747335148057,1,1,1,0.6019893312142464,0.31207006437945933,1,1,2,1
67.0,20.68,1398.21,32,464,1,3.3196886214868666,1.7110863688385942,5,-1.1305704734252404,0,1,0,1.198052713815663,1.3141305490143131,0,0,3,1
11.0,44.05,530.04,60,726,0,3.563423345914439,-2.796642453397968,4,-0.644106042887968,0,1,1,0.35823453091619867,0.09155968306105952,1,1,2,0
54.0,146.75,8390.06,29,575,3,-5.53697694866205,2.5763180823889975,10,-0.7253305936351329,2,0,0,0.5839977583619695,1.461867683284168,1,0,1,1
9.0,66.52,593.88,60,667,3,3.171486728560392,-0.15011696436891436,1,2.0203087338035908,2,0,1,-2.2506843827292955,0.11760904823889652,1,0,2,1
14.0,53.11,759.85,48,709,4,4.624954746929418,-2.7025144657309372,8,-0.7008260870282127,2,0,1,-0.2911643030486664,0.06660817395777822,1,1,1,0
54.0,46.68,2748.61,18,648,3,2.548076858826858,4.641480480842364,1,-1.069111021520233,0,1,1,0.0174125536299323,-2.798757479354049,1,0,5,0
1.0,129.31,135.22,45,729,1,-0.48915219767620244,1.8009943986379864,0,1.0893203902792297,1,1,1,1.6953706468911758,2.292664251940107,1,0,2,0
54.0,76.92,4398.79,42,637,1,-3.498759704125911,-3.0086112456594827,6,2.1973345585540476,3,1,0,-0.6906231182311572,-2.4807515064371906,1,1,7,1
1.0,58.67,53.64,67,810,2,-0.6574739194257867,-5.8109185342483425,1,0.40188077376083775,2,1,0,0.5138186864532379,-2.2946864973547973,1,1,5,0
62.0,58.32,3482.16,18,576,1,-0.19672232555022623,1.154111229537699,1,0.778448280710189,2,0,1,-0.24214304135074252,-0.9476984637703001,1,0,3,1
41.0,122.66,5138.77,38,646,1,-4.166449494774184,2.1078084306094524,4,3.0798598335684186,0,0,1,0.22249142124661345,-1.3407017730692103,1,0,0,0
40.0,49.18,2078.28,20,580,0,10.683059255596097,4.244314003194331,8,-3.60382245221686,3,0,1,0.8367972180946409,5.074624725671029,0,1,7,0
40.0,82.92,3457.08,51,535,3,3.7978069632569227,0.9286201214866961,1,1.0772074457374865,1,1,0,-0.5160898478855201,5.751495218927,0,1,0,0
44.0,75.74,3118.0,50,525,1,4.653193366897206,1.6011757857307922,3,1.8950985992893536,0,1,1,-0.6400005163211712,6.324124271317319,0,1,1,0
13.0,64.75,811.7,52,767,2,-0.30851257370104296,-6.247581928501717,4,2.4483095591738784,2,0,1,-0.2971376276037336,-2.360874393519075,1,1,9,0
5.0,130.23,675.69,51,751,4,-1.9275934607834264,0.6609200235652777,12,-1.5878805317251743,0,0,0,0.3667741523593291,-0.4844153871100522,1,1,3,0
59.0,76.17,4580.37,43,517,2,4.025058903548806,1.6873612795415682,10,0.8499751378719526,0,1,1,-0.864014842908366,2.870633545353458,0,1,4,0
38.0,149.99,5657.5,35,783,1,-9.286011703370363,3.096764026463112,3,6.262695008110882,1,0,0,-0.14858579261403898,-4.028818720315252,1,0,0,0
1.0,127.06,135.21,38,735,2,4.121201723290031,-3.244526819362733,8,-2.7814607060181284,2,0,1,0.4081889659022342,6.131638685134627,0,1,3,0
71.0,19.99,1342.69,18,569,2,6.338612950402604,6.519597022293189,3,-1.6258269321678558,3,1,0,-0.7524650433921188,-3.428253164576193,1,0,7,0
1.0,63.59,57.84,68,821,2,2.174113828388664,-5.015595202419338,7,0.4547496533080648,4,1,1,-1.9295624807117175,-0.9091511494096521,1,1,7,0
72.0,67.01,4927.99,27,495,1,-2.7068042037502713,-0.8375476419894188,2,-0.3261838330005443,1,1,0,-0.39055636653957826,-0.41829785705289485,1,0,4,1
2.0,109.69,216.99,69,795,1,1.8542142044043266,-10.486574225260902,8,0.6556936857538063,1,1,1,0.21382542886673322,3.3976643906014914,1,1,4,0
36.0,138.34,5408.4,46,627,0,-4.647292788508313,0.028139532494505515,1,1.7972731434410414,1,1,1,0.08684808477475742,0.33994616101409986,1,0,2,1
60.0,19.99,1149.72,30,635,2,-0.501993222089437,0.9064799435690952,6,3.10654284014912,2,1,1,0.587178510638409,-3.3441490244895014,0,0,3,0
36.0,90.05,3420.16,18,664,0,-3.541648588158324,-4.520590407847132,2,-5.076468366663304,1,1,0,-0.23609986766235164,2.1042481365313224,0,1,10,1
1.0,42.08,40.7,56,703,1,7.505094457897067,-1.4807065164748625,5,0.14749251583394918,1,0,1,-1.5847824743432994,1.8379556980949785,0,1,2,0
72.0,27.17,2141.31,35,500,1,0.9164511846422977,1.2981268169497449,6,1.714214208808674,2,0,0,-1.1624978087886684,-0.48335229086496106,0,0,3,0
23.0,80.13,1972.93,18,824,1,-3.6113155934662937,12.765116276682921,8,4.48044019293303,5,1,0,-0.04050546234880619,-9.768176651294848,1,0,6,0
51.0,106.67,5400.12,39,642,2,-7.327471056464106,-2.9542544968185522,2,0.4631220570287925,2,1,0,0.09195655859487263,-2.949437768987348,1,1,9,1
56.0,71.62,3667.6,29,564,0,4.388055511378979,2.8983996802407646,2,-0.08720483514513211,1,0,1,-1.3522472678793342,1.9362618238911842,0,1,4,0
1.0,124.56,135.05,41,778,0,2.6541233821643266,-0.5627337118468783,6,-2.4257925222004455,3,1,1,0.609778515513391,4.030551763157431,1,1,3,1
38.0,40.93,1511.74,18,654,1,4.746635841821173,5.270777573116641,4,-2.4324767986248608,3,0,1,1.7441383933305399,-3.5336977535392906,1,0,3,0
9.0,42.09,380.83,39,658,1,6.45845959855662,1.5689397179692592,0,0.7310317681647449,2,0,1,-1.665826397235949,2.1656694125902685,0,0,2,0
21.0,107.73,2460.98,44,741,2,-1.6119078947021024,-2.2425759908303062,4,-1.210459622448492,1,0,0,-1.0819784104438515,0.3655709055396741,1,1,1,1
4.0,79.4,348.46,69,790,4,-0.8462559193283697,-8.296592832921409,1,0.4006310447588613,0,1,1,-0.2091380140888604,0.019309663265989655,1,1,6,0
1.0,75.67,74.7,65,745,3,3.4445254304502844,-3.4709019242416668,8,-1.105966027779902,5,0,0,1.0811629037292552,0.006526764278900662,1,1,3,0
38.0,101.33,4088.23,21,668,3,0.4232141646998311,4.954167773110435,1,1.3219271041936653,3,0,0,-0.2821929812753643,-1.0663659694187855,1,0,2,0
1.0,127.62,116.16,29,710,0,-3.063820899762416,7.185257029611818,3,0.47286927629464637,1,1,1,-1.072516121957274,-1.1349098958737496,1,0,0,0
41.0,37.43,1578.23,25,522,1,13.023849879421942,6.902400797060517,10,-2.3906974439479374,4,0,1,-1.3634672075789078,7.210838352598281,0,1,10,0
72.0,56.36,4300.52,36,372,1,5.2657472023759695,6.521853461376019,5,1.261586109077553,0,0,0,0.040857787623381256,6.864075135442622,0,1,4,0
35.0,107.1,3737.23,23,771,2,-1.7667098266189354,-0.5430414978704418,5,-0.028887631660494906,1,1,0,-0.5519153482090762,1.2063438151519585,0,1,2,1
1.0,97.39,92.73,34,810,1,-2.5830704378150893,-1.156782386717194,2,-5.447048537533393,2,0,1,-1.6993116498575853,-1.708321692842836,0,0,3,1
1.0,84.49,88.84,38,593,1,10.647496998772374,5.582684637258053,5,-1.995860890636866,4,1,1,1.7421000173907923,8.938461597566297,0,1,3,0
23.0,63.87,1462.29,39,596,3,7.39478743399355,0.5973242285171729,1,4.096796331700164,2,1,1,1.1100042952056082,3.470994234305552,0,1,4,0
1.0,115.28,114.2,80,817,0,1.8545441084467174,-8.07020721893764,3,-0.17239685824328388,1,1,1,-1.1527857363269445,4.169985439044182,1,1,3,0
17.0,97.58,1775.54,29,646,0,3.7924707652817338,1.2918113006644818,6,-2.022229206316016,1,1,1,0.8144719784873922,2.538144015164879,1,1,1,0
54.0,47.34,2677.11,39,658,2,-0.7254099893798134,5.5611161472340385,2,3.5173873635323725,2,0,0,1.6537224410494387,-5.049031507969188,1,0,7,0
16.0,96.75,1435.55,33,626,1,3.337544612637275,2.4019024849899493,9,-1.9981984320235084,0,0,1,1.1460252119598335,3.1591783984277995,0,0,1,0
12.0,117.98,1440.99,38,610,1,3.333594880261115,1.3127210502977098,9,-1.8395067266057352,0,1,1,-0.8599754800497419,5.045268290481989,0,1,1,0
57.0,26.3,1586.19,28,421,0,11.205241934791117,6.76168787461957,9,-2.300260550177299,0,0,1,0.398686489854476,4.868632366389623,0,0,9,0
18.0,19.99,341.8,44,712,4,5.30189322250887,-2.245106720047483,1,1.6246748442232968,1,1,1,1.6998982056318557,-1.813404212731994,0,0,2,0
11.0,41.54,411.76,40,667,2,7.495164299384461,1.1114668528057179,5,-0.2541032821478154,3,1,1,-0.878267486100598,0.634280352572051,1,0,2,0
11.0,112.71,1120.37,47,739,0,0.023030610293093744,0.7496755442790938,3,2.052036972806721,3,1,1,1.733905949596211,1.6349143214834692,1,1,1,0
1.0,103.45,112.75,47,591,1,9.311257775042094,3.773237957914944,6,-1.2810369641917738,5,0,1,1.7479085544730082,7.8276612010311215,1,1,3,0
24.0,94.76,2056.63,27,658,3,-1.4242323412330502,7.904973624293474,3,-0.6445496277932984,2,0,0,-0.33439076415959457,-0.19522137196066336,1,0,7,1
48.0,55.88,2804.13,21,528,3,5.279376197516407,6.576797685902408,1,0.41352619640463306,0,1,1,-0.9676953177351979,4.127639853303988,0,0,4,0
50.0,98.44,4470.95,47,572,2,0.8637250333052472,3.7181339104285533,7,3.581103030230806,3,0,0,0.16999292468312616,1.461817461378285,1,1,5,0
42.0,54.05,2187.03,27,501,1,10.129413762378379,3.8933415607378943,1,-4.410653509078403,1,0,1,-0.6784454871010398,5.934801992075649,0,1,5,0
1.0,55.29,59.74,65,701,2,4.518975710638063,0.08522365280614011,1,2.0456275712849505,2,1,1,-0.5612290148690279,0.48005618026458546,1,0,2,1
1.0,77.62,79.49,60,850,2,1.9202361782304977,-2.0806567049089084,1,4.605186844181734,3,0,1,-0.2532800485898037,-2.7426713367232565,0,1,1,1
41.0,101.63,3762.8,40,554,1,-0.2392913117562814,3.803693796055255,13,-0.6526354602852494,0,0,0,0.231223833882433,5.840774647128366,0,1,1,0
44.0,127.24,5987.43,39,614,1,-6.673594683251712,5.256535172915598,2,3.592819258860018,1,0,0,1.9092722873518748,-2.61747640600279,1,0,2,0
31.0,19.99,662.7,34,616,0,5.361459709265492,2.0223595321683026,1,1.6651831170753204,3,1,1,-0.7681649783712776,-1.3472748246092672,0,0,4,1
27.0,134.92,3354.72,31,698,3,-6.298043467795368,1.7269444086127375,8,-0.8665865505452663,1,1,0,-0.7669904061894643,-1.9003943933723653,1,0,3,1
60.0,33.8,2061.16,41,504,4,4.28761208463957,3.3088552027023557,2,2.9926889627874393,1,1,1,0.43159427905943526,1.2893298055920506,0,0,1,0
25.0,82.95,1991.78,43,796,0,-3.6075067542447323,-4.151096410901615,8,-1.5536086802644795,1,1,0,-1.4985909575189418,-4.609635954625334,1,1,3,1
29.0,85.31,2428.4,35,459,3,3.505544929898192,4.838049589202453,0,-2.308630452162918,2,0,1,-0.6430686589892839,2.273964714956184,0,0,0,0
1.0,104.36,102.94,44,850,1,5.600549339429805,-2.6592335141068384,12,-2.025399821281718,5,1,1,-1.649955889667512,1.0892094752919002,1,1,6,0
1.0,99.83,102.54,69,714,2,2.7072749906639366,-4.280630483657126,4,1.2660482746296975,4,0,0,-2.7606972744084337,3.15154168442405,0,1,6,0
66.0,141.6,8778.93,34,538,4,-7.297407546588594,3.3468247973436887,4,3.85663135552783,1,0,0,2.943647693574264,-3.263706503981439,1,0,2,0
72.0,55.81,4287.14,37,471,1,-7.0915117050661545,-9.374751389004489,0,1.4005467914887075,2,0,0,0.6858544335812662,-2.9938228747372126,1,1,10,1
19.0,108.77,2061.41,55,603,3,3.3560488853539376,0.08823032772465302,4,-0.11523047193009106,0,0,1,-0.5113037236554052,6.2076556166589745,0,1,2,0
46.0,81.17,4044.03,18,726,2,1.1402310654138652,5.715201025332065,1,0.20722863156594729,3,0,0,0.6268841034966113,-2.458190490897522,1,1,4,0
25.0,82.56,2088.41,53,661,1,1.3993878382140255,-3.1264354542988397,3,2.778772897799867,0,1,1,0.9975599833077878,3.001858973382935,0,1,5,0
32.0,69.06,2400.56,21,668,0,5.874354343856336,4.148783406956232,0,-0.5042456304828401,4,1,1,1.8891965811098712,1.4675894744958682,1,1,4,0
59.0,56.02,3170.11,32,631,1,0.5079473507599951,2.473202889224581,3,2.3351035172584984,1,1,0,0.6265044252705317,-1.3922047597456544,1,0,3,1
54.0,104.64,5533.48,31,474,0,2.966903867765946,2.682512276695639,0,0.8991881455498001,1,1,1,-0.5646099760461474,9.511048754191368,0,1,2,0
15.0,74.81,1159.67,29,646,3,5.50691641934052,1.2145884189859142,0,-1.1742059187183016,4,1,1,-0.8525558555275211,1.958881114060149,1,1,1,0
1.0,57.47,57.38,53,850,1,-1.4000678308970713,2.044827275778113,12,4.503788336239901,1,0,0,-0.9978370448817359,-7.553736464214888,0,0,2,1
50.0,79.06,3845.03,45,687,0,0.9903907863302318,3.521503765624276,2,3.693139208916026,0,1,0,0.09090639724566035,-0.8476057343810612,0,1,8,1
68.0,67.13,4213.21,44,616,1,-0.9561856740534217,-4.84603383512323,3,3.7920165689354333,0,1,1,-1.0133030274436696,-2.734988171491069,1,1,3,1
1.0,48.24,43.86,78,730,3,4.316655674494271,-4.871537079506257,6,0.29234665627089995,1,1,0,1.1917601211469642,1.8990319554038986,0,1,1,0
28.0,140.05,3666.41,37,690,0,-4.217535136428248,1.6531510384391066,2,-0.038996446486260106,0,0,0,-1.4528556090837441,0.4543890413913721,1,1,0,1
1.0,109.59,110.37,28,776,2,-0.2814227345637122,6.464129085317414,0,0.18266515483221957,3,0,1,0.6856300342260211,-1.206894584492566,1,0,1,0
1.0,81.32,83.59,24,824,1,2.345837190919203,4.004760833986157,0,-2.5117365886822425,3,1,1,1.1070924490726382,-1.7844857597707988,0,0,0,0
59.0,19.99,1096.71,31,660,0,1.2043448729503095,-1.5514017105781128,5,-0.6923950913614975,1,1,1,1.246129489447437,-4.358411957291805,1,0,2,0
20.0,90.5,1901.44,63,637,2,3.340058027632339,-2.6924037644892427,3,0.062401449879519344,0,1,0,-0.012624678415391614,5.367200957029283,0,1,0,0
1.0,105.3,110.1,80,799,1,1.5604781086615196,-6.384059067645753,2,-1.1174828642585362,3,0,0,-1.075463894423159,2.775819812373988,1,1,3,0
10.0,48.0,499.52,52,684,4,4.185829207592471,-0.29663846176564507,2,0.8643964107279276,4,1,1,-0.22527507342336842,-0.20316219520822293,1,1,2,0
53.0,38.83,1901.88,46,587,3,4.510171278313908,-1.1243945671063194,13,2.131658378664113,1,1,1,1.5569608292280197,1.810635749927401,0,1,1,0
26.0,19.99,570.04,44,707,1,0.4430257945172828,-1.1147991571670366,1,0.4826686754374906,1,1,0,-0.37309086098218114,-3.612758651655039,0,0,4,0
71.0,108.43,7726.48,37,524,5,-5.565511431424654,3.908683402284562,0,4.923110884166046,0,1,0,0.34929268158339405,-4.672931894924052,1,0,0,0
30.0,93.65,3008.94,32,850,1,-6.075670882885299,-1.1319840353449537,1,0.7279555402060017,2,1,0,0.92548854274229,-6.7248560689293155,0,0,1,1
23.0,149.77,3471.46,26,656,3,-4.455687550891818,1.3853344939164012,2,-2.8082519913025306,0,0,0,-0.3296962857929145,2.3427731690926312,0,1,5,1
44.0,75.87,3228.51,36,509,2,5.281140774407994,1.080168297687838,1,-2.426488279386351,2,0,1,0.19390772144700158,4.223272382843637,0,0,2,0
72.0,66.5,5128.22,32,660,1,-4.761297087676886,-2.450851111148438,3,-0.1202286716225206,4,1,0,1.4405522817765413,-3.245757300029513,0,0,2,1
27.0,79.09,1949.87,18,744,3,3.5099987118245957,3.4267951160387407,12,-1.991178847681093,2,1,1,0.6713449331890387,-0.5962874472592361,0,1,2,0
44.0,40.01,1888.63,36,696,2,-0.8876523661668043,2.715187597901286,1,1.6979111044232944,0,1,0,-0.14533796317564732,-3.3203414850162476,0,0,1,1
46.0,111.52,5042.08,29,505,1,1.4463207781153906,3.0890074408966113,2,-0.15855963792237404,0,1,1,-1.5207345283644258,2.262200385934418,1,0,0,0
2.0,149.99,287.99,32,753,4,-7.832272128458261,3.5020224904274166,5,1.7046707123058964,1,1,1,0.5405635765509608,-3.9332604501539823,1,0,5,0
14.0,64.07,909.32,50,703,3,2.3326477863530606,-2.10295592296425,1,-0.854541558329378,2,0,1,0.5531695873441455,0.2963646816596804,1,1,1,0
32.0,83.74,2582.67,54,555,5,3.921195994410885,0.37397417252231085,1,0.4748996354995229,0,1,1,0.2716610941017863,6.958508423567247,0,1,0,0
17.0,77.68,1369.47,18,806,2,-0.25045236218254746,7.7579596637879735,2,1.4753997522760764,5,1,0,0.5640178028018247,-4.871984628047443,1,0,4,0
25.0,109.3,2500.32,46,668,4,3.854356751441679,-5.304083496170814,5,2.3050154332494377,1,1,1,-0.5627495957155092,6.2411328502264745,0,1,4,0
22.0,19.99,430.86,45,626,3,4.555090018739359,0.6818602480316915,2,0.5640431082584536,1,1,1,-0.18749700455378476,-1.5448850850726208,0,0,4,1
6.0,61.25,342.05,58,767,3,1.460139735763188,-5.748698608108254,3,2.696877100107828,1,1,1,1.4809007226469588,0.8342166543122334,0,1,6,0
15.0,94.21,1313.44,24,612,0,0.06642472028894301,6.822007996601344,2,-0.5827515017800998,1,0,1,-0.30267319398948883,-1.6972668187492594,1,0,0,0
51.0,19.99,989.76,42,619,0,5.261288458446738,2.896191147651731,1,3.078814620019187,1,1,1,-1.2149954169721153,-2.173052834300599,0,0,5,1
60.0,64.61,3636.33,41,711,4,-7.825264697842271,-5.20551029669897,2,0.08451810619042555,4,1,0,0.6181571345164688,-9.036159205723793,1,0,3,1
41.0,133.12,5153.07,39,529,0,2.015565517462729,0.41423928658386994,2,0.08103949930859045,2,0,1,-0.9902422329314164,8.44285373368489,0,1,2,0
21.0,26.12,501.62,45,790,1,1.8883232131675638,-7.876674728442896,6,2.235421748543288,1,0,1,0.3203468191304495,-4.189381584231732,1,1,8,0
43.0,109.83,4432.87,29,686,3,-2.9033194377574594,3.30753953287903,3,0.5498767346746969,1,0,0,0.9896832401822568,-0.44781082891352175,1,0,4,1
32.0,85.57,2824.82,43,754,0,-3.974662052901989,-3.8095276564847014,0,-0.6115858838679685,1,1,0,0.36488038385123256,-3.117468472827083,1,1,4,1
63.0,75.51,4878.06,23,599,1,0.059852393265875985,0.7317563304399171,0,1.5439310957482526,3,0,0,-0.8283270543725088,0.3232465826711308,1,1,1,1
38.0,86.23,3400.68,49,665,2,1.5043604745237857,0.01230616588461936,6,2.2616618655863934,0,1,1,1.0681385275446083,2.3565100707955806,1,1,4,0
43.0,50.68,2088.67,72,613,3,3.0756258463337227,-4.976930464345206,2,-0.23737367817154909,2,1,0,0.3996413463415652,3.836644859759514,0,1,2,0
25.0,88.83,2043.63,52,602,1,1.4226820600841625,-0.4062367361283486,8,1.3030095476362915,1,1,0,0.5849859917152077,5.258122260619228,0,1,4,0
1.0,66.28,71.13,52,683,2,2.843692470312206,0.12533587074346764,6,1.1989935462753762,5,1,0,-0.6859089811327167,0.2171920342020658,0,1,6,0
16.0,117.56,1803.04,39,597,0,0.9297222092903236,0.9968365644329099,7,2.8561933959983516,4,0,1,0.5559294004659395,5.437167935651457,0,1,10,0
1.0,80.52,78.93,42,755,4,-1.5836255645959156,2.1746840272360295,3,-2.511658558698564,1,0,1,0.7628546887390286,-0.8846392109668593,1,0,2,1
1.0,130.43,128.87,47,752,0,2.54065818273925,-2.2336406365718258,9,-1.775453247703335,0,0,1,-0.09894121023881156,6.941098209423618,0,1,1,0
42.0,49.98,2243.9,31,642,1,8.285737830635705,2.4966538726495755,4,-0.942225285775616,3,1,1,0.8357575731634158,3.2144156456870387,0,1,7,0
11.0,80.08,828.16,43,658,1,5.581142819853492,-0.42248362667154077,1,0.7193191310889369,1,1,1,0.0647942285350882,4.459084644784271,0,1,1,0
1.0,100.99,106.56,61,674,0,6.687138686927029,0.5098144817873737,2,-2.1970538304899625,5,0,1,-1.0964720256271636,6.517702521423505,1,1,1,0
27.0,47.16,1335.67,42,643,2,4.491326879470666,-2.1975965609327455,5,1.0451185112236225,4,1,1,0.34506273118684166,-0.30487001485605447,1,1,5,0
62.0,33.96,2275.66,27,659,3,0.9391576349860906,-2.0847459955023337,2,-1.7964477767362825,4,0,1,1.5178946671222158,2.609012227219081,0,1,0,1
72.0,49.84,3524.31,47,623,1,-5.646174257899478,-6.6515870299080015,4,2.2607227069922415,3,0,0,0.08105620137334615,-6.834587422106335,1,1,3,1
28.0,71.89,1834.14,25,614,0,5.305479675474751,5.270380623572336,0,-0.8979372008791559,3,1,1,-0.20514539639814325,1.4903071803301933,1,0,4,0
35.0,86.33,3096.96,25,619,0,1.023368856434398,2.985900956891184,4,0.07770866572129476,2,0,1,-0.16777473217445488,-1.8870105877871672,1,0,0,0
32.0,95.01,3112.83,24,676,2,-1.395618510591758,3.3676994094311836,3,-0.36258841479861703,2,0,1,-1.8836180385338321,-2.7715762487754354,1,0,0,0
72.0,80.85,5828.26,18,587,0,-5.723805637533972,3.5934821338773366,6,0.890469522195204,1,1,0,-0.03452556733684468,-3.4248470488744327,1,0,0,1
27.0,149.99,3682.0,50,771,1,-9.569785249882013,-0.9901402456858722,10,4.916795367765427,1,0,0,-0.38003446439234545,-2.098607286484867,1,0,2,0
27.0,102.73,2706.43,23,785,0,-4.4315467963902195,-2.286114369337881,4,-1.9426332838863511,0,1,0,0.610148531410602,-1.4750925915100468,1,1,6,1
1.0,90.89,87.13,52,701,1,4.34318329700538,-2.7546651851157034,2,0.6531352207157443,3,1,1,2.5041606013362703,3.706459008887841,0,1,4,0
31.0,83.11,2416.44,71,597,1,2.062867666867164,-3.1479733919320485,2,-0.31421353390412576,2,1,0,-1.6714410607397483,3.3649266445027326,1,1,0,0
18.0,36.76,707.18,30,660,1,6.622397242404272,0.6984050707461247,2,1.0176055878245553,4,0,1,1.480476733960506,-1.4277640087194816,1,0,2,0
54.0,27.08,1372.03,38,564,2,10.065939791629532,2.355815333532959,1,-0.3349029100814144,2,0,1,-2.3283515687743606,4.535194513453696,1,1,9,0
72.0,40.81,2855.3,37,469,2,0.473886770042824,3.6430970193515617,1,5.6279686144165115,0,0,0,-0.8399866244652847,-3.624818943651736,1,1,8,0
2.0,132.35,261.01,46,640,1,-4.055248384782932,3.0109635612529115,2,0.17575368936216595,1,1,1,-0.6964541454920218,-0.6035329183550301,1,0,3,0
1.0,88.99,80.95,19,733,2,-0.27188065251227217,9.458923844585861,4,-0.938653537205124,3,1,1,0.05122678246271744,-3.9788296362189426,1,0,1,0
52.0,19.99,1057.77,69,583,2,0.18419351164940326,-13.92337649689378,3,2.4698648206997302,1,1,1,1.05855524894036,-4.036325222434502,1,1,10,1
63.0,28.12,1638.74,33,474,1,5.16360612453085,4.452448930987028,5,2.4478002677506314,1,1,1,0.3688524125342313,2.338351254960033,0,0,0,0
27.0,112.37,2801.81,44,597,1,-1.55128268113218,3.383862648123992,12,1.379723723602567,0,0,1,1.0331148015483773,0.4297203237703175,1,0,1,0
72.0,19.99,1452.5,28,350,0,10.271311766453918,9.867455101846604,7,2.9692473673278963,1,1,1,-0.4360366732963954,7.354416658614636,0,0,9,0
40.0,104.4,4009.46,80,594,0,1.206499806461968,-8.044771427510124,1,3.6431658669306817,3,1,1,-0.21952709095055534,7.954191720805441,0,1,6,0
34.0,92.88,3198.55,41,543,1,4.308875562198461,2.324434753120513,1,-0.7087975100406981,2,0,1,-0.7351803221074122,3.9402017896471215,1,1,2,0
6.0,105.76,621.4,47,669,3,1.8900503088786609,-0.4395182150021813,2,-1.992988329336261,2,0,0,0.7913984396218451,5.886851927781014,0,1,3,0
57.0,19.99,1105.93,27,511,0,6.844868320724685,8.11428159766553,1,2.195970184531951,2,1,0,-1.8209510315422894,-0.06472104743573802,0,0,3,1
62.0,85.88,5158.09,38,490,1,2.061089872670407,2.774206782479549,1,1.111592139805773,2,1,1,0.0017284228485352907,2.56869659289433,1,0,4,0
34.0,93.06,3059.85,39,710,1,-3.8030559015127134,-2.210471665903152,13,-1.5202902772577978,2,1,0,1.7774012523685103,-2.3636142936196904,1,0,2,1
1.0,65.8,66.74,18,850,1,2.12829029172153,6.078338583695833,1,-3.3192673554235825,4,0,1,-1.765748708108939,-6.3680065008570415,0,0,1,1
43.0,41.51,1767.3,24,683,2,-1.5746368132608388,-5.104264978565498,5,-3.3667402423659762,1,0,1,-2.2410141244547774,-0.13088038829952484,0,0,9,1
34.0,82.02,2621.51,45,705,1,0.009550204193122105,-2.2268994016530756,8,-1.1367787859043919,1,0,0,-0.49691007018699274,0.8336052624332027,1,1,1,1
72.0,68.15,4931.04,31,696,2,-6.444015179141078,-7.656527782857613,7,1.8989252180359903,0,1,0,-0.6174832712237202,-6.771586512051091,1,1,8,1
72.0,29.24,1928.24,18,404,0,3.2297795979165844,5.365465982418005,6,2.457596268014838,0,0,1,-0.08563946293014314,1.4742830913090945,0,0,1,0
28.0,77.36,2317.22,51,649,1,3.274352710045096,-4.348787199927555,7,2.342543184111912,1,0,1,1.0708208841419453,3.5222875835950984,0,1,5,0
19.0,109.63,2199.91,48,604,4,3.0326099294608513,1.7280042876302395,1,-0.14554217113517032,0,1,1,0.30078133909475163,5.6680406888985075,1,1,3,0
19.0,55.37,985.84,62,830,1,-1.8109358458510136,-13.023319526621354,1,5.6218648280030115,1,1,1,-1.190682358318531,-3.199996365991238,0,1,10,0
23.0,38.12,892.27,46,560,0,9.10899258155616,2.5567522344994678,2,2.245561318249585,1,0,1,-0.11546578805281842,4.175942001632084,0,0,1,0
20.0,106.71,2286.7,42,753,1,-6.9506727544654225,0.5631677990597355,3,2.31001479261039,1,1,1,0.27060057326448667,-6.149880592931337,1,0,3,0
2.0,30.96,57.5,45,744,3,3.3208329585227125,2.5265184465567163,3,1.5571560291497812,2,0,0,-1.289084571300476,-2.3982130446808054,0,0,2,1
72.0,87.77,6933.46,42,392,2,-1.8149208671828359,1.8347988881480204,9,1.9269012620325188,3,1,1,-0.8370352024565603,-1.2242777015088722,1,0,1,0
54.0,41.79,2127.47,48,518,0,4.1643663654209675,1.952454008667913,3,1.1179319009062245,1,0,0,-0.0488439785859745,2.6825845076524635,0,1,1,0
49.0,71.26,3317.66,18,628,2,4.0310141889518425,3.444930488479564,0,-2.8848483231477697,2,0,0,0.5772214695462293,-0.5305351672619993,1,1,2,0
24.0,71.84,1595.9,44,611,2,3.720355418573037,1.3901631705104378,5,1.4907896658960855,4,0,1,-0.21560457608154102,1.7830978331062652,0,1,2,0
35.0,75.97,2701.71,50,506,1,3.7472301214437045,5.383442687453578,0,1.2566194060543316,1,0,1,0.12288130607284213,3.152568898903343,1,0,5,0
72.0,35.99,2610.6,30,523,1,0.8038458798566793,1.9809681945923852,2,-0.4110666159931139,2,0,0,1.1651171496838664,0.6766889693146759,1,0,3,0
13.0,29.0,413.98,42,784,0,2.6053837641084376,-3.745576627407963,4,-1.5624890875980642,1,0,1,-0.43143509808677916,-3.7364048206820826,1,0,0,0
1.0,144.42,146.32,35,803,1,0.9017510009004052,0.02403031895967238,5,-4.333324207892326,2,0,1,-0.20037078149479304,5.048717399307457,1,1,0,1
67.0,80.38,5325.78,46,479,3,0.002928704011760952,1.8691866553132797,1,1.836014582532862,1,0,0,-1.7631902529944108,4.338856911516896,0,1,2,0
56.0,58.36,3143.4,64,651,2,-1.7555022312881714,-6.973219312568482,8,3.238707550324406,4,0,0,0.37478904786291123,1.5204287833299646,0,1,4,0
18.0,143.1,2708.25,45,636,2,-3.2979822275828194,2.6848328963267782,6,2.7846476750836024,1,1,1,0.07595110533221376,0.6828854399769976,1,0,1,0
36.0,81.74,2912.71,29,536,3,4.818401758501936,3.9777489192531523,3,-1.8013240301686002,0,0,1,-0.9334213972005915,3.507568339187793,0,0,3,0
16.0,84.23,1264.34,35,493,3,10.230458582453403,7.613182989021091,2,0.4125283561315074,2,1,1,1.4062351039421817,9.762392419435255,0,0,4,0
65.0,71.58,4853.9,47,718,1,-7.3671289801573145,-5.695514688637227,9,1.9540704362594243,2,0,0,-0.14779896385531022,-8.530055524243705,1,1,4,1
36.0,98.18,3204.65,37,531,0,4.22964238340695,2.608825341938323,5,1.524056343543439,0,1,1,0.7129861506472212,7.797679462290629,0,1,2,0
56.0,64.32,3435.09,43,419,3,6.566321007284775,5.785820011242764,14,0.4502741470869808,1,0,0,1.0368293298160725,7.226203876270433,0,1,4,0
23.0,99.02,2376.1,31,571,3,3.793840570481123,4.627889052694359,1,-2.4830556004417503,1,0,1,0.4161344739577545,3.74376841157703,0,0,2,0
72.0,30.91,2294.48,31,350,1,4.886601527375839,9.708418927052819,5,1.909610947328281,1,0,0,0.9023123560677844,-1.6769378326092819,1,0,9,0
22.0,73.17,1452.24,33,500,4,10.97853765902055,6.3875241751176235,6,-2.034646364672167,3,0,1,-0.8192543294809566,8.118320095928146,0,1,6,0
31.0,122.93,3779.65,33,805,1,-3.9610201197642203,-1.8380261680557575,2,3.159829043834201,3,0,0,1.3741342729806034,-2.705270209797797,1,1,1,1
28.0,137.15,3727.66,80,760,2,-5.191184437901084,-14.65674497077459,9,0.3872590040410724,4,0,0,-1.4535622713223357,5.1266372101964715,0,1,5,0
38.0,61.52,2425.71,36,647,1,-1.3390108624600616,3.695646945386283,5,0.19323062295331794,0,1,0,0.4927515820221371,-2.104442545993245,0,0,1,1
64.0,30.41,1941.64,18,646,3,1.552688042959362,5.886946817617453,6,-0.48749346602750754,2,0,0,-0.9617448173945071,-6.466822245126842,1,0,5,0
32.0,20.95,666.14,51,726,1,4.777102238473007,-1.7262843538364445,3,4.526818063136296,1,1,1,0.14803746088490083,-2.320050311191474,0,1,2,1
72.0,19.99,1503.5,35,492,3,1.5494690433202036,2.7329507823105024,0,3.6303824770463056,1,0,0,0.3638509288465177,-0.7982796825114606,0,0,1,0
1.0,97.7,98.63,57,750,2,5.811489783380919,-2.554153845384237,1,-0.35188741816039737,5,1,1,-0.9238205548380338,4.810151655652353,0,1,7,0
6.0,69.55,416.48,33,615,3,7.670328904955229,2.5178819267558175,3,-0.037084612740196365,4,0,1,0.5119369844706474,4.334574476909349,0,1,2,0
62.0,89.36,5826.32,40,647,4,-2.7210763620744687,-1.5934186113792126,8,2.547395346833341,1,0,0,-0.400070935495389,-1.3200537660112153,1,1,1,1
1.0,106.72,116.72,80,850,2,-1.8346494570646643,-16.626986555179965,6,2.3872216594913778,0,0,1,0.01901016747938362,1.1868594460967947,0,1,10,0
11.0,119.57,1232.74,42,773,2,-7.779323201368515,0.8892500578058771,3,2.7770971426279223,1,1,1,-0.20755858859075815,-6.816887711338648,1,0,4,0
38.0,89.94,3751.47,39,664,1,1.9307107139705908,0.9959783378247095,6,0.9772483170292151,1,1,0,1.279543296955547,1.1571975826890217,1,1,3,0
1.0,149.01,136.67,50,710,4,-1.669282919203253,1.0800447112489466,2,0.42988669086057657,1,1,1,-1.8019810812383081,2.799929064550843,1,0,3,0
72.0,103.17,6788.16,30,573,3,-6.129881500041326,-1.8252149285028691,1,1.0919682567450313,0,0,0,0.10495853435712274,-1.9913526206967913,1,1,2,1
34.0,91.41,3265.07,36,665,1,-2.2231950920832597,3.4274825769320048,3,2.38143700386632,0,0,1,0.2261159047163063,-2.807966558605877,1,0,2,0
29.0,19.99,604.44,18,636,0,5.0290321783533924,6.776581448534141,2,0.4034182728887498,1,0,1,0.16566000513267834,-2.7369278062453097,0,0,0,1
52.0,59.7,3309.35,18,849,1,-3.995294986550766,-0.7877529974668955,0,1.463527304166508,2,1,1,-0.9480182291985103,-4.6566288152694755,0,0,1,1
67.0,49.41,3228.28,28,457,2,3.0875499469601952,7.108259570823791,4,1.241614294611166,1,1,1,-1.5029618949998713,-2.1542624124091185,1,0,5,0
72.0,105.0,8119.92,49,411,1,-4.897131105930207,1.9449047347102268,6,5.427353987080397,3,1,0,-0.6233540260376959,-1.6146166289970643,1,0,3,0
58.0,55.62,3485.83,29,711,3,-5.268700328204514,-3.388029954537677,12,-1.2581106966095503,4,0,0,1.662708272112031,-3.445047438213195,0,0,4,1
6.0,74.07,427.68,55,661,2,5.728188626209783,-0.05500212069051842,1,-1.736541206450009,3,1,1,1.7416686630846845,2.7640485983718457,1,1,4,0
44.0,40.6,1611.58,47,621,1,1.6780121208323742,-0.5647346997064954,1,3.6948217090592403,1,1,1,-0.11498624815173852,1.0374349112694627,0,0,4,0
1.0,138.22,126.66,27,847,1,-0.9134652903463959,1.4701661199484914,3,0.6792780716928516,4,0,1,-0.118742486855484,1.4479405571467054,1,1,1,0
20.0,36.99,731.23,49,659,2,1.0310318302667505,0.1860232428758016,7,0.13188003174819796,1,0,1,1.4937850346599664,-2.662765927989127,0,0,4,1
11.0,84.52,895.25,45,850,2,-4.888706626307687,0.7515035432121046,5,3.0564135210630683,0,1,0,1.793442835758967,-6.629767411079278,1,0,1,1
46.0,74.62,3701.97,29,586,3,3.2835758211497152,6.293156565969581,2,1.444223959986131,2,0,1,-0.6586966230437201,0.8487703781505909,1,0,6,0
72.0,67.76,4596.5,26,547,0,-0.5370007831392196,-0.5544054548463601,2,1.742039650046252,0,0,1,0.8116106935539891,-1.1540205091499331,1,1,2,1
35.0,76.39,2534.16,18,749,4,-3.0819171785437525,5.95882504864811,4,1.640109850728777,1,1,0,-0.05143801012439347,-6.139137456239794,1,0,3,0
31.0,59.47,1873.02,53,665,2,1.9023435184806532,-3.982874528932808,7,2.2584490740121224,0,1,1,0.8293846034181037,1.7293173474880783,0,1,5,0
15.0,119.09,1889.9,51,688,1,-1.70917396220126,2.460729115641584,2,2.9112332240139382,2,0,0,-1.694322701295469,0.5606260927384394,1,1,1,1
31.0,78.31,2186.43,37,736,0,-3.632560535250938,0.4826200177760663,1,1.4656153469341333,2,0,0,-1.0448235784237263,-3.5203556838637704,1,0,2,1
46.0,59.13,2588.65,48,350,1,8.812587155175944,5.061889979085705,6,-2.206030629724404,1,0,1,1.6506665294135237,6.8350386920887205,0,0,5,0
1.0,87.2,86.89,79,779,2,1.1848860048257412,-7.567762083228574,6,0.13234827150401574,0,1,1,-0.9136577304054969,3.304031132785327,0,1,4,0
30.0,106.66,3208.46,20,690,2,-0.7014309424375148,4.2504689165328235,9,0.23637928330764502,2,0,1,-0.7445170682756336,-1.8206843151606078,1,0,0,0
62.0,65.19,4123.94,41,593,0,-0.6212060097806824,-0.03468924184545037,1,2.218992930169276,2,0,1,-0.833825239431887,1.4116706288257856,0,1,0,0
1.0,149.99,148.99,25,850,2,-7.835780680933157,3.339482075863947,6,0.9066864061565434,3,1,1,0.5832439363506844,-4.110530463870284,1,0,6,0
18.0,96.93,1822.32,18,737,1,-3.172213725317007,5.463559079238601,2,-1.3237114614345984,1,1,1,0.2169829773736014,-6.016893200758738,1,0,2,0
8.0,149.99,1215.86,43,595,2,-4.337684552974349,0.7022471686083968,2,-4.029798985153123,1,1,0,0.9714682517482662,4.940727466241236,0,1,8,1
49.0,47.52,2249.75,39,746,2,-3.1768052339652666,-5.393634668666548,10,-0.1363223193333295,1,0,0,-0.821065192206395,-4.886845995194523,1,0,3,1
8.0,91.32,767.73,50,590,2,9.997839869850962,2.2706520027646224,1,-1.580406772120515,3,0,1,0.08454825460003243,11.08992871263344,0,1,6,0
7.0,84.5,548.58,25,815,1,1.9795388199097996,3.3657582382241253,2,0.5384002891423892,4,1,1,-1.1409126533287863,-1.5447094411817417,1,1,2,0
1.0,82.04,83.58,80,783,1,0.23834109359850472,-9.134100122874898,7,1.9529661366878988,0,0,0,0.58340775209019,1.3997109141736255,0,1,6,0
36.0,111.87,4313.93,27,778,2,-7.588078996912371,6.993179417110242,3,5.89092145473157,4,1,0,0.6916242358233948,-8.317595480631667,1,0,2,0
59.0,70.27,4018.66,52,659,2,-3.2225450701356513,-3.081909729002239,11,3.7367519270850615,0,0,0,1.6266182385736925,-3.625531583706193,1,1,0,1
13.0,87.92,1041.3,66,787,1,-1.8985293540395112,-10.54213065113457,4,1.0897876463714071,2,0,1,-1.2397605116972157,1.5921361222235584,0,1,8,0
26.0,84.69,2112.49,49,742,1,1.079332586698409,-7.2875988688684545,1,1.6379094792137625,1,0,1,2.5350497316839964,0.7949546455842653,1,1,4,0
1.0,109.13,112.45,50,670,3,2.760002183279696,0.30580938077699255,7,-1.8904563840718662,1,0,1,0.7223641770371731,4.248112819868385,0,0,1,0
72.0,90.32,6969.45,24,631,4,-9.009664484124325,-3.784442401222165,3,0.7455601121465018,4,1,0,1.615356398969254,-5.822340355486183,1,0,5,1
72.0,19.99,1343.66,44,473,1,0.3605814690637355,-1.0595030626636555,3,4.200164866535355,3,1,0,0.03327407780828618,1.2373504832399358,0,0,3,0
1.0,106.9,113.6,18,828,3,-3.3391145264715645,8.075934381611479,4,-0.7627026688447499,2,1,1,-0.9122116733522876,-5.064125940838543,1,0,0,0
1.0,115.46,125.96,36,680,0,4.648442521229724,1.762175985057852,9,-2.8223270318733635,2,1,1,0.19591577272040786,5.248943883514719,0,0,1,0
11.0,65.66,746.94,48,630,2,7.8990913989946865,-0.8253440040468458,5,2.0445940968399006,0,0,1,1.20207965907886,5.991839782148616,0,1,2,0
1.0,116.45,113.28,38,850,1,-2.9650083286203497,1.088214279764197,1,-1.6199259486257458,0,0,0,0.27476886664481026,-2.1363059245707694,0,1,2,1
50.0,37.12,1833.31,31,639,1,-2.271059674045445,1.6972261694541044,3,1.1098344560038311,0,0,0,0.8858812640045411,-2.565390257340267,0,0,4,0
1.0,79.01,76.43,39,850,1,5.87379367004278,-0.3905643223845377,1,-3.97947349709534,1,1,1,1.2093475979284476,4.706174102147231,0,1,5,1
66.0,45.35,2822.96,41,559,2,-0.48199027349352425,-0.49500307924301934,2,1.7290876085283036,0,0,0,0.5332065920491122,-0.2693628309581457,0,1,3,0
1.0,149.99,143.6,33,844,2,-7.700520481726032,-1.6834385825136111,9,-0.030970130209918678,1,1,1,-0.9649468623262338,-4.517317848057811,1,0,9,0
43.0,69.89,3304.66,38,647,2,3.226833664664169,2.3738473555617023,3,1.2991589796448473,2,0,0,-0.5925748898483245,0.1394216708650042,1,1,4,0
6.0,96.55,548.55,27,697,1,7.756082642535889,-0.94504821486779,9,-4.402994918563983,2,0,1,1.186342868955609,5.6761362704430525,0,1,1,0
20.0,57.6,1162.97,48,772,0,0.5655549360422175,-5.387894664494761,8,-1.0137167809078784,1,1,1,-0.7750128464981709,-1.0845522052107166,1,1,1,0
32.0,111.34,3910.29,32,646,4,0.3182523962987534,-3.2067674476368944,10,-3.468051981290098,1,0,0,-0.0036161253118272216,5.610307284116683,1,1,5,1
66.0,65.08,4229.04,38,444,4,4.139266223459424,3.9329310710898078,5,0.7594841922114361,0,1,0,1.1264017731524238,6.343426800454742,0,1,2,0
44.0,79.88,3734.81,24,801,1,-2.3766505569678475,1.5913348753813323,3,1.9855520722099786,2,1,0,-0.19326214383272394,-4.670492738162979,1,1,3,0
72.0,77.79,5778.6,30,390,1,-3.680272750086752,1.7909943673041322,2,-3.029024467971582,1,1,0,0.3193607169207125,1.100202592079971,1,0,6,1
4.0,89.98,349.12,38,628,0,6.329178399080979,0.3385421681840334,6,1.949694581893691,3,0,1,-1.7530345342162124,6.314773525292831,0,1,6,0
31.0,88.28,2488.73,43,552,0,4.338187679626969,1.2251330987719822,3,4.347306892787184,1,0,1,1.12844519798667,6.406444752656344,0,1,6,0
70.0,93.05,6050.93,63,561,0,-1.188795917078144,-5.802186329088652,2,1.2942924637210396,4,1,0,0.6138626249427075,5.04337412123489,0,1,1,0
22.0,134.94,3060.22,36,769,0,-4.226103257985917,2.4788595693878306,7,0.3503795813946612,1,1,0,0.3003022660112235,-0.9565294939009227,0,1,1,1
23.0,97.2,2158.47,72,716,1,-3.1863629812448635,-7.71468092394718,9,3.116532206860007,1,1,0,0.30082156812950045,1.1000691724706848,0,1,10,0
1.0,129.06,132.98,42,850,0,-3.398542027594099,0.5827340378505133,2,-0.12839850213490134,2,1,0,-0.7898187008318348,-3.763276294467506,1,1,1,1
7.0,91.09,653.43,55,635,1,7.321204276141587,1.6732528418205996,7,-1.1069372378311706,1,1,1,-0.41037912020415557,8.953068656697083,0,1,6,0
45.0,136.93,5610.5,53,530,1,-0.042877529426358,-6.253264687996739,0,-1.5227978109560487,3,1,1,-0.9581116590218143,5.802111460125435,1,1,4,0
72.0,25.36,1822.6,18,455,1,6.568656041261385,5.485871693759185,6,0.45626014148814775,4,1,1,1.3081068756110472,5.0082323532824615,0,0,9,0
66.0,19.99,1389.44,25,610,1,3.69760584082939,-1.2037390560139243,2,2.857298438449583,2,1,1,-0.3951124404049872,-2.2929022203029468,0,0,2,0
72.0,97.4,6819.52,34,665,1,-3.9952115333100293,0.42637746825207007,3,5.322684151418506,0,0,0,0.4416742571317346,-4.405697286008394,1,1,3,1
49.0,39.2,1999.42,44,637,1,-2.4426990572968927,0.9187851525374096,0,0.3661896193883523,2,1,0,-0.12115979489643772,-3.3212772312000665,0,0,1,1
52.0,130.63,6182.24,59,687,2,-8.815143753678747,-0.0850550365109385,0,6.92284826601957,1,0,0,-1.5581519863633162,-3.3666912121248105,1,1,1,0
21.0,102.34,2001.83,45,725,2,-4.080346795276016,-2.6090119446126034,14,-1.90742688001361,0,1,0,0.3339640130584654,-2.366702164472318,1,0,4,1
66.0,86.33,6080.86,54,577,0,-4.246252329766711,0.48043525985467417,3,4.409065461466029,1,0,0,0.15143588657029208,-3.189248784830072,1,0,2,0
57.0,90.98,4743.51,44,599,2,-0.20112011410896,1.2607878801752541,0,2.8532998515962267,1,0,0,1.1969407922586666,-0.7468661453328612,1,1,3,0
13.0,96.52,1133.6,37,831,1,-3.899323368138384,3.3741882227855475,3,0.202226784999761,0,1,0,0.9841614451531563,-2.995745643742743,0,0,3,1
32.0,60.91,2027.52,66,683,0,1.0851507591394616,-5.748204810440708,5,1.0728363488897052,1,1,0,-0.8860935707947883,0.8120329747448478,0,1,2,0
3.0,111.22,340.56,49,620,3,2.743432936257522,5.303676347660729,2,1.2356393365805438,2,0,1,-0.6856521232138905,4.7650714882655665,1,0,4,0
72.0,64.14,4837.72,55,560,0,0.017059918925696978,-2.5516344935720348,2,0.10990257289894567,3,1,0,0.4654614261955415,2.962719549149366,0,1,4,1
12.0,59.28,691.16,46,690,4,5.691423503393698,-1.9428811202776926,4,0.07861959757829828,2,0,1,2.085313982442143,1.6884838631008565,1,1,0,0
1.0,60.43,60.16,18,699,1,8.155469453477064,9.982687679648164,7,-2.090282126169835,5,0,1,-0.22518316775517205,1.5850148254724208,0,0,6,0
8.0,52.09,417.86,42,677,5,3.8974939806236275,2.3995390394111613,5,-2.385375748761097,2,1,1,-1.2459515154843457,0.6430648496238419,1,0,3,0
59.0,48.91,2626.57,43,653,3,0.8025065782896037,-3.7846636977050077,6,0.18509826998241774,4,0,1,-0.7889869107835025,0.6571636935327059,1,1,3,0
21.0,46.79,936.81,37,675,3,4.2958952031305175,1.5240289750107785,5,0.20826001381560344,1,1,1,-0.36326569672493747,1.9129595538783424,0,0,3,0
22.0,113.57,2667.91,35,606,0,0.18255460872374443,4.331165860791644,0,0.5825823715133442,1,1,1,0.4815976549444249,1.3946211241815634,1,0,1,0
61.0,35.66,2201.48,41,433,4,6.301204031555382,6.251681218230502,9,1.5365017923806938,1,1,0,1.6895213344457145,4.063378294741614,0,0,4,0
55.0,76.52,3823.44,40,686,1,-2.4432691026776197,-5.365619409775685,1,-0.033182335082186376,0,0,0,-0.7926997000294183,-1.8137177193951868,1,1,3,1
32.0,53.33,1837.86,36,632,0,5.5959801263531865,0.27150081606038323,3,2.3288957836418454,1,1,1,-0.6077859214593927,1.562820975415126,0,0,1,0
36.0,35.31,1237.93,36,782,1,0.009502415279852044,-6.664710658472923,5,-2.558662352181213,1,1,1,0.4724735988645698,-3.257293031599329,1,1,2,1
30.0,44.24,1351.02,32,662,1,2.62784035565467,6.770053606976656,7,1.6122611514396583,2,1,0,0.7021471227249947,-1.7432084443292053,0,0,3,1
18.0,90.35,1520.22,33,752,1,0.9185559698164503,5.5467444506745816,6,2.36376145687745,4,1,0,0.9263575093978077,-0.4922559335430017,1,0,5,0
1.0,83.78,83.47,52,668,2,7.220542165465375,-0.48073644624743817,7,-0.00766931477302879,3,0,1,-0.8286862235448786,5.009043534573681,0,1,1,0
49.0,69.06,3664.29,27,636,1,2.3708298930910168,1.3069854187150318,2,0.07215677003711685,0,1,1,-0.6498421919665505,-0.4266492772913418,1,1,2,0
18.0,64.54,1048.79,42,599,2,6.467013660348828,3.2609001343154134,3,-2.104981996963601,2,1,1,1.745435008443965,4.101407838115175,1,1,5,0
7.0,116.41,754.04,63,646,4,1.4368510717727152,-1.5324316322399911,0,-1.2190918653947627,2,0,0,1.20957911897131,6.020759981641879,1,1,1,0
47.0,68.88,3172.24,33,525,1,3.9065704349478945,3.5146228353862274,3,-0.3743333086413475,2,0,0,-0.5343500049212504,3.463218164454457,1,1,1,0
9.0,62.6,578.1,42,646,0,0.9961316819948178,2.068391085533705,7,-1.3671128207283925,0,1,1,-1.2956477351349545,-0.9720952819090365,0,0,3,1
54.0,77.75,4047.05,31,455,2,6.503394981067476,4.472565177173598,4,1.5844220446404256,0,1,1,-0.47479390243993486,8.357437311082808,0,1,2,0
28.0,71.62,2144.36,22,824,2,-2.4420655175245307,3.9781985333543894,2,2.7178511740580986,3,0,0,1.0736982406670172,-7.0076153077426016,1,0,2,0
72.0,73.03,4752.68,18,456,1,-2.286932847686507,2.698831359684402,0,-3.1402602139903366,2,1,0,1.292799458322528,1.4572544734862016,1,0,7,1
40.0,61.24,2388.67,31,490,1,6.414854343832325,6.16437304762556,3,0.3059891794215771,2,1,1,-0.8475246761846134,5.826237921295998,0,0,2,0
14.0,56.36,786.06,37,680,3,0.7749323121443503,1.2004157585239565,4,0.17462854307238196,4,1,0,-1.228612018071583,-1.2544180035147001,1,0,5,1
16.0,39.04,630.03,25,850,2,2.0914130114624125,-2.147185248775095,13,-0.39713993280996995,1,0,1,-1.0786651810855006,-1.4645696950652691,0,1,1,1
28.0,88.86,2703.3,40,519,1,5.461135603458476,6.86037072809758,4,1.4342953671140335,2,0,1,0.9666011814964649,5.013872939116056,0,0,6,0
62.0,43.79,2955.67,21,505,1,-0.9832513835787057,6.821834615405837,9,-1.1938255767981745,1,1,0,0.8953134452903866,-1.713375133094892,0,0,1,1
33.0,62.78,2158.57,26,612,2,1.5238608247937453,4.871509958321785,3,-0.4275441522547404,0,1,1,1.6528618332941503,-3.5135064538989518,0,0,1,0
51.0,76.04,3909.47,26,680,0,-2.8689834797210967,4.944409305546177,2,2.421383595915803,0,1,0,1.2655488236068289,-5.553077778391561,1,0,3,0
16.0,120.68,1778.28,48,620,0,0.8331966118024441,-0.05990757642672659,12,0.6729061327514813,0,1,1,1.962429414102819,3.3109984241346053,1,1,1,0
31.0,69.04,2189.99,65,713,4,-0.2399440288406215,-7.542881718708081,2,2.4210571435663497,2,1,1,0.4387867702053022,1.1008234971126203,0,1,5,0
58.0,80.06,4479.73,37,505,3,7.798622716728625,3.2152565398732853,5,-0.00030885662096813427,2,1,1,0.5106471913290422,7.467309429295759,1,1,7,0
60.0,19.99,1139.13,33,532,1,3.9229475304941004,4.121179001775142,2,1.9781449413394165,1,0,1,1.1950447304380067,0.7798228173552438,0,0,2,0
34.0,79.25,2763.63,47,525,1,6.939391266610811,2.480554233839943,5,-0.3644813235969798,1,0,1,-0.9252398259494223,6.616110385688989,0,1,4,0
72.0,53.61,3538.99,52,461,2,5.4723777112032606,-0.347712237564934,6,1.7383611995893762,0,1,0,-0.37996995921404775,3.6290673718026367,1,1,6,0
72.0,45.14,3049.6,24,693,1,-4.351953018148197,-3.800134389205041,7,1.5941965751869085,3,0,0,1.417664814634619,-3.6112934014191342,0,0,3,1
1.0,149.99,138.38,35,850,1,-6.065648175021919,1.2972926644280158,4,0.07261898196322603,2,1,1,-0.24013525984074724,-0.9943229933893404,1,0,6,0
72.0,100.05,7784.89,50,581,0,-6.621495884238745,-2.046054329944849,6,3.7694974878535015,4,1,0,0.5718821500549203,-3.8300510951556044,1,0,1,0
21.0,80.55,1541.96,33,676,2,2.7995313875223236,3.8025619539421633,4,-0.1491855272554996,2,1,1,-0.011086706855674061,1.7110896559434163,1,0,4,0
6.0,67.74,391.44,42,785,3,2.0722236244752987,2.4595525346139935,1,3.4074685299878267,4,0,1,-1.4106666929034348,-2.5663337430769735,0,0,0,1
32.0,64.78,2212.21,49,710,1,1.275779488311576,1.007964025815586,1,2.7560674374232796,0,1,0,0.3157731544582183,-1.4053001713203244,0,0,3,1
39.0,61.83,2355.99,56,705,2,-2.177840225567533,-5.433989999708776,1,1.7913905686289424,1,1,0,-1.3913831599404127,-0.9753664235045489,0,1,5,0
17.0,63.58,1180.47,70,679,5,3.7562990427586294,-4.201144418098435,2,-0.6745222893882467,1,1,0,-1.1069910254397854,2.3294400043167243,1,1,2,0
29.0,115.44,3466.98,33,647,2,-1.603288458780424,2.720046139154057,0,1.1862891558774529,1,1,1,-0.0012220392771444184,-0.31673817705085333,1,0,0,0
1.0,118.01,117.34,42,739,1,-0.7861126207077704,2.7398936252075337,1,1.2769247630344853,2,1,1,-0.1789955348107367,1.0792351103958757,1,0,1,0
17.0,94.5,1706.5,57,692,1,-0.9097829520724215,-4.092902188056696,3,-0.6310090223988406,1,1,0,-0.308734085776225,2.7176556392172757,1,1,4,0
19.0,83.44,1575.16,37,642,3,4.319918094311021,2.322564494267042,7,-0.5643259027835251,1,1,1,-1.963537902275678,3.1544182122150817,1,0,3,0
10.0,90.48,919.16,40,752,2,-2.1700867456655186,2.262434982466846,2,0.9425911547203392,2,1,0,0.5240923213961353,-3.7688210109345777,1,0,0,0
37.0,78.05,3088.67,44,622,3,2.9615989952069013,-3.918026952564087,4,3.1354833444009014,1,1,1,0.0400707888274259,4.886053235709823,0,1,6,0
47.0,52.8,2366.53,33,560,2,1.2360924642762599,2.5173785026245272,0,-0.1469304688319566,0,1,0,-0.7888263285192493,2.2029357229285162,0,0,1,0
38.0,88.27,3244.84,36,443,0,9.227167412328587,6.469394901148285,2,0.2878127575907107,1,1,1,-0.5685141177115783,10.545738576342137,0,1,5,0
41.0,84.59,3596.57,55,589,1,3.6713839079391297,-4.007687697336883,3,2.071935585014928,2,0,1,1.0228284509358048,6.5069778115471255,0,1,2,0
1.0,88.09,84.91,79,809,2,2.0079513044520083,-9.66285589434657,12,1.4375834396364042,2,1,1,0.20785411619816835,2.3886582692577703,0,1,8,1
23.0,134.9,2990.16,51,661,1,-1.9662709229019102,-1.5385929292589233,3,0.9442280614790043,0,0,1,0.016507761559644955,2.233517902377938,1,1,2,0
18.0,81.38,1325.33,52,622,1,2.9125178731067622,0.18685947655678195,7,0.4833889010260473,2,1,0,-0.46255850100258283,4.07181769200741,0,1,2,0
1.0,118.03,126.23,53,694,1,5.5996315469484355,-0.38108297666307744,1,-0.4481724445115346,3,0,1,0.9092485877771072,8.366547252756153,0,1,4,0
43.0,100.43,4001.25,27,787,3,-1.2980547717822606,1.1888668213119111,5,1.6989630265854454,2,1,0,-1.1415255305593803,-1.1694614584947334,1,1,3,0
49.0,42.25,2130.52,18,693,0,2.957586171133558,7.861939239593596,2,-0.07647108930521218,4,0,0,-1.2786785660045876,-5.836713310206726,1,0,5,0
41.0,66.4,2965.55,40,850,2,-7.659049564253225,-5.365644915780828,5,2.3376621007194536,1,1,0,-2.145349539154176,-11.277944481037991,1,0,3,1
72.0,19.99,1495.77,21,355,0,2.2962444996361393,4.698224530805417,4,2.294892917310549,2,0,0,-0.2070134785844932,-4.72691767739979,1,0,10,0
59.0,67.93,4273.93,48,546,2,3.766408991007229,-0.7142534539457078,4,0.7627170670664231,1,1,1,0.6236034910038353,3.055864814949318,0,1,4,0
46.0,105.68,4712.74,48,512,2,-1.597973408988458,1.6059402169643642,0,0.8274414027123579,2,0,1,3.168239987562611,0.4744980199846516,1,0,0,0
1.0,123.38,118.99,50,837,1,-5.390159507711962,1.1111989305128847,10,0.5121678137583805,2,0,0,1.4777111729543366,-2.2376265287211043,1,1,0,1
1.0,149.99,163.16,51,808,0,-5.673735537760065,0.2893704212643039,1,2.4723672508851404,1,0,1,-0.1480656162698826,1.6021159880860751,1,0,4,0
57.0,107.32,6052.63,40,592,1,-6.317171200782163,-0.05705189801742385,11,1.971006876826317,4,0,1,0.4515260882800095,-3.8304181891764135,1,0,2,0
5.0,82.31,419.96,58,644,3,5.4226933043979235,-0.7000949777344289,9,1.0344870642037125,2,1,1,0.8277307499840827,4.9440397484813055,0,1,2,0
12.0,123.64,1597.61,26,704,1,-5.207077480109546,5.952499493815589,2,1.3572095338163344,1,1,1,0.8461790303806596,-4.308661684073389,1,0,1,0
17.0,73.67,1218.19,47,653,3,2.661979894924878,0.18807921484841245,1,0.7140559658393759,2,1,1,-1.4661228999470806,1.7948927764446843,0,1,2,0
34.0,63.01,2271.31,39,666,3,-0.3181831470656655,-1.5595853745568087,1,-1.1183586841715671,1,1,0,0.9898882690646225,-0.5740582828909956,1,0,2,0
72.0,47.47,3524.39,18,465,0,-2.299826873666166,4.530545691501117,1,-2.4124377994695507,1,1,0,-1.3131080112404603,-0.41038696336049485,0,0,3,1
50.0,102.61,4923.54,32,753,3,-5.110112532892266,-2.7127500587523743,4,1.7303706350700225,1,0,0,2.3405853859589527,-4.215653149676955,1,1,3,1
70.0,83.47,5472.05,31,746,1,-5.5012235217331265,-1.193537325454884,1,4.394449399125679,1,1,0,0.03164441538926434,-7.427596059265631,1,1,1,0
72.0,59.59,4317.68,34,373,1,-3.377628438121289,-1.985360819907261,3,-1.5509873889326595,3,0,0,1.2459792858920375,0.42422515991728504,1,0,4,1
1.0,80.17,77.78,18,842,0,6.8384785665762005,3.5636833567371538,1,-3.3549069410234638,5,1,1,-2.023749311574135,2.236366527446697,0,1,3,0
36.0,149.99,5843.49,42,596,1,-5.1387309998083,1.075464763441606,6,-0.21747132153445003,2,1,0,0.6604936491740468,1.8418010346578213,1,1,2,1
50.0,52.06,2506.6,44,725,2,-1.89352656855284,1.3789104059027664,0,2.7964907453890198,1,1,0,-0.4748223644580239,-3.844820084409397,0,0,3,1
36.0,76.88,2556.92,25,775,3,-1.8418044156988842,-0.30145121213860454,1,-0.2368850714398002,1,0,1,0.15351731511691835,-1.0543991269212258,0,0,1,1
50.0,77.02,3686.04,31,491,2,5.349430567275584,2.483735719476836,3,0.8704551847206127,1,0,1,1.655787885704047,6.822828594042644,0,1,1,0
40.0,77.09,3336.82,43,486,1,4.4723722862234965,4.487376589031431,3,0.03886453608539242,0,0,1,-0.6682619190670833,3.5126970930312367,1,0,4,0
34.0,69.04,2261.51,49,498,1,11.440977477913451,2.5839333258640313,1,-0.26023941733740086,2,1,1,0.11433612976165816,10.270957153300925,0,1,8,0
1.0,81.96,76.79,72,790,3,1.2837686759636606,-5.876173672594764,3,0.5986576630855509,3,0,0,0.11526525623230446,0.7316606266620845,0,1,6,0
17.0,100.38,1823.15,38,668,1,-2.6227031644095358,2.922423460759248,1,-0.4974282584500266,1,1,1,0.8423806516623669,-0.8132454129558422,1,0,0,1
25.0,83.96,2284.63,24,850,0,-4.3893488806024195,-0.112688235901278,0,0.016190099743066177,1,1,0,0.7742651939570319,-4.343679922307169,0,0,1,1
26.0,25.42,653.63,30,601,2,8.269770154070674,3.212966991385185,7,1.2792390479198947,3,1,1,0.17414263346975448,0.5963004450820768,0,0,1,0
1.0,135.28,139.76,80,729,1,-0.41581565006428306,-6.878647220882698,4,-1.5194813787669692,2,1,0,-1.573199011672436,5.267265495742057,1,1,3,0
15.0,44.93,739.49,62,725,1,-0.17104692720082143,-1.6223774880566182,2,2.1243568838520215,1,1,0,0.9794020058186002,-3.228389351440109,1,0,1,1
13.0,135.74,1815.75,44,608,2,-0.4828928525330206,2.1228222782617263,1,0.45632990757782094,0,1,1,-0.8954945886079884,3.9906296688014815,1,0,0,0
72.0,40.13,2665.85,32,741,3,-7.736846972679655,-4.265264203657289,8,0.4786568041892453,5,0,0,-0.1864971961935628,-9.53626841886137,1,0,2,1
1.0,84.27,78.04,45,667,0,3.8646548487855235,5.3170971703930014,5,-0.26982055453236653,4,1,1,0.6618693267500421,2.2303296966679365,1,0,4,0
43.0,33.86,1572.97,23,577,0,6.329290246499646,2.307903689407414,5,1.5312466257071105,5,0,1,-0.2692906882882333,-1.052768819171307,1,0,2,0
1.0,103.87,94.67,45,850,2,-2.273477740185271,3.7284469496718917,0,1.9115022985575099,4,1,0,0.2920230359343021,-3.6545382554668273,1,0,0,1
26.0,79.35,2256.24,19,800,2,-1.760385731324669,-4.653333057402567,3,-3.5967839035529843,0,0,1,-1.1058141030908002,-0.49889248084505017,1,1,6,1
24.0,131.43,3007.22,60,543,2,0.27431883551476594,1.5350189834578596,2,2.026515886763638,0,1,1,-0.4397458824706023,5.397072268637184,1,1,1,0
36.0,37.64,1419.42,42,685,1,2.303106964300233,-4.162564454455133,2,1.8894418426845734,1,1,1,-0.741676996618819,-0.16466257683262744,0,0,4,0
19.0,69.13,1314.38,37,782,2,-0.09409527774837448,-3.0044306897358894,1,-2.01164630511334,0,0,1,-0.14846948270904908,-0.8169145844219292,1,1,1,1
6.0,63.4,381.13,64,793,3,0.22137422422707909,-6.9770505387418975,4,-1.0345700243083904,1,1,0,0.6106619599080005,-1.0446833866661533,1,1,3,0
30.0,32.7,915.06,50,668,5,2.9321364030081636,-0.06320406930859337,1,-1.9492984030769787,1,0,0,-0.2534138086940557,-1.9464638752641792,1,0,5,0
57.0,59.32,3661.98,35,548,0,3.36930495091186,1.3771563027324434,3,1.7633668348746605,1,0,1,-0.025132023790081753,1.2070426380116321,1,1,3,1
54.0,68.79,3888.7,31,569,2,-2.0200973113392955,6.573452804627773,1,3.129905142299266,1,0,0,0.24634600935461864,-6.278584481231732,1,0,2,0
58.0,67.8,4255.4,18,804,1,-5.404749231231354,8.48588511469386,5,5.007816895545744,5,1,0,-1.2420791861399234,-12.16889211172543,1,0,4,0
62.0,73.18,4294.53,21,608,1,-6.4225164997808895,6.931441542170506,7,2.9040487505497588,1,1,0,-0.26798242207638123,-9.01410480055613,1,0,2,0
42.0,87.61,3987.05,34,637,3,1.4834772788080832,2.15610251785064,2,0.5117746739483446,0,0,1,-0.044746765221251664,0.8026506025762916,0,1,3,0
45.0,38.13,1655.11,29,542,1,6.351240598445315,3.631953546452619,1,1.7690499486089264,0,0,1,-0.8867151500988415,3.346206985516814,0,0,1,0
71.0,103.24,6672.5,34,644,1,-8.842861459741366,3.325726799017906,9,4.534912618900131,0,0,0,1.2326559839500912,-9.078669080914393,1,0,0,0
49.0,131.22,6479.54,58,490,5,0.9187081906547072,-0.7227574279356397,4,1.5176886186449345,2,1,0,0.6332658563914394,11.19774812168043,0,1,3,0
1.0,102.06,92.85,68,783,0,0.14755240348308174,-8.435723507671206,1,1.6324083701097274,2,1,1,-0.21188176120007537,2.3837072508492083,0,1,9,0
1.0,52.6,55.24,36,742,2,5.632783508123294,-1.109641743142483,8,1.2945300886658913,1,0,1,-1.6928255383377835,1.2263589638917618,0,0,4,0
7.0,149.99,1135.72,50,640,1,-3.989279662899242,0.9225051573817297,5,1.9468759401485611,0,0,1,-0.1597020046593722,2.1120859415276376,1,0,4,0
34.0,63.15,2116.62,67,690,3,-0.31347060336530297,-6.219157930207,3,1.1261582869504443,0,1,0,-0.4219208205321761,-0.5570846889442732,1,1,3,0
42.0,62.02,2468.91,47,564,2,4.708045991578792,0.45961680754210177,1,2.539317708500783,1,1,1,-1.118829634961702,3.343608311889342,0,1,1,0
1.0,49.04,47.77,39,725,1,6.548286701881024,0.8525187282792761,5,-1.849974471923495,4,1,1,-1.1069340686076339,0.5501918036427715,1,0,1,0
34.0,64.85,2156.88,44,691,1,-0.5317993874845113,2.1866627216898538,8,0.8491591587653333,0,0,0,0.48770114958553723,-0.9885528244408198,1,0,4,1
50.0,72.32,3949.84,31,454,4,8.436770044908025,4.660456010070006,4,1.8649091738572139,1,1,1,-0.3263477434350069,7.812547907687508,0,1,1,0
63.0,90.26,5755.85,37,639,1,-3.3525178916361877,3.8681726735586204,1,5.808055221926213,1,0,0,-1.2268533903630294,-3.9107682188579656,1,0,4,0
13.0,87.08,1241.18,72,756,0,-1.5642073470919422,-6.826542668032987,15,-1.594519456305806,1,1,0,-0.0503917587405322,1.7749359147340944,1,1,1,0
49.0,84.91,4097.95,34,674,4,-1.1665062898536618,3.376183627420149,8,2.96219718936932,1,1,0,0.48712408506625887,-2.813039183304137,1,0,3,0
31.0,99.59,2970.19,26,692,2,-4.7684125361736855,7.773136193423987,5,2.90565761794041,2,0,0,-2.8057362598501214,-6.285256323733047,1,0,2,0
40.0,97.8,3627.21,21,609,3,2.5374244948933318,4.795132329550576,1,0.38926860913995326,2,0,1,1.215816687820628,0.8874247794884078,1,0,2,0
72.0,45.33,3401.42,33,455,3,3.387756235068686,2.20267792480876,1,0.5764559301722731,2,0,1,0.1343900725995843,0.13763288870418247,1,0,5,0
1.0,61.2,63.57,68,761,3,3.3430821820644674,-5.945023313515664,1,0.6990774613567052,3,1,1,1.558311791587223,0.09358683864162848,1,1,4,0
1.0,84.59,76.89,58,755,1,5.955649625904407,-5.81819081746682,1,2.0547984349480197,2,1,1,0.23042593227170757,4.207772790634483,0,1,6,0
53.0,57.18,2889.46,68,518,5,3.176074628488716,-1.3459621890686049,5,2.683328911994475,3,0,0,1.588384404505879,6.205075729816051,0,1,1,0
29.0,38.44,1144.41,27,528,1,9.239446254601008,6.024118818790428,6,-3.7138779781036884,1,0,1,-0.1606178549511948,3.30292243603515,0,0,6,0
1.0,65.81,61.41,57,780,2,1.6311847498959584,-4.895014672759095,1,1.663481312659985,3,0,1,-0.7247125539918942,-2.0206548674998395,1,1,6,0
49.0,83.78,4301.88,22,790,2,-2.395631597900731,-0.8658070917954647,0,1.5098289758162546,0,1,0,0.1663670947591705,-0.9049476738340526,0,1,1,1
31.0,89.1,2616.36,41,776,0,-1.5363048303537366,-1.8605358777702727,4,2.9448403461426964,2,0,0,-0.2550060418189639,-1.9635983461985889,1,1,0,1
40.0,46.57,1891.06,53,631,0,3.890164885530786,-3.125196107571097,3,1.7204268662468944,1,1,1,0.2747132015269279,1.4749480377011563,0,1,0,0
34.0,117.07,4213.16,46,486,2,3.5486955473825916,-0.42490737737723505,10,-2.7002904690587064,1,1,1,-1.5481366648222739,6.7067437585670815,0,1,1,0
1.0,76.09,76.8,51,783,1,0.7511501176559727,-3.9812790135616796,7,-0.21689658277337032,2,1,1,0.9584581102432957,0.370378136293951,1,1,5,0
55.0,45.82,2576.6,18,624,2,5.923311257498651,5.9065819548472,4,-0.6877479412802044,2,1,1,0.413534003163406,-0.387695848113155,1,1,7,0
22.0,75.57,1811.67,18,661,0,4.3208298432516195,7.652036477472069,2,-2.9452779181308815,4,1,1,0.36300309406654224,-0.7990565723154555,1,0,3,0
68.0,93.15,6789.1,38,566,0,-2.060496180956886,-3.7157317339103817,5,-2.0621479031135657,3,0,0,0.7597975403981926,2.9621516534439927,1,1,2,1
1.0,134.47,146.52,55,609,2,0.544880618244283,0.5444338431927372,2,0.18359182496428705,0,0,1,0.04092791367631959,4.828896746940503,1,0,2,0
48.0,149.99,7283.72,36,600,3,-6.865702265808046,1.4707639955974963,2,-0.47841799985784617,2,0,0,2.308309574433973,0.22530584651435218,1,0,1,1
72.0,39.22,3079.68,48,482,4,4.608873322835237,-5.4903577918533015,5,3.722579913299495,1,0,1,0.02032374965607197,2.1954567722079137,1,1,0,1
6.0,136.39,848.55,53,675,0,-2.1887294254193144,-0.18326837969824272,2,-3.485740967905896,0,0,0,-0.9425098166460045,2.563649945631847,0,1,1,1
70.0,56.75,3779.4,21,593,1,1.3180434933029663,2.4123186454194907,9,-0.035213192904238855,0,1,0,2.0220077740560707,-3.555285974355058,1,0,2,0
30.0,147.73,4854.75,50,701,1,-5.55810065066084,-2.0005656958906113,0,4.131683151209118,0,0,1,-0.30498856388787093,-0.9203130314603857,1,1,3,0
13.0,149.99,1788.47,53,719,1,-5.009378998929632,-0.5647224595373523,12,2.24781516971386,1,1,1,0.9105590258674797,2.143549121037333,1,1,2,0
1.0,124.81,132.86,32,782,1,0.7556338418122025,4.40672243875618,2,-1.2350614410627045,2,1,1,1.0032472533242693,1.561032843828746,0,0,2,0
33.0,79.14,2585.29,68,734,0,-2.277891088738267,-11.064792534601677,5,2.9612247452180465,2,1,1,-0.0732053434560046,1.035721280015783,0,1,10,0
1.0,51.54,50.8,23,671,1,11.587766905704983,8.623894515803316,3,-4.101979979024302,4,1,1,-0.5400389123895996,5.665662935501775,0,0,7,0
72.0,60.22,4233.26,57,584,1,-2.8598600258207023,-4.099871120986053,1,2.7055890641615012,3,0,0,-1.5205930730893393,0.43092490037007797,0,1,3,0
72.0,67.66,4909.05,43,445,0,3.9681846249155264,2.9288807806075576,1,2.630369622631817,2,0,0,1.2412076779175811,1.9312987237028856,1,1,6,0
31.0,143.22,4841.12,35,701,2,-8.710965749062822,3.7603469948076014,11,4.500490732380554,0,0,0,-0.8825002334661377,-5.132287733146559,1,0,2,0
49.0,79.81,4121.99,58,563,2,-0.8775612893486041,-1.5169966237223074,4,0.7782236978757213,1,0,0,0.2248514833445808,4.344183663928942,0,1,2,0
1.0,114.7,115.79,80,824,1,2.9555348437467486,-8.753024425239515,3,0.33222212540303964,2,0,1,0.8151561387508278,4.224746770254511,0,1,6,0
21.0,24.54,529.48,55,794,2,-1.1988170509203744,-6.2224676742758165,1,-0.1254894008593297,0,1,0,-0.1334852094037501,-5.3134702290630145,1,0,4,0
33.0,75.82,2749.29,40,536,0,5.99544934230672,3.8305583149626843,0,-0.5486962002209054,1,0,1,-1.2469636989162949,4.890619754830133,1,0,5,0
72.0,24.18,1907.01,18,439,4,4.58108823777617,8.796128680792366,1,-0.6281555166759275,1,0,1,-1.447256999385885,1.4619708411508936,1,0,5,0
43.0,83.42,3581.42,42,585,0,1.6204884977735405,1.6784092229707803,5,1.2238351734509672,0,0,1,-0.24990224253216053,1.3046739608496152,1,0,3,0
43.0,102.16,4283.11,44,634,1,-0.8260398548029942,5.567923945055817,3,5.4943917109663385,3,0,0,1.558720109918989,0.25762964643329084,1,1,6,0
32.0,35.39,1158.96,41,566,1,8.513712290940544,3.6238123065509567,1,2.9274807172958384,0,1,1,-1.5279419242402204,4.438942574201618,0,0,2,0
72.0,69.76,5389.99,32,447,1,-1.2981872113526751,1.4739109447929364,3,0.8425412852012067,1,1,0,1.0892087519223494,0.12987019152370466,1,0,3,1
45.0,74.22,3597.52,54,517,1,3.3037055683948737,0.7461226511027399,3,4.0825683685587855,3,1,1,-1.8710184280797801,8.177821388416577,0,1,3,0
16.0,65.55,968.29,53,731,3,3.023799934361898,-4.551161914470918,3,-1.3486859268281166,1,0,1,0.31193244682704624,2.5165169540636145,1,1,1,0
23.0,97.1,2330.13,21,765,2,-0.6459811605378776,3.7674320655528004,4,0.048701327655824134,1,0,0,-1.9819832641040707,-2.309989799547869,0,0,1,0
21.0,83.76,1912.62,25,687,1,2.985357324816287,5.890337420507976,6,0.25851012203793977,3,1,1,-1.4931344482165556,0.408911241764257,1,0,4,0
36.0,93.83,3196.78,18,768,1,-4.6436701118678,8.548104625321498,3,1.1197622080472298,3,0,0,0.46115807583568075,-8.645587663717688,1,0,1,0
12.0,135.94,1778.39,39,716,1,-6.916408491062563,4.72335633213045,4,2.538504760949044,1,0,0,-0.4648463601489593,-3.7978252052263706,1,0,1,0
1.0,72.22,73.71,59,850,2,1.9199188007687438,-1.283006996180101,2,2.295410066179146,0,1,1,0.7339238697826753,-1.981538964545673,0,0,1,1
55.0,111.27,5528.3,20,697,3,-5.405886736730125,3.277053074341443,3,2.6099769409148172,0,0,0,-1.274785535966817,-4.531808805712898,1,0,1,0
2.0,66.61,126.62,18,827,1,3.9014098195917337,5.251169224437334,0,-2.6898198080934037,4,0,1,-0.6516166351813146,-3.2959492085739943,1,0,1,0
37.0,51.99,2075.74,34,631,4,0.5759905560260632,3.101540250468507,8,0.3087629128066809,2,0,0,-0.35867594303945327,-1.154309841775847,0,0,1,1
72.0,115.35,8854.01,29,444,1,-5.12556239768631,-1.8326035897645345,3,0.42618830615253744,1,1,0,-0.5597331877352621,1.4827602362806651,1,1,1,1
1.0,41.38,37.47,60,766,4,3.640638910258408,1.7079755134501964,3,3.4809136720003573,2,1,1,-0.0932634334039856,-2.3668319303829524,0,0,1,1
26.0,149.99,3765.74,22,736,4,-5.242099671222345,4.902580150730852,3,-0.028114357871830142,0,0,0,-1.342228040526564,1.9935713056121969,0,1,2,1
72.0,19.99,1315.81,34,350,1,1.382543814880771,-0.3019167813755702,3,-1.7795139717308874,2,0,0,-1.3105874987820607,1.2512827589298685,1,0,3,1
54.0,82.46,4027.27,40,692,2,-6.740549103998933,-3.8751581271951356,1,0.014495198523599595,3,0,0,0.05502410874875974,-6.074343652940561,1,0,4,1
9.0,91.16,771.25,73,723,2,0.6991781800675154,-5.427720905335854,3,-0.7313879096414363,1,0,0,0.6253844538536985,1.9334097592104287,1,1,1,0
39.0,115.12,4705.62,56,596,0,-0.5806921169304509,-0.10314734967978854,7,2.449441661832931,1,0,0,-0.45050950416267527,2.825985358907562,1,1,2,0
43.0,80.64,3299.16,47,614,2,-0.6457842757685732,3.2656481187688358,5,3.6255814611352943,1,0,0,-1.091846677968908,-1.340282723936093,1,0,4,0
42.0,73.09,3167.9,34,677,1,-2.18066109783402,2.557986491360807,0,2.0588675149159874,1,0,0,1.3562175598836297,-4.958873069975452,1,0,2,0
1.0,112.61,121.63,73,742,0,8.662142970955916,-4.824377091130915,5,0.4264006739740095,2,0,1,0.7815811357871254,9.257273274613683,0,1,1,0
63.0,57.98,3780.62,18,850,2,-8.612604410623812,-3.704939670540943,6,1.910780974509009,3,0,0,1.621033739401282,-9.781684418774244,0,0,5,1
12.0,90.73,1072.74,64,629,1,5.118932343857712,-3.146877205848045,0,0.7103458248694033,1,1,1,-2.142279724211402,6.12011453417108,0,1,2,0
24.0,69.57,1656.81,27,690,5,0.430020397623008,6.242530964451198,2,-0.2633517801996029,1,1,0,-1.223899570321578,-3.1013063525221924,1,0,3,1
23.0,82.0,1913.44,40,710,2,-3.313258902001186,0.710523438771612,0,0.3901544514470149,1,1,0,0.730498681700332,-2.494723363148763,1,0,2,1
41.0,65.91,2731.6,34,647,1,3.8398588438324537,5.295802969441155,12,0.8567855970018022,2,1,0,-0.7832561327238614,1.0294171818022662,1,1,7,0
38.0,76.76,2861.06,31,572,2,6.284970514924668,1.8942167637867922,7,-1.9249008176196907,1,1,1,0.5517608640439662,3.7107952854578423,0,1,3,0
1.0,75.95,83.31,43,731,1,8.462367511191866,-0.05169459589825009,1,-1.191642388797693,2,1,1,-0.17310634729549274,4.339030719464582,0,0,1,0
23.0,106.44,2359.42,48,635,4,-1.7878255147204185,5.764046446948741,1,3.1339369542077735,1,0,1,1.9813862043745307,0.3519528500438306,1,0,4,0
1.0,132.3,119.49,37,681,1,-7.076938682672328,4.924706737407522,6,1.1976227528101173,0,1,1,0.5730465254355958,-5.284279210363874,1,0,5,0
5.0,98.34,508.5,29,626,2,5.468617203779031,4.8269973751746,0,-1.958169477066297,2,0,1,-0.9217527548009619,3.6526769828118155,0,0,1,0
28.0,126.24,3699.89,55,549,1,-2.640839244202895,3.3300205042944793,2,3.089638276354526,1,0,1,-2.0644804615483827,1.2234359606353344,1,0,1,0
1.0,135.48,133.27,27,850,1,-4.490555412822975,7.883144328420083,7,-1.3160597433237071,1,0,0,-0.22021682325148387,-2.5066966562426125,0,0,4,0
43.0,50.97,2320.08,23,459,0,8.204537324820741,6.667004417208911,6,1.8209853901510964,5,0,1,-0.5545381232539943,4.304336388509826,0,0,2,1
18.0,73.24,1197.25,20,665,1,3.1234643666229345,4.866312072468977,3,-1.597056133117282,2,1,1,-1.7568024794052701,-1.2634941866930938,0,0,1,0
1.0,102.57,102.01,30,801,3,-0.5277625489666425,3.5426106053592825,5,1.299156765014982,5,0,0,0.6076932795224909,-1.8344065125180296,0,0,5,1
5.0,101.49,535.28,34,647,4,6.498954386865583,3.5545215828720305,2,-1.183291820371434,3,0,1,-0.8159968851082158,6.507904756444551,0,1,3,0
13.0,80.78,1145.47,37,649,0,2.309281209182127,0.8294743338691435,0,-0.8112288973157081,3,1,1,0.9820542452126798,1.9461500866991526,1,0,3,0
47.0,83.77,3820.3,21,526,0,-3.076411395226709,2.5179385900521534,9,-2.045895964391334,3,1,0,0.11079210472161025,-0.5777230471393417,1,0,7,1
6.0,112.84,612.76,24,794,0,-2.7660354019924016,0.3980708841555582,2,-3.882245215978683,2,1,1,1.6684316742188825,-0.0025747037040572246,0,0,1,1
1.0,149.99,139.0,48,752,1,0.4309536264762146,1.1518604556544276,10,-4.343661320806053,3,1,0,0.4462283607064804,5.258331517269266,1,1,1,1
18.0,146.92,2484.69,35,720,0,-3.0863868530022254,-0.21686678471398405,2,-2.2034959714984024,1,0,0,-0.5790488746876551,1.9730532879413465,1,1,3,1
24.0,41.18,959.55,33,701,4,3.5473633325621043,2.129835570700914,7,3.0291948484509397,2,1,1,-0.5917371974535891,-2.654737207622384,1,0,0,1
53.0,122.41,6606.22,37,521,2,0.3054712611678797,3.4641830761632555,4,2.129673552308468,0,0,1,-0.39099419721948014,3.324769971313645,1,1,2,0
11.0,132.52,1423.57,48,817,1,-3.386212475554904,-3.491389930957456,2,2.1430427834972154,2,1,0,-0.6407287908820046,0.35201783766768396,1,1,2,0
54.0,112.36,5611.84,24,539,1,-1.11810455936331,6.0416319388220945,3,1.820849801482058,0,0,1,-0.4645479242969383,-0.20036040133058278,1,0,2,1
36.0,90.84,3577.43,18,784,1,-2.546572192874958,5.816423785878762,3,0.9709806109402838,5,1,0,-0.25593588777832027,-8.633507665396037,1,0,1,0
61.0,48.97,3176.76,45,506,0,-0.7828450698922284,-0.9873849326012617,3,-0.5348267130252923,1,1,0,-2.7895677980964515,-0.5971288495970191,0,0,7,1
60.0,45.56,2943.73,44,587,2,0.6623276427578345,-1.880661236050696,6,2.8046615747500443,3,1,1,1.0840056007540269,2.189806714796787,0,1,3,0
44.0,42.54,1964.12,56,706,2,-1.5189077511460543,-5.145753629128141,4,-0.41510695619882154,2,1,0,1.767151576532515,-1.494436684770241,1,1,0,0
46.0,99.83,4885.31,45,646,3,-1.2600120689478402,0.9155656701059044,1,2.2796915965611224,1,1,0,0.5429872511382324,1.0212506224890092,1,1,3,0
18.0,78.55,1323.47,59,703,1,0.7826602859481602,-5.09995732384311,2,2.077402039264721,1,1,1,0.5101350300502829,2.419319965721644,0,1,5,0
40.0,67.19,2534.2,41,587,2,1.0421768811205316,-0.09086590551618033,10,2.737420396194296,1,1,1,-0.041344472532133254,2.87863535420642,0,1,6,0
72.0,55.54,3653.18,39,680,2,-5.095178691188402,-7.459918420956979,6,1.6467821202125164,2,0,0,-0.46378857453994465,-5.782035725147063,1,1,3,1
1.0,95.16,90.42,74,741,4,3.410120025685001,-7.943955515861577,3,3.186381309027118,2,0,1,-1.6954867556701019,4.674247712492301,0,1,10,0
1.0,106.01,104.16,24,700,5,4.5793899749759355,8.654253230902732,0,-1.5408434485193636,4,1,1,1.0583894395808737,4.103373075548366,0,0,5,0
69.0,44.91,2916.42,42,624,3,-3.6891505805258875,-8.098759731767913,2,2.7650786950919337,0,0,1,-0.21689021248573728,-5.13088330092238,1,1,10,1
71.0,79.56,6210.02,24,538,1,-1.5811791380178073,4.376270643169343,1,0.46298028655411355,1,1,0,1.7177830820416229,-0.1711003024699846,1,0,1,1
37.0,19.99,781.3,47,689,1,2.1734220443206573,-3.188495167165227,5,1.1045516818335903,0,0,1,1.2724218711076898,-3.3844999306143118,0,0,3,0
10.0,125.49,1279.65,58,584,2,4.252476595674374,-0.8879537142602231,7,1.5648579217394576,3,0,1,0.43851076099946834,8.77901738785467,0,1,5,0
28.0,149.99,4225.66,37,583,3,-4.9435533970362275,0.776994629541035,2,-3.382057644708468,1,0,0,0.45911946897875183,4.178782916901645,1,1,4,1
8.0,92.64,691.14,32,717,2,2.101433317038619,2.5424527999258006,4,-0.9922255674448869,2,0,1,2.042238900961113,0.6576628482472653,1,0,1,0
29.0,70.81,1890.73,22,662,3,1.1633451763962201,5.2862423292547485,1,-0.7316920050970267,1,1,1,0.5543772660574198,-2.745297128759392,1,0,2,0
34.0,43.24,1460.72,42,621,1,-0.491369643931124,2.029215483482259,5,0.08289361846753518,3,0,0,0.038325402192229914,-1.5561454065160236,1,0,3,1
43.0,104.5,4644.86,30,629,2,-0.8455151660400466,2.9142187888338187,2,1.3362072571335966,2,1,0,0.3880533288018482,-1.1104386954321455,1,1,1,0
35.0,125.75,4076.38,36,655,3,-4.309898538206794,7.90851463284612,0,6.288959038816108,5,0,0,-0.09488298001522279,-3.232657598438734,1,0,3,0
38.0,90.32,3406.22,27,629,1,5.24572670259681,5.013092047134036,9,0.7859988554813784,3,0,1,-0.557115048212872,4.091775829099396,1,1,6,0
59.0,60.68,3376.02,47,655,0,-3.2563067809704007,-5.932648677479006,3,2.533836854571934,3,0,1,0.47442210062842194,-0.33662466774589095,0,1,7,0
36.0,109.61,3932.2,47,743,0,-5.020742008417634,-3.3968149812471724,1,-0.8515433338982629,1,1,0,0.5187009943118863,-3.2615828830819114,1,1,2,1
29.0,80.05,2279.77,62,736,0,-2.3861007808488965,-5.251390939589186,5,-1.5440967773896306,2,1,0,1.008506050606779,-3.575304157066382,1,1,2,1
16.0,102.64,1494.64,41,583,3,3.9617928522775685,3.3574024780755636,5,-0.7780147185037928,2,1,1,0.3614064611719362,4.694249284494156,1,0,2,0
32.0,49.95,1535.42,25,687,3,2.252952485483735,7.569420880427168,2,1.7228399526082758,1,0,1,1.062012989322223,-2.17530421548305,0,0,6,1
66.0,50.26,3285.04,44,634,4,-1.916797021542145,-1.7696148782312187,8,1.2934670222912854,2,0,0,0.22011063399000777,-2.2252390685221597,0,1,0,1
34.0,57.22,2074.02,30,563,1,5.348795224051551,4.0825525952306085,4,-2.3241956115074776,2,0,1,-2.138808384685224,3.3572418811055647,1,0,4,0
1.0,93.97,101.03,47,833,3,3.6170267845895983,-0.09206059116922616,11,-5.512641944429169,0,1,1,0.7179046742464223,3.307504422225436,0,1,4,1
1.0,86.47,91.56,70,745,0,2.9958026379452023,-5.81650480455565,5,-1.8298355954557972,2,0,0,-0.9338707761703049,3.0416807770441556,1,1,1,0
32.0,99.1,2992.23,21,754,4,-3.093107987992994,5.942554491993989,2,2.8766237021028536,3,1,0,0.6327563272065921,-5.101480167538256,1,0,2,1
28.0,88.3,2382.66,18,635,2,1.810173292278352,4.465942001757276,6,-2.0903984745200788,2,1,1,0.5978910991187497,-2.115634261215722,1,0,1,0
1.0,96.32,98.68,55,641,3,9.14912205710075,1.1357770568571923,5,0.24722231535428385,4,0,1,1.5264754611985272,7.489860179291654,0,1,0,0
43.0,75.73,3294.79,46,564,3,4.3480217979254805,0.6703840646762305,5,1.6190567367898028,1,0,1,1.1269377416856263,5.50655507084076,0,1,1,0
41.0,83.13,3511.82,29,687,1,-0.8263358456447067,3.4159199209695053,6,1.9121809477253398,1,0,1,-0.021357589698041867,-2.17575975562508,1,0,3,0
61.0,96.27,6058.58,41,716,1,-5.598150146626062,-5.171502588491138,2,0.17989556403541396,1,1,0,-0.8830641058159345,-3.648395390383556,1,1,3,1
72.0,53.98,3593.91,18,444,3,-0.8218787846558,5.222948528883789,2,0.3961490823755013,2,0,0,-1.3557226159210585,-0.739869327941186,1,0,1,1
37.0,103.74,3908.68,68,701,2,-5.218603228208928,-0.8200674433495754,1,2.8261018764306756,2,1,0,-0.04416006784355244,-7.167472966911846,1,0,6,1
60.0,104.4,6602.04,43,537,3,0.7678586798006284,-0.9067893258867274,7,0.9150623473227342,1,0,1,-1.4978733555474624,2.316098453384308,1,1,1,0
58.0,40.9,2224.23,58,652,2,-2.7605516501211325,-4.087835631994232,7,2.811630490568563,1,1,0,0.30399008257442806,-4.13335170835886,1,0,2,1
16.0,75.78,1100.62,35,658,2,-0.4341673892547979,7.57447710117399,10,2.5324046071461437,1,0,1,-1.104440021493388,-3.229910642713209,1,0,3,0
41.0,63.55,2625.34,25,612,3,1.9799828342955963,2.9918734830237828,6,-1.8798254844230202,0,0,1,-0.3352228625507225,-2.2643365458530273,1,0,1,0
72.0,19.99,1513.55,27,733,3,-6.10140282227409,-6.173804627012056,3,1.1688770889966298,4,1,1,1.6419737653094837,-9.590726917117465,1,0,3,1
50.0,19.99,1097.91,23,850,2,0.18717614997244403,-5.294066752488636,7,0.07792833432141488,2,0,1,1.732308655193479,-4.0503987271830635,0,1,0,1
10.0,30.52,322.65,50,737,2,7.169760272946018,3.1901771272042105,0,5.143827700692236,4,1,1,-0.08160727130277032,-1.2638405710213771,0,0,3,1
24.0,35.85,858.58,21,619,2,2.592516603862917,5.3534526691636115,0,0.19686476027695754,1,0,1,0.6827641358892327,-2.497214470746885,0,0,2,1
31.0,111.31,3673.18,36,645,2,-1.8746662426849294,1.5415567853612786,3,0.08690468766990689,3,1,0,-0.20547594548158077,0.6126370561141946,1,1,0,1
72.0,67.69,5239.37,22,474,1,2.8456308557752323,3.7803708049317337,1,3.1971989810499624,1,1,1,0.6518261455840946,3.7760431148653977,0,1,2,0
18.0,64.1,1215.67,52,821,0,1.2258449084277636,-2.729635130520882,7,-1.307727255870196,0,0,0,0.31290804439900977,-1.004262472844311,0,1,3,1
72.0,51.27,3842.47,19,648,0,-0.18718391219520805,2.1424290703260254,1,2.1773593952684807,1,1,0,-0.19298577655081656,-4.843044006635994,1,1,6,0
36.0,92.05,3432.67,48,664,1,0.2874748069463541,-4.946139730286954,7,1.6697764507035937,1,0,1,-0.5595329520109893,3.046415858137415,0,1,5,0
72.0,90.64,5893.44,26,573,1,-5.830512380774399,1.5660115420317353,7,-0.45775007741827556,0,1,0,1.4593702495263987,-1.6878037846859328,1,0,0,1
51.0,103.52,5492.72,21,682,0,-5.376117582132233,6.800108533551785,2,3.1227939807197593,2,1,0,-1.0669593925265843,-5.962967900226263,1,0,3,0
63.0,67.71,4222.49,23,698,2,-2.6276148206114662,-1.7273051056019215,6,-0.801811879478452,3,1,1,-1.4798196271473447,-0.9710236640747013,1,1,1,1
24.0,98.52,2600.07,32,722,1,-0.09070195558801047,3.551331205163942,5,1.6763777805583482,2,1,1,0.8468905752443862,-0.8448657728795937,1,0,2,0
55.0,44.42,2625.1,33,626,2,-0.8658963647804276,2.9967605771421164,1,0.7867328291661683,0,1,0,-0.7346595754864375,-2.1571572204673832,1,0,1,1
63.0,46.09,2619.05,36,449,1,3.135436621020575,0.8923322631056053,1,-1.7767118447790948,1,1,0,-0.7350053437008107,3.521766696878259,1,0,2,1
15.0,106.88,1523.97,40,603,2,2.6563879584480725,4.691547482005723,2,0.5215341284967783,2,0,1,-1.546073689684091,3.4690921188991797,1,0,3,0
65.0,80.52,5198.02,41,669,2,-2.882837241779462,-4.408235600473101,3,0.8140431750882534,1,0,0,0.6628466931957535,-1.6050325394442881,1,1,2,1
10.0,62.31,622.07,18,660,3,10.375568494198083,4.927541729151185,1,-3.961778857630238,4,1,1,0.6666429818129801,5.2321822050585345,0,1,5,0
9.0,47.96,394.35,48,638,2,4.519630513451623,1.2625778250170343,5,0.6325001645298955,2,1,1,0.6426194115766063,2.4112759991260835,0,0,2,0
72.0,78.15,6060.48,37,539,2,-2.4078374719770292,2.2702563401408016,6,5.3829184325160595,1,1,0,1.8338615884161042,-3.9448318079440825,1,1,5,0
38.0,67.59,2766.14,38,584,1,4.709861923212322,-0.2932017066334457,5,1.6710051475525822,0,0,1,-2.0035556830433445,4.571113402592493,0,1,2,0
1.0,149.99,157.9,23,818,3,-2.793225232733744,1.2125013188219271,3,-1.0474672078613767,2,0,1,0.5048479816515222,-0.3732513158483904,1,1,5,0
37.0,19.99,763.67,50,736,1,-1.095331877413067,-4.5016253674734426,12,1.197403250161173,0,1,0,-0.05090649328483405,-5.303115033232064,1,0,4,0
9.0,149.99,1284.33,36,758,0,-2.768989145708428,4.496304209921703,1,-0.11954364784892624,1,0,0,-0.688915024540601,1.8936769593847644,1,1,6,1
59.0,56.23,3412.89,37,574,3,0.5298463186135269,-1.630582452268844,2,1.8867591009501843,0,1,0,-0.1078773050766012,1.090562101205292,0,1,5,0
22.0,81.78,1689.31,46,662,4,1.4427682901935603,-1.5887303048020733,2,1.3034208816133424,2,0,1,-0.4388659507765681,2.0150029795301383,0,1,4,0
43.0,75.36,3011.85,70,541,0,2.4789581461766836,-2.8338589995892014,0,1.376742727356211,1,1,0,-1.2361192192222614,5.020236221997451,0,1,2,0
2.0,85.39,177.39,62,757,2,0.5341709282725988,-7.068764690764533,3,3.3491025007979514,0,0,1,1.630215897517076,3.115359167662297,0,1,10,0
1.0,41.54,38.89,46,823,1,1.3917295959303781,-3.7098396159898193,5,1.0233829570235164,4,1,1,1.4576510737743842,-4.040674604926575,1,0,9,0
72.0,23.15,1548.29,35,438,2,6.019385895983337,7.524277089393607,8,1.7469665156496483,1,0,0,-0.34188605519845,0.07557459869971975,1,0,10,0
27.0,66.12,1827.63,46,645,3,2.0728705890221106,-1.821954254832275,1,1.7006100796255712,1,0,1,1.6201071503856055,2.006315100683804,0,1,5,0
36.0,75.42,2586.04,37,412,4,5.073876060231918,7.685524158882459,4,-1.5360210129267955,1,1,1,0.2575606715326236,3.632350002035073,0,0,4,0
6.0,129.96,822.72,46,548,1,5.232788060217472,4.384528587369168,7,-2.2553601468944127,5,0,0,-0.26974602262221914,8.991500500114416,1,1,2,0
17.0,70.79,1242.65,39,497,2,11.185153241094264,7.024012444167338,3,-0.3317025966594268,3,1,1,0.9986391524885755,8.326174100729258,0,1,6,0
59.0,48.34,2626.21,30,672,2,-4.610282032269449,2.44207579728026,1,-0.4338385506450523,3,1,0,-0.019912320715279576,-4.09559324000671,0,0,1,1
61.0,87.8,5015.97,37,717,0,-4.227857152928071,-2.55694050910572,1,1.9266895434255242,0,0,0,0.7650428085303205,-2.3131800845287716,0,1,3,1
65.0,47.43,3298.55,25,424,1,6.639020408009708,6.777791438314566,2,3.007390598113905,2,0,1,-0.8064722444600375,4.888665758068261,0,0,0,0
47.0,55.58,2378.32,35,680,1,-4.566454793805045,-1.6800055526864222,4,-0.1735106321223553,1,0,0,-1.141217767470949,-4.216396050233187,0,0,7,1
48.0,90.59,4487.31,27,580,1,-1.4027528444966435,2.5421043665028416,2,-0.20132139692215845,1,0,1,-0.2777220172350952,-2.4289554941924427,1,0,0,0
70.0,103.7,7531.48,41,585,1,-2.631723329483513,-2.27792701156851,5,2.7862902645615586,1,0,1,-0.3733887359880377,-0.7165081865662176,1,1,0,0
41.0,66.5,2733.34,67,683,1,-3.678628082830512,-7.787720811641595,3,2.2334788338384914,0,0,0,-0.6165494144817653,-1.2206030212246564,1,1,9,0
16.0,84.27,1238.86,55,619,1,1.1732998347092929,-0.8505552953341438,0,2.197386057310041,2,1,0,0.14904197729299026,4.447967638293966,0,1,8,0
1.0,82.63,86.32,49,693,3,7.2698135994904005,1.0887018072144627,3,-1.8012724450837,5,0,1,1.011812319936819,2.77012981882146,1,1,1,0
18.0,33.63,548.32,18,597,0,7.976208404491277,6.43925357193898,1,1.3545618730574929,3,1,1,-0.014413612951964078,2.3569495139968435,0,0,1,0
13.0,99.62,1188.71,40,622,2,3.1683622167095793,1.4304393363678076,0,-1.302722961047444,0,1,1,0.3410043665932117,3.716688732774473,1,0,1,0
1.0,128.58,135.6,19,850,0,-4.541402421535715,2.721248732753049,5,0.5694547591363601,3,0,0,1.7587317808639307,-4.296753917785829,1,0,2,0
8.0,76.29,613.22,50,738,5,0.48043819579140545,-4.953896103830041,4,-5.287598076149448,1,0,0,1.2231179532312997,1.904942539271156,0,1,4,1
1.0,59.91,59.59,36,803,1,1.3647772098303783,-1.4780760540978288,1,0.5506129646338884,5,0,1,-0.1348915734039711,-3.681293893852434,1,0,7,0
7.0,97.57,666.36,67,721,2,0.7443713165633004,-8.118633140775826,0,3.124008382125368,3,1,1,0.6711889965492771,2.004360968212772,0,1,10,0
15.0,84.89,1210.54,45,530,2,10.669535578540328,4.695049838174064,1,1.2994021875321993,3,1,1,-1.4142605555229513,7.815005565689616,0,1,4,0
1.0,122.12,129.54,24,794,1,-2.7316715335149695,4.586446784138291,5,1.128674517857066,3,0,1,0.9311845218433307,-3.1576998438584867,1,0,1,0
63.0,119.99,7375.97,56,447,1,-1.7156086830781816,-2.6847784065255325,11,0.7184963726071817,4,0,1,0.31693593321719854,3.522367838992672,1,1,1,0
20.0,64.29,1215.38,49,641,2,4.007662770617421,-1.900130547032303,3,2.190006568573851,3,1,1,-0.3631261278876993,1.740915306888518,0,1,6,0
1.0,133.9,142.52,28,769,3,-0.08876083142122558,4.314419422688005,1,-2.0310467914159993,2,1,1,0.6058047523279739,0.848473352906582,0,0,3,0
16.0,104.59,1509.77,18,850,1,-2.4705053059216664,-3.510949125298379,2,-1.7228256299318492,2,0,0,0.35689537729081455,-5.323308932539555,1,1,5,0
11.0,106.43,1243.98,28,744,1,-2.2142970769277395,5.732327221681042,4,0.5658191621512203,0,1,1,0.44924597125802035,-1.8250196746670917,0,0,2,0
7.0,80.2,581.59,72,735,3,3.1101316949848634,-7.189323761118804,2,0.30635669138032773,0,1,1,-1.4739803315594469,3.409999995615441,0,1,2,0
17.0,81.42,1290.73,38,705,2,1.4948764370336607,-1.018814129317464,6,-1.5382812692961467,1,0,1,-0.8420539933913921,1.5418987641177855,1,1,0,0
40.0,53.22,2020.28,24,455,3,10.333682936882745,8.930420564038068,3,0.019736579496528184,4,1,1,0.9595145956255778,5.408830165865867,0,0,6,0
1.0,26.02,26.58,53,763,1,7.322149672661278,-1.894845653580036,10,1.5573864113928277,5,1,1,1.1349816677779403,-2.1113665976996976,1,0,5,0
72.0,19.99,1420.67,30,559,1,-1.747459617578862,-1.4817231524068724,1,2.8418219895224666,3,1,0,0.023977650354550455,-4.569235967774664,0,0,2,0
72.0,59.1,4339.76,33,471,1,0.5961067806996799,0.251887236141218,0,1.6873032607355447,1,1,0,-0.6928869287033375,0.24452305273378735,1,1,2,1
6.0,93.38,566.21,73,766,0,0.28153703780292105,-10.253194199508536,3,2.051776798254952,2,1,0,0.7886780198082682,0.7472225402558536,1,1,9,0
8.0,108.06,802.34,46,669,4,-0.02453043500713028,-0.19758971126263944,5,-0.6108608662514637,2,1,1,0.18575453793769325,2.0407369150855126,0,0,1,0
72.0,19.99,1443.71,40,533,0,0.6970762308782125,-2.5243180959588134,6,1.8006969200494372,2,0,0,-0.22397493169978255,-1.7901682401956154,0,0,1,1
46.0,100.34,4863.41,28,599,2,-4.457417142744138,-2.9198340117616772,3,-0.7883269414604336,2,1,0,-0.011591305340303433,-1.4128829503623137,1,0,10,1
32.0,65.78,2186.99,56,565,2,5.375087212359929,-1.0901861668377797,10,2.088446545209405,1,0,1,-1.2689230874555066,5.2519791327121,0,1,2,0
17.0,149.99,2360.97,40,739,1,-2.1735447581707614,0.23619036740034602,2,1.638154201686639,2,0,0,1.8322250864519685,3.373280038281881,1,1,1,0
60.0,83.41,5394.53,31,658,2,-2.5211609037918774,-1.5233831277568957,10,-0.2783237761949332,2,1,0,0.10350457324522731,0.269570128994257,0,1,1,1
1.0,96.73,87.19,61,781,4,1.0438696365319358,-6.8646331876186535,0,0.6352223367336884,3,0,1,1.5301440998439293,1.7419316700804015,1,1,9,0
72.0,67.87,4662.57,51,468,0,-1.635322890700209,-4.908584142531633,2,-1.8289266459674325,4,0,1,0.3949327502542474,1.3756794321259773,1,1,1,1
58.0,52.48,2813.93,32,559,1,4.427357997883134,4.674975653876215,7,0.9335730783511015,2,1,0,1.2633127861235334,0.0879717568260276,1,0,6,0
39.0,93.0,3805.95,49,830,1,-4.542287139472512,-3.7172871281535156,7,2.256397445348042,0,1,0,-0.07273000121386362,-6.626217575704557,1,1,1,1
31.0,97.69,2855.28,19,688,1,-5.466060621776748,8.47075109357752,6,2.204101507843112,2,0,0,-0.15845179957848196,-7.208505869543385,1,0,1,0
32.0,67.13,2016.4,39,631,3,3.0417069286488903,-1.4606394297793392,4,1.3903677513473438,1,0,1,0.08023103652325862,2.385358271383201,0,1,4,0
1.0,103.54,107.87,63,803,4,0.023229111405500803,-9.828725802632192,8,0.9892812239602986,2,1,1,-0.5782978825034645,4.040097461515924,0,1,7,0
72.0,74.07,4824.39,50,560,2,-4.050072985120487,-10.464470441294237,7,2.11117145444711,1,1,0,0.9290760208771718,-1.91465521524978,1,1,9,1
61.0,24.41,1559.18,18,756,2,-0.0816761634799661,9.754024116949228,8,2.406793243185016,3,0,0,-0.5443795893481869,-10.582096771210773,1,0,7,0
1.0,102.57,111.85,76,812,2,1.0956002409621395,-9.113254614683843,4,-0.20398580479494932,2,0,1,0.08695862626318614,2.3659640924791403,1,1,7,0
53.0,59.37,3269.1,39,470,1,2.6061476317781143,2.698290963637861,3,-2.6134367819541744,0,0,1,0.6584551996095005,4.259669574707449,1,0,3,1
46.0,81.11,3626.46,50,539,2,0.18035569850104674,3.4916706910249498,2,2.277338396212123,1,0,1,-0.5892190942266843,1.057745021899683,1,0,5,0
72.0,26.75,1740.93,39,522,2,2.7878994788008455,0.7169876664233167,1,1.2200595702651922,1,1,0,0.6748074597957427,0.7871236875612927,0,0,1,0
32.0,70.45,2057.04,31,594,1,3.6812790796092862,6.939483643644386,17,1.3793482920789861,2,0,1,-0.1099398738904949,0.8725825425888273,1,0,6,0
19.0,111.93,2336.76,33,790,2,-4.87656711110396,-1.8169819749713956,9,-1.384096955173141,0,1,0,-1.0903471973896963,-3.237346754108082,1,0,4,1
26.0,126.84,3568.44,36,507,2,0.3687494487295049,1.9745524013511417,8,-0.7200539083423244,1,0,1,-2.3667406954074948,2.96132576101142,1,0,3,0
72.0,59.21,4181.61,23,661,2,-2.671087611723195,5.736728487696321,6,4.196413184678477,3,0,0,0.5548584778201263,-7.908865235621715,1,0,5,0
72.0,57.03,3908.28,18,390,1,-0.2890225747740776,-2.843734608686405,2,1.2220522544973824,1,1,0,0.6247192609199335,1.4615734135958176,1,1,5,1
16.0,38.86,616.45,63,755,2,2.2709506760739293,-5.236122223548943,2,1.143208172976662,0,0,1,0.04827073894579429,-2.2830001614482183,1,1,1,0
72.0,46.68,3412.81,22,382,2,-2.4505299299174372,-1.9175395051842503,3,-2.284662791568611,2,1,0,-0.6636842273331293,1.0936183066133742,1,0,5,0
41.0,65.62,2855.37,79,639,2,-1.2772394257608486,-6.201820063945072,4,0.6455146881625841,2,0,0,0.9274253693043712,2.452864323771017,0,1,2,0
57.0,74.12,4602.87,24,527,0,1.7247974766568492,6.53254753466289,7,0.7325054233207781,1,0,1,0.8137534250056284,-0.9816396399140271,1,0,4,0
59.0,127.04,7490.59,42,704,1,-12.508343990070095,3.1102410167760803,4,6.654679575018411,0,1,0,-1.4663624489179785,-9.81747892991281,1,0,1,0
69.0,80.0,5694.66,22,631,0,-1.5719254858278315,0.09099163962228614,6,1.7117817456288498,1,0,0,-0.6152851045128295,-1.1479573773341707,1,1,2,1
50.0,35.45,1736.19,42,620,2,-1.6927795386400473,-3.4238108672197,0,1.4094419849409112,1,1,1,0.2383004925791226,-4.315174925806569,1,0,5,1
24.0,63.72,1572.16,48,633,2,2.170014063057104,-0.2058435787773196,1,2.0901573855700524,3,0,0,1.1031744728179542,0.3213248633910323,0,1,5,0
53.0,37.54,1958.18,29,464,1,7.275292586300222,6.009634613349128,5,1.30008057089033,2,0,1,1.2277638268641329,3.9004323592542347,0,0,2,0
1.0,149.99,148.06,36,831,1,-8.23730783820362,2.465271094715855,9,3.3648864948749897,2,1,1,0.23115900713973106,-3.3385215900364846,1,0,5,0
1.0,147.44,159.49,74,693,3,6.448378276283056,-2.5267557345473666,0,-0.45279131355475,2,0,1,-0.9689842497924961,11.097000454574319,0,1,1,0
31.0,42.48,1367.36,35,659,1,5.554537142512813,-0.6485176298087044,6,0.8193170560043112,1,0,1,0.5457860632874985,1.5862450397424743,0,0,1,0
72.0,44.94,3209.92,31,554,1,-5.632598630942482,-7.188027516046442,6,-0.7630404465682004,3,0,0,-0.014059623336384424,-4.199499744548087,1,0,8,1
60.0,66.71,4034.28,32,546,2,0.18016715116591675,2.1512719598427283,2,0.5832098362775244,1,1,0,-1.0129486520223046,3.150450029746311,0,0,1,0
46.0,48.81,2300.42,44,682,1,-1.2009776622876647,-3.464854748371788,6,-1.1787525344347207,2,0,0,2.7178263772691684,-0.7002509884275404,1,0,0,0
29.0,100.44,2982.61,49,559,2,4.307108438571243,0.7761376235552557,3,-0.15935013145590038,0,1,1,-0.3509915782685978,5.697150770007308,0,1,2,0
23.0,100.95,2334.15,39,654,2,2.0171696014557217,1.8476361799725662,5,-0.7527085587919485,1,1,1,1.8553251068582695,2.7312985301095827,1,1,2,0
57.0,28.68,1648.8,46,634,2,-1.6139796110499711,-2.0182299841672746,0,1.870494679962233,1,1,0,0.8436786571493455,-2.3183224363633643,0,0,3,1
49.0,104.68,4716.68,48,679,1,-6.461129708059956,0.46682988496258654,1,4.515815464051104,1,1,0,-0.6816644818313946,-5.704389998172962,1,0,1,0
38.0,122.65,4602.24,33,678,0,-6.153414144508803,-1.353133867350627,5,-1.985066886343092,2,1,0,-1.43471177610059,-1.975468927180005,1,0,5,1
16.0,112.39,1709.67,52,679,1,1.678877264287184,-3.2105140396464895,3,-2.089296764482335,1,0,1,0.8505973109745194,5.436020130748438,1,1,0,0
56.0,40.96,2457.83,47,609,1,-0.7943620198954248,-2.1702185162541507,4,4.001723021374485,1,0,0,-0.586427598445643,-0.2658729353218437,0,1,7,0
38.0,31.51,1309.46,36,596,2,4.441815484593702,2.6733042620597023,3,0.8044153788983764,2,0,1,0.7484941921595968,0.39506253803741226,0,0,1,1
19.0,78.86,1508.95,52,677,0,1.1679767978171174,-0.7935770417305036,1,-0.5648159661236384,1,0,0,-0.5308413317679246,2.1882326030265116,1,1,0,0
63.0,137.75,9198.82,50,627,3,-4.407793039162073,-1.067978405969729,10,1.9341044023404401,1,1,0,0.7458183936491236,-1.1638593964372508,1,1,4,1
16.0,113.69,1858.81,23,725,0,-2.625011581249617,5.751143544406026,8,0.5893837516839329,0,1,1,0.8354869488337978,-2.122082639719688,0,0,1,0
35.0,47.93,1707.99,64,727,0,-2.382680816074452,-7.703531205664287,1,3.4110920430117755,3,0,1,1.2763690601328839,-0.7039310610673143,0,1,8,0
1.0,58.69,58.91,68,841,1,-2.017420695966038,-7.068558006065575,7,2.26890425311583,0,0,1,-0.0863637423810919,-3.681962124759052,1,1,4,1
43.0,90.91,3607.81,25,712,1,-0.6036166415318363,2.9139282777367828,2,2.614871815105779,1,0,1,2.670400963359257,-1.9362294595541305,1,1,2,1
14.0,86.96,1171.17,42,619,1,4.8824963692843975,1.477954275941857,2,-0.7533737611206007,1,1,1,-0.4276737248344239,3.550244723306548,1,1,1,0
63.0,120.46,8292.76,50,538,2,-1.218681077553283,-1.1159765913935473,2,2.0147260641507216,0,0,0,2.388355616518678,2.2187765134022297,1,1,1,0
19.0,76.0,1577.02,29,465,2,12.9663260368132,8.917995848343814,5,-0.30459903119350196,4,1,1,0.9427340834737619,9.025592269670742,0,0,7,0
57.0,71.93,4483.83,21,574,2,-1.929205713736694,1.9770583432088087,5,0.8979651251868523,1,1,0,-0.8471600906729024,0.3106448253259001,1,0,6,0
72.0,20.79,1538.77,36,529,1,2.1361608104921044,-0.9341698983242291,3,3.578442252304762,1,0,1,-1.3430192689980807,-0.5773072942648986,0,0,2,0
1.0,119.04,125.16,30,703,1,2.026248055487522,10.386783948278849,2,0.256087637781926,5,1,1,0.45395818313051645,1.5950703943395725,1,0,2,0
25.0,149.99,3654.08,34,727,2,-2.0930294409879715,1.8834198818448544,4,0.28392535199815494,1,0,0,2.179278110439961,2.0837672739830184,1,1,3,1
22.0,62.51,1491.97,18,834,3,0.595338455648212,11.120040491568899,4,-0.8352977520597337,5,1,0,0.5511761680824354,-9.422670798990314,1,0,2,0
25.0,91.58,2178.37,56,535,0,6.437545196539893,1.397249178852583,6,0.5791647061385317,1,1,1,-0.011757633815465534,8.300544369182294,0,1,1,0
58.0,26.46,1434.27,41,620,2,-1.6932769732724187,-1.614292799477303,7,1.934350422765256,2,0,1,-2.182100425803546,-4.776488396131868,1,0,2,1
6.0,102.94,652.52,18,804,1,-2.4101508213466607,6.517611874962294,1,0.43659115511488883,2,0,1,-0.21264402420422937,-3.8615062950447174,1,0,1,0
1.0,112.51,116.21,78,821,1,0.33926826938724,-12.322214028737571,2,0.8411866155499076,2,0,1,1.4835103334859037,4.158563765258292,0,1,5,0
72.0,57.09,4163.46,52,425,3,4.667660198975232,1.1943587238007842,3,2.3402392470355995,0,0,0,0.16410386103150199,3.3634101830520002,1,1,7,0
72.0,19.99,1398.04,18,443,2,5.6219744164342735,9.34071370595467,4,-0.8989012509496112,0,0,1,0.014011726941258192,0.7139232715914191,0,0,8,0
72.0,101.02,6924.31,31,647,1,-8.021818830894176,-2.2081352355033066,2,1.536732866296287,3,0,0,-0.7482920921861648,-5.13542227922662,1,0,4,1
72.0,49.44,3266.26,35,665,3,-8.244113429763992,-8.055121419103267,1,1.0624147037587455,3,1,0,-2.017274967619117,-8.576522392907036,1,0,6,1
34.0,98.17,3265.1,42,612,2,2.1620416293265516,-0.31716777904218413,8,-1.52847433313433,1,0,1,-0.19097584088062597,5.594489191057436,1,1,2,0
48.0,38.47,1848.62,37,577,1,3.2164726146986165,0.3340811887124084,4,2.728107544866202,0,0,1,-0.4622037133405565,1.5728865586879268,0,0,4,0
18.0,132.99,2296.78,51,809,0,-5.385147015420616,-2.560562657110386,1,2.0676462983460837,2,1,0,0.803703718935076,-1.8779994688094854,1,1,0,1
62.0,47.84,2977.65,46,670,3,-4.251527028580459,-5.0444708384432175,4,0.5038911318232919,3,0,0,0.8545234284595985,-2.4363654526205583,1,0,3,0
24.0,65.55,1658.68,44,567,6,6.894961268585236,6.103253069697022,7,-0.09231670918946955,2,1,1,-1.1235458193212489,4.911904251364018,0,0,7,0
43.0,101.71,4688.91,47,537,4,1.1972815700263204,3.6006334240922695,5,1.9660510680161054,0,0,1,-0.7529687324326843,2.7862737929128722,1,0,4,0
37.0,103.11,3980.73,46,730,2,-6.141339010676679,-1.5660204159976385,2,0.41818487646288005,1,0,0,-1.4818668507831434,-5.355156841462813,1,0,2,1
72.0,79.38,6002.44,35,700,3,-5.325106162378555,-1.4342732757368357,3,2.9803985870843905,4,1,0,-0.6247948784118772,-4.728606244433344,1,1,4,1
15.0,104.73,1515.77,47,502,0,6.697701503478576,3.726474572296543,7,-1.7745965512532589,0,1,1,1.4721249296157566,8.674772049417731,0,0,3,0
12.0,116.1,1341.45,26,834,3,-5.377130151680242,4.734112224223625,2,2.551386037964374,3,0,0,0.11111246399841462,-6.076170271509589,1,0,0,0
6.0,75.06,436.66,54,660,2,5.371650277094302,-1.7621694152644714,5,1.4386973193568462,2,1,1,-0.7369861016978553,4.075091716166812,0,1,4,0
6.0,86.32,502.69,18,850,1,-5.720429800230917,9.055915247356374,3,0.1332849150425326,3,1,0,-0.4292301116451869,-11.164221663364545,1,0,0,0
1.0,127.52,128.78,50,797,3,-1.8218925337934229,-0.10101619151686522,11,-2.4550098921057293,1,0,0,0.4310809847776733,0.5152219929841735,0,1,1,1
6.0,62.89,382.59,46,707,0,5.474360468438675,-2.1911541765951683,5,1.0591665435687094,2,0,1,-0.875038652801504,1.9563958842113964,0,1,3,0
12.0,88.13,1123.07,69,683,3,3.2633118011051434,-5.003461818476336,2,-0.03653771089842672,1,0,1,0.19114807165457207,4.314803428992186,0,1,1,0
37.0,88.79,3322.87,18,602,4,4.324328648655091,6.6078622654492465,1,-1.9815628201587985,3,0,1,-0.6159917816543021,1.111519681835724,1,0,3,0
24.0,92.78,2098.13,23,810,2,0.33888989383533347,2.4971113423896103,11,0.3674495163025591,4,0,0,-3.183769318003369,-2.0911057523871834,1,1,2,0
18.0,134.79,2276.36,35,778,2,-3.725352089266324,0.957589695077612,3,2.6259046727253645,2,0,0,-0.45903854631088153,-1.2333287212750068,1,1,1,0
72.0,84.89,5514.59,33,532,3,-1.4261677528524934,3.673541849152632,4,2.7804280062911593,0,1,0,0.26213904279359296,-2.291747173879462,1,1,4,0
64.0,61.75,3976.92,37,592,0,2.882165723410085,2.3142848206265327,3,0.9367908143346089,2,0,0,-1.9234504664058547,-0.09750488567439716,1,1,6,0
18.0,96.32,1586.75,30,850,3,1.0751525722234427,-0.3688993688503989,7,-0.042804406356075075,1,0,1,0.40593117385812166,0.6470166143019581,1,1,4,1
72.0,24.55,1771.06,25,683,1,-7.053818076469203,-6.729743264155303,3,-0.4857676607688492,5,1,0,-0.5344502759619867,-7.851868624994349,1,0,7,1
72.0,90.76,6527.25,18,470,5,-3.525477601408128,3.490933600888929,2,-1.3821010992010003,4,0,0,0.8019372143303182,0.049549828339008894,1,1,9,1
30.0,93.91,2678.72,53,631,0,1.3871220877668717,-2.8644475133098064,7,1.905783820752351,2,1,0,-1.1321462161535742,3.4843855229683385,0,1,5,0
32.0,77.15,2256.48,34,640,1,3.7994553916996505,1.069279717952312,3,-0.5415678654855011,1,1,1,0.33082668324856607,1.8326621993320182,1,1,2,0
12.0,62.8,716.15,49,716,2,3.32342937982377,-3.31436700163421,2,-0.9351454196968568,1,1,1,0.6993223063078676,0.991013652549318,1,1,1,0
54.0,83.94,4193.6,43,624,1,-6.8420887495473295,-4.650109225660164,6,0.5543536341774694,0,0,0,-0.20799459645195842,-3.9320817126931082,1,0,7,1
19.0,68.4,1191.97,62,681,4,1.213822660595896,-5.1079749672998895,4,2.38655416322509,2,1,0,-1.020468256533669,0.9644770364142529,0,1,7,0
34.0,49.98,1697.23,40,612,0,4.449055416148657,1.8219148978176471,0,1.3841703670896548,1,0,1,-0.6315141032169819,0.7444637901746725,1,0,3,1
72.0,41.98,3044.49,35,350,3,-4.692203036743118,-6.024605142317248,0,-4.611246867732958,2,0,0,0.737740930723388,2.0016581960375603,1,1,10,1
43.0,78.19,3319.21,62,647,2,-4.639121531191267,-4.451301666092475,5,0.002263906206993793,0,0,0,-0.8940396051133137,0.657349458291192,1,1,5,0
12.0,70.01,786.38,57,624,0,5.815939344454059,-0.5995344994102857,1,0.02937855952845736,1,0,1,1.4404823047203754,4.852582541447812,0,1,1,0
51.0,49.01,2260.62,18,600,2,6.404972493801069,4.197488950941861,1,-2.038144960298874,1,1,1,-0.5433706383783271,1.2635468829258876,1,1,6,0
67.0,97.65,6160.87,53,492,5,-2.1749560491299413,4.633083426151402,5,4.730378334719685,1,1,0,-1.314674627197136,0.2628181411898559,1,0,6,0
72.0,50.42,3923.68,46,452,1,4.245625577979428,3.337402460521509,2,0.8656108839913303,2,1,0,-0.1095336823343556,5.197017557713484,0,1,7,0
18.0,116.58,2013.07,63,672,4,-3.364788498080823,-1.4869274599494298,4,-2.4404124820838433,2,0,0,-0.14405285948319102,-1.5069797511590692,1,0,2,1
33.0,30.6,1048.24,31,677,2,4.029952040627962,-1.2361512880703205,2,0.19695082226558724,1,1,1,-0.02568341970989379,-1.2866043509698033,1,0,1,0
1.0,71.89,67.54,77,815,0,2.633118422457661,-6.667970668483644,11,-0.722619811166395,1,0,1,0.9004204515832821,1.6093435417024888,1,1,3,0
37.0,100.05,3655.33,30,695,0,-0.8231037922651071,2.8523693044123855,9,-0.1520889165731173,1,0,0,-1.457617055816012,2.601584835848122,0,1,2,1
59.0,118.41,7280.14,49,554,2,-4.6533424100597784,-2.8029699213791948,2,-1.1422573031105259,2,0,0,-2.1167642565629525,0.04469945972076579,1,1,2,1
72.0,63.85,4358.47,51,501,1,-7.142426706736006,-5.680195022333053,2,-1.6422429275452508,3,1,0,0.5721023138152523,-1.4478167279935312,1,1,6,1
2.0,42.48,88.98,29,850,4,2.819771497661581,-3.444144552979672,0,-0.058238661964202354,2,1,0,-1.8283620918781986,-1.8281158224006453,0,1,1,1
67.0,98.71,6561.05,28,650,1,-6.6070126224635155,-2.7272432807226266,0,0.8815297945287247,2,1,0,0.9504338832348709,-3.4941644354018213,1,0,4,1
63.0,125.25,8088.71,45,476,1,0.13472274617576543,1.398094795607313,3,1.2862405007484532,2,0,1,1.5720814659343856,4.545739784361509,0,1,2,0
33.0,65.04,2007.23,60,734,3,-2.4964673190848488,-4.810578709834552,5,-1.2014628248588193,2,1,0,-1.02211369247256,-4.100543674277388,1,1,0,1
72.0,39.82,3079.31,48,457,1,4.494262975763803,1.8461297473890317,6,2.4409932474987803,0,0,0,1.0780436212465396,3.4576734736515657,0,1,2,0
29.0,52.65,1459.99,49,631,2,3.539751606272121,-0.08501344283117548,6,-0.3035503118686126,0,0,1,0.1037857842906798,2.3901621512702214,0,0,2,0
1.0,97.3,92.98,59,722,0,4.784990871874089,-3.014496487220706,0,1.121064609338105,4,0,1,-0.8242852695514713,4.2730655489041744,0,1,6,0
24.0,132.05,3452.36,25,776,1,-9.665969728680748,5.5827719587886495,0,3.9439957036091737,2,0,0,0.6691098787362381,-8.776195114884434,1,0,2,0
38.0,74.82,3014.65,29,809,2,-5.4523871399229895,-3.5172635538067523,4,0.14609969305823578,1,1,0,-0.7251408900053824,-5.912556552969558,1,0,5,1
39.0,145.24,6114.1,58,602,3,-3.0186071053921313,-1.9957832946791627,6,0.2582584050181246,1,1,0,-0.7598837129725351,0.22653929585658383,1,1,1,1
18.0,75.72,1367.8,40,641,5,4.8422816541611935,0.7424649973376328,2,-1.539941501210862,2,0,1,-0.49232789099960983,3.936164970583794,1,1,2,0
1.0,64.15,62.04,42,800,0,1.17489300600268,2.6628210075557734,6,1.9086517801461547,1,0,1,-0.8675933492894647,-3.2945627736891496,0,0,0,1
25.0,19.99,533.67,45,728,1,3.307390281763491,0.07714517381345255,1,-1.0945884395847614,0,0,1,0.49384015505083256,-4.594689416453749,1,0,5,0
17.0,103.72,1757.85,47,562,0,5.812251492420012,2.3862633252930663,2,-1.6072320434592324,1,0,1,-0.556710987804982,7.790802571342176,0,1,3,0
1.0,83.19,86.14,67,850,1,0.05400580705067161,-10.138952670204011,6,3.1143035668589807,2,0,1,0.4058400621362179,-0.8074433839693766,0,1,10,0
45.0,19.99,892.72,65,625,1,0.7874198554229,-6.263285892813315,10,1.0485361425094226,2,0,1,0.5086061060263626,-3.3084370701778187,0,0,4,1
42.0,42.17,1673.27,25,521,1,8.453660960531293,4.242374393992948,5,2.060041850101592,3,0,1,-0.7425788235056788,3.1086869358215155,0,0,0,0
13.0,68.61,829.4,55,678,1,3.963431206367532,-1.715576138151906,3,0.48775294048009493,1,0,1,-0.11988330080343332,2.620556335446279,0,1,1,0
25.0,47.39,1118.77,72,763,1,-2.3547533555782376,-10.430304581434418,1,1.6517950292253902,1,0,0,-0.8933780277828065,-2.2540129869484007,0,1,9,0
21.0,40.62,846.02,42,602,2,6.335357374361965,3.3345276336531056,2,-0.21203329807451576,3,1,1,-0.8483320410719675,1.4338225266499387,0,0,2,0
54.0,103.52,5779.82,47,581,1,-4.641577722280088,4.741293034537833,2,4.68736500080148,0,1,0,-0.9301715305174995,-2.8923131504962645,1,0,3,0
3.0,104.87,284.3,55,652,3,5.0086420234692355,-1.8371449911926248,6,-2.3621719850233958,1,0,1,1.504108010679812,7.220080106474052,0,1,1,0
5.0,54.55,278.91,29,693,0,12.59890875776055,1.547477461571517,3,-4.622897846082437,3,1,1,1.3861059553900335,8.181199146649941,0,1,6,0
72.0,25.44,1749.12,32,509,2,1.2377715324976113,-0.5881604522763154,2,0.4414971694842951,0,1,0,-2.792608494332268,0.3227207725811328,1,0,2,1
58.0,56.63,3307.35,32,481,2,4.864345117353194,6.16866667228606,2,0.37172470115107287,1,1,0,1.1581106836368498,4.383855959854965,0,0,4,0
70.0,19.99,1444.92,37,470,4,4.558841270638147,-0.349051821986063,7,0.9032721140439599,1,0,1,-0.06156066583792509,-1.092616887064405,0,0,2,1
45.0,78.24,3693.71,56,495,4,2.9685608067303453,2.555585080214994,4,0.5067570275421771,1,1,0,-2.078960467374163,6.257335184403519,0,1,1,0
65.0,27.24,1810.05,44,485,2,1.0619814744604579,-1.3534963745216282,6,0.532967489721113,1,0,0,-0.7819399407000746,-0.37797417603591493,1,0,4,1
61.0,65.7,3685.54,38,518,4,3.4314049505516566,0.6932460440528723,4,-0.3535196820505354,0,0,1,1.0492139313558737,4.268402613623005,1,1,2,0
12.0,56.65,706.42,63,736,1,1.931355246104703,-3.741932936035958,4,-0.9075854137015072,1,1,1,0.8887119663020792,0.5840471818696853,1,1,1,0
60.0,45.29,2706.56,18,423,4,7.875286877832026,8.187093836478375,3,-0.024453149010424946,2,1,1,-1.0727025154137184,5.420710400027116,0,0,4,0
44.0,84.37,3453.7,49,509,0,-0.39633720162166736,2.0493480835803743,2,0.2990132959621795,2,1,1,0.9245677822588207,-0.2173550022136943,1,0,1,0
22.0,77.46,1762.25,27,768,1,-0.850702289222003,3.429853714569764,1,2.5387122995794105,2,0,0,1.6558346298297764,-4.031381928753308,0,0,1,1
63.0,60.19,4047.73,61,556,1,1.0157056194214675,-4.475725367258474,1,1.6050417136417083,2,0,0,-0.8765624866309423,3.4498855245782405,0,1,2,0
8.0,120.29,995.49,39,741,1,-7.566482844275484,2.65100589343736,3,0.6498198817561095,1,1,1,0.38665536076532925,-5.668207709285128,1,0,3,0
17.0,127.71,2352.39,34,725,0,-6.357999243852338,2.551642008265955,1,1.6912764386933121,0,1,1,1.3354026841055708,-4.675231791899528,1,0,3,0
9.0,33.83,277.64,41,740,2,-1.4622114135660529,4.448646776891581,1,-0.9815118785601648,0,1,0,0.1761888574113596,-4.110943017078546,0,0,1,1
2.0,122.73,253.77,23,795,0,-0.6436927210342458,4.015740639533565,6,0.44185538336883534,2,0,1,1.4720312558077742,0.3106689534227688,1,0,1,0
24.0,131.63,3014.41,51,453,1,3.793906141447502,1.0189627567236366,3,-1.2217825427083917,1,0,1,-2.065894690250761,8.414807510941857,0,1,1,0
41.0,114.66,4408.49,42,540,1,3.7041233060658127,-1.9485259021889783,10,-1.0713608194987088,1,1,1,-0.22023127776037238,5.276414140906017,1,1,1,0
26.0,110.31,3018.11,52,574,1,0.7966901782502298,-1.5432899090421182,1,-1.2920816191080942,3,0,1,0.23192749714419456,4.185692287111926,0,0,1,0
50.0,119.54,5507.23,31,832,3,-4.760508365227449,0.098094731220166,7,3.5103937771068945,0,0,0,-0.28685247565222405,-4.317890195635469,1,1,5,1
1.0,62.83,67.81,80,850,0,-1.5844169053973667,-13.70207587091981,1,2.8005025833662978,0,1,1,0.9022363337252326,-2.370696696147428,0,1,10,0
21.0,76.67,1770.53,41,640,2,2.180269773722397,2.392741390355663,4,-1.7612993468931348,1,1,0,0.48519818723773556,2.6551140629387042,1,0,2,0
10.0,132.08,1303.19,40,788,1,-3.5493337461099412,0.8255894608130084,0,2.7033176215631514,3,1,0,0.48877575881441543,-1.884327480851547,1,1,2,0
58.0,118.22,7514.72,66,517,1,2.3953837171963084,-4.322662260502365,7,1.614443059650355,2,1,1,-0.08537616465686768,7.868548193839198,1,1,2,0
33.0,77.81,2423.0,43,615,1,5.78272952701562,-2.036452556583937,5,1.0572871346935264,0,0,1,0.4918796890218771,5.191367126975645,0,1,0,0
25.0,95.83,2200.89,25,762,5,-0.09372104858679507,0.9783891870803184,3,-2.567422640559936,1,0,1,0.29064771115924415,2.4489763362219126,0,1,2,1
37.0,139.48,5288.94,18,813,4,-10.816650170585097,1.693121220285944,2,2.517954993662203,0,0,0,-0.6805245959368336,-9.386892970665514,1,0,5,0
72.0,53.2,3844.15,33,531,2,-3.972661992114036,-1.9368732288952764,1,2.4255986698042484,1,1,0,0.5867892627405827,-3.6139457580317065,1,1,2,1
61.0,86.0,5168.03,22,551,2,0.07534001952225293,6.355270406232844,3,2.027939480473149,2,0,0,-0.15327640623090633,-2.3593596682179045,1,0,4,0
69.0,68.81,4619.65,45,668,1,-3.6599672815334565,-6.454428472057299,0,0.5062846249146434,1,0,0,-0.35478699635124156,-3.8697273187211008,1,1,3,1
36.0,42.02,1461.77,25,597,0,4.714437698906313,6.230720956052955,1,-0.5692180961867684,3,0,1,-1.1504488800878614,-1.7871307518618362,1,0,5,0
66.0,67.15,4025.74,20,582,3,-2.505552376867285,5.712564230857276,6,2.3277208735829653,1,0,0,0.9095612185192927,-7.306913924297373,1,0,2,0
37.0,88.66,3553.71,34,561,1,-5.095536238850477,2.6420847213406753,5,-4.060039768948226,1,1,0,-2.27595104259867,-0.42260845697582144,1,0,2,1
72.0,85.82,6644.99,50,594,1,-2.9970514551786267,-0.14809790265491962,3,5.263197308639119,1,1,0,-0.14475291903269286,-1.6933678365592097,1,1,4,0
46.0,75.9,3189.53,38,655,3,0.4993092703739335,0.03474170542130855,4,3.0304193878884735,3,1,0,0.3760010080936441,-0.7433154395324828,1,1,0,1
67.0,62.6,4330.18,38,689,3,-4.542910050767902,-4.900086053906174,4,-1.2376980154174588,3,1,0,0.6550928663149842,-4.0477264122026355,1,1,0,1
63.0,65.54,4477.55,24,803,4,-9.446784522655769,-4.344591155822004,2,1.2182854558907898,3,0,0,0.9228427233959571,-9.535729853980108,1,0,5,1
13.0,149.99,1986.36,25,785,1,-6.326663647161836,-0.1691415340838997,6,1.1968594571136808,1,1,1,1.044306694400632,-1.8944837287343417,1,1,6,0
59.0,105.13,5726.73,39,669,0,0.10169846195820402,-1.5486669319123216,6,1.0818546272211154,1,0,0,-0.6899981425934907,2.9278007027042148,1,1,2,1
17.0,95.18,1762.46,63,693,1,0.8709601402702035,-5.238818716926109,5,0.6211265724405753,0,0,1,-0.5520102797798705,4.146637981288613,0,1,4,0
72.0,108.36,8194.92,35,578,1,-5.8732125635354935,-0.2644539059893538,5,2.354404313781748,3,1,0,-0.1651772608552836,-1.7924607566361663,1,1,1,1
72.0,111.66,7848.75,42,622,4,-7.253880760600106,-0.9836108579905987,6,4.43342646919537,2,0,0,-0.14335669364224157,-4.226110866251413,1,1,1,0
49.0,78.62,4181.63,44,469,0,5.9753883896077795,0.8374779134557621,3,-1.0410434762036287,0,0,1,-1.7356998945434072,4.838266900281928,0,1,2,1
34.0,42.09,1490.44,54,713,5,-0.5435587761239458,-5.487893121296641,6,2.129605173041286,0,0,1,1.0587196053253212,-2.6514102038214307,1,1,6,0
3.0,43.34,120.81,38,654,1,3.3422928987095037,5.361942451717943,3,-1.4237244855262552,2,1,1,1.8115369582405718,0.427883458406755,0,0,1,1
72.0,22.04,1458.34,18,483,3,3.3759558877309774,5.0419604522838855,4,3.41957889234502,1,0,1,0.16776397793193776,0.25110457730773483,0,0,2,0
3.0,104.4,302.46,49,818,2,-0.10649859224484938,0.2663668520831048,2,2.911978907317932,2,1,0,2.256576390900339,-1.1643303855219076,1,1,1,1
46.0,124.18,5585.05,35,592,0,-4.02733975810192,-2.5127133816624765,11,-2.1318497604746995,1,1,1,-0.19280539688483753,0.31021981100720286,1,1,4,1
19.0,119.54,2487.48,41,568,1,0.552368591165718,0.13653860279245156,4,-2.4324856995965747,1,1,1,0.5984661809037527,2.5089207336313253,0,0,3,0
42.0,20.84,800.33,62,613,0,2.4791518694218526,-6.127354632271198,1,1.210312702881211,0,1,1,1.6794195993597743,-0.22051451910672296,1,1,4,1
24.0,124.05,3079.69,39,808,0,-7.402243322433435,-0.18515337107055846,0,0.6601839770355352,1,1,0,0.17404628106386963,-6.11539836537128,1,0,1,1
72.0,33.43,2280.71,31,676,0,-1.3417033890158605,-4.358055315579895,4,0.13539152830797818,4,0,1,-0.010962741934555565,-1.3838865253281687,0,1,1,1
49.0,33.94,1770.47,26,553,1,1.432247035774815,5.499126976990585,1,-0.6135662297459369,1,1,0,0.3491796810684329,-1.577419935449991,0,0,0,1
13.0,89.42,1058.3,27,850,2,-1.4078765099771886,-0.2608828796681191,7,-1.0182720348480694,1,0,1,0.3619157649461569,-2.218330303821414,0,1,4,1
47.0,93.35,4744.25,42,624,2,-3.1469955219510473,3.7185166677725707,4,3.156218031268882,0,1,0,-1.6663107694916883,-3.1847046429200385,1,0,2,0
17.0,96.66,1607.41,52,717,0,1.688153835219178,-5.053685261093156,0,0.8096391826533227,1,0,1,-0.38619850403294625,2.1983502499443337,1,1,3,0
21.0,82.57,1614.56,25,704,0,3.5286734318682513,4.316953429458413,1,-0.8366092989151469,2,0,1,1.1139919561430445,1.2128001357526552,0,0,4,0
29.0,132.51,4142.54,49,595,1,-2.2848118335217844,-1.401839176970075,10,0.17266957139521932,3,1,1,-0.7575736723088795,2.8594972886220162,0,0,2,0
35.0,126.9,4372.95,54,601,6,-3.308567075649654,1.1776946636176766,3,3.2742902654610337,1,1,1,0.6421674533070357,2.020422650018375,1,0,1,1
4.0,149.99,586.18,40,755,3,-4.524120361710677,-2.0466361686107026,1,1.0821047996249142,0,1,1,-0.8021261290822116,2.2530811208346897,1,1,5,0
67.0,63.46,4403.89,29,762,3,-6.102185691629759,-6.549998411384034,8,2.005519693540424,1,0,0,-2.5721394162400655,-6.892005213530434,1,1,7,1
22.0,80.09,1798.2,38,834,1,-2.0487272198129056,-1.586742762526892,8,0.2515144067337053,1,1,0,-1.650441075736457,-3.0933480849606925,1,1,0,1
40.0,139.8,5856.21,25,735,2,-5.136522854741567,1.5957321011786123,6,0.6615622229781076,1,1,0,0.5109389512992427,-1.3761870398294724,1,1,1,1
54.0,52.8,2836.43,18,768,2,-2.913051483468489,10.212396274642176,1,3.9327003247380863,4,1,0,-0.36050026217512204,-11.202071238395332,1,0,5,0
2.0,104.15,202.44,29,698,1,0.02789087220288077,4.137498003316992,2,-0.5896145063535315,0,1,1,-0.025973150557871805,-0.46775520693783196,0,0,1,0
10.0,149.99,1622.82,56,723,1,-7.640530560466188,0.19405301522900928,3,4.083519543964948,0,1,1,1.5378426661583755,-0.8098302372226146,1,0,3,0
39.0,92.97,3487.1,41,688,1,-1.183198403731534,-2.0836180560238584,5,-1.6152635647713216,1,0,0,-0.06232497504522662,0.14959593754559583,1,1,1,1
15.0,67.36,1003.64,56,620,0,4.290118630378211,2.8241910331947837,15,-2.7237902059506762,3,0,0,-0.6486241151895646,2.7194415450612834,1,1,6,1
36.0,117.92,4009.44,63,454,2,-1.6713822513079797,-0.5149529531013453,1,1.030003297548208,3,1,1,-0.5119422400150059,2.53399972182584,1,0,2,0
69.0,44.94,2910.19,48,419,0,5.11315357069324,3.719743219008108,2,0.6897049233182359,1,1,1,-1.0277402967527627,2.2166387771471356,1,0,6,0
65.0,79.55,5581.34,28,616,1,-1.147715163557629,6.574405187069396,1,3.3320089515699616,4,0,0,-0.31802401374707556,-4.416636386216775,1,0,5,0
1.0,99.98,97.1,80,818,1,-1.7692031007285687,-11.606422008666138,2,-0.6530912189806893,1,1,0,1.0803386894104277,1.1536738860482192,1,1,7,0
72.0,50.93,4014.08,18,383,1,6.426066490910635,9.459984150358329,0,-0.21554106721448651,2,1,1,-0.6366482541594911,7.772264410879947,0,0,8,0
32.0,40.19,1292.15,37,592,0,7.70226590959212,3.7054836186776425,2,-0.3216128569057307,1,0,1,0.17932594781141353,2.9630408698140296,0,0,6,0
62.0,132.91,7661.41,41,577,1,-5.254358015100209,-1.38766150547321,4,1.0186184188394871,1,0,0,-1.552212506219873,-0.5309777730842127,1,1,2,1
20.0,136.6,2930.11,35,654,0,-0.19964083955922923,1.4270572328359328,2,-3.647387767513505,1,0,0,-0.424285420313237,6.209793959615052,0,1,0,1
1.0,74.22,67.81,64,828,4,3.3568207202766716,-6.557952139536872,2,-1.0164859465913922,1,0,1,0.8428645509436381,0.5673390081370732,1,1,0,0
37.0,69.24,2327.99,45,458,2,6.589986342777225,4.655859732575472,1,4.04983647053989,4,1,0,-1.1569802781665834,5.879564608222985,0,1,5,0
50.0,115.74,5748.5,33,612,1,-1.8121841443165836,4.351602190680615,7,2.306856869823414,2,0,0,1.2518921361203788,-0.20884939391340365,1,1,3,0
52.0,98.26,4971.29,29,777,1,-3.696717707305362,-0.5599083452702864,0,2.151407703452843,1,0,0,0.9545032883518861,-2.9156170880758774,1,1,2,1
22.0,54.89,1217.28,61,676,1,-1.8243846465078652,-3.23593853935184,0,-0.11185705756553965,1,1,0,-0.6961082565141601,-1.3766421272352805,1,0,5,1
47.0,114.06,5685.76,43,629,4,-6.190539716761725,1.283384550437457,1,-0.9511981400701687,1,0,0,-1.32082960986841,-0.5583938667742911,1,1,0,1
1.0,149.99,140.09,38,797,2,-5.711228119166214,1.3196989630638527,7,1.75652162844538,1,0,1,-2.1332041232031576,-0.14208216718906289,1,0,5,0
38.0,86.64,3561.23,33,523,0,4.123465465942608,5.995231794224028,11,-0.22672000336839926,1,0,1,0.05868412609031624,2.6068766242803805,0,0,4,1
44.0,82.21,3407.13,53,537,1,5.666578255116114,1.656423867367254,4,1.2671404630022418,1,0,1,3.120976620705856,6.131200895394232,1,1,6,0
23.0,111.79,2413.4,18,728,1,1.5870424817520994,6.150032790364204,5,0.2662100240273946,4,0,1,-0.5416009762076331,1.0350604605877862,1,1,4,0
72.0,44.8,2931.11,44,497,2,1.522466113454334,-0.5775480558360055,0,3.19085974092509,4,0,1,-0.45950182502552717,5.052655740384495,0,1,2,0
27.0,70.6,2012.67,45,583,1,5.857193525898174,0.7322781589405878,0,0.3574934537773525,1,0,1,-0.40849405072083955,4.9710573545110295,0,1,1,0
51.0,115.15,6244.39,60,525,0,-3.4424105050569485,-4.790575811917941,11,1.1536325473171067,3,1,1,-0.06700424519071033,0.28986823081749136,1,1,4,0
63.0,118.3,7235.08,29,601,3,-5.894370135403233,-4.023224109200737,5,-1.0962160171664266,0,1,0,0.6121698522755217,0.12187263767866371,1,1,10,1
24.0,56.72,1456.17,40,649,2,4.9831327401402215,-0.6702142373848563,8,-2.54657689534794,1,1,1,0.8251775798443923,2.069894363542578,1,1,3,0
17.0,144.73,2701.84,47,655,1,-1.5211955467989566,-1.2965959412858892,2,-3.0762746100846794,0,0,1,-0.21877296827795192,2.4645347990527684,1,1,1,1
1.0,94.37,103.15,44,789,3,2.0900331484049985,-0.42411078781699707,1,-2.349925300285854,1,1,1,0.9766770784340889,2.7597439743134244,1,1,2,1
72.0,19.99,1549.5,26,450,2,5.6905775206499305,7.2524305354419045,5,1.4254568307923385,3,1,1,0.5598479877702571,3.90685022936183,0,0,7,0
55.0,72.22,4329.22,34,612,0,-1.7630581284324107,1.9821608675908093,1,0.4974343352547179,1,1,0,-0.8875022691110557,-1.1909291154559598,1,0,1,1
72.0,101.27,6657.61,18,544,1,-5.0662470728619775,0.5968932241422188,3,0.7010209617806498,2,1,0,0.12362527440232741,-1.5079292237450774,1,1,4,1
64.0,19.99,1403.62,18,486,2,3.2929539933242284,6.775824377394369,3,-1.8599422108679664,1,0,0,-0.5285197474774946,-0.2711438548671595,0,0,2,1
6.0,59.87,387.04,54,656,1,3.8648915971745663,-0.12148530014714876,3,0.7095772875343574,4,0,0,0.6404291616742218,0.7238995591926433,1,1,4,0
56.0,62.98,3732.25,44,587,0,-4.413816672052969,-3.457720559710374,1,-0.8523224927976739,0,0,0,1.5079528734266952,-2.024535788237144,1,0,8,1
1.0,125.61,136.25,30,779,2,-6.11765942615836,6.912794139870782,3,1.823920635749588,2,1,1,-0.6965628707267122,-4.82747798357619,1,0,1,0
57.0,101.91,6199.02,31,793,2,-8.551039296227948,2.1479460797061107,6,5.426114869455187,1,1,0,-1.2617888126752372,-8.806695735605947,1,0,1,1
63.0,127.37,7681.53,35,628,3,-6.8968049317113405,-0.660378048044401,4,1.0269167581947647,2,0,0,-0.7911032905343276,-2.272992461573595,1,1,2,1
2.0,128.91,266.51,41,737,2,-4.2296611267209165,2.1704661552095583,2,0.15501102444246695,1,1,0,-0.7828614255712375,-2.4885403811710214,1,0,3,1
14.0,67.02,966.99,64,671,2,4.112108770079703,-3.325446457319938,3,-0.9634178630637856,1,1,1,0.07737464848238601,4.374977373654948,0,1,1,0
68.0,39.46,2778.39,49,623,1,-3.414373796028814,-4.871011996012535,5,-1.7617905760409092,5,0,0,0.7873408614220166,-2.6141734545134936,0,0,1,1
23.0,149.99,3322.75,30,712,1,-4.383375703525612,5.109611829041902,5,-0.578703856962928,1,1,0,-0.04900888273910334,2.7360252267760674,0,1,3,1
29.0,123.37,3904.82,36,758,0,-6.62442495190365,0.12146985698367904,8,2.009660376001388,0,1,0,-2.4903820591716204,-5.480261334970024,1,0,3,0
70.0,37.76,2511.5,50,568,4,-0.25345582099677033,-2.5883001852459904,8,3.546421937546092,2,0,0,0.8134467916833171,0.17256152536422367,0,1,4,0
3.0,120.18,367.25,32,698,1,3.3427978333454043,2.4547506337986884,8,0.2195657963472778,3,1,1,0.05757262087575475,4.932850663772105,1,1,1,0
72.0,19.99,1400.22,35,592,1,-2.9059449100472765,-2.2083027668451947,8,2.592961272226675,2,1,0,-0.14959353912159318,-4.712034238829938,1,0,2,0
1.0,146.0,152.63,46,640,1,2.302400288339857,-1.3612252510098617,9,-2.2519480210825007,1,1,1,-0.26649743115912444,8.38985225436898,0,1,2,0
13.0,106.62,1293.7,49,717,2,0.8623929548970904,-2.469076935149115,2,-2.6167492482887633,1,1,0,-1.4046898724677936,2.7218328680590615,1,1,0,1
72.0,49.51,3425.44,53,350,3,10.6951750490576,0.47247740059381793,2,-1.9777703088773944,3,1,1,-0.8461353836594224,9.683291264388634,0,1,6,0
62.0,70.06,4759.58,28,494,3,-0.030115024321652105,4.895889662945892,0,-1.6803768603996114,1,1,0,0.663036004339179,2.0726743747359873,1,0,1,1
21.0,83.56,1807.34,54,739,0,-1.1644208029264524,-6.233837663609709,2,1.733696511853667,0,0,1,-1.3693421059932527,0.8787621141387286,0,1,7,0
13.0,58.23,737.77,45,620,1,5.181044443236824,2.3545190663753806,4,-0.17138634246791085,3,1,1,0.10564845925449035,3.112912336278983,0,1,1,0
69.0,91.11,6429.83,33,698,0,-6.337780371917221,-0.3011324031170262,1,1.6254249267473666,4,1,0,0.3779756841324883,-4.479732615157245,1,0,2,1
72.0,51.12,3555.94,46,528,2,0.17283956776537465,-2.73574634022393,1,2.670570819451082,1,1,1,-0.11890855697006941,-0.7205715531982988,1,1,1,1
50.0,19.99,1002.11,30,455,3,8.743512824426876,9.886128479412768,1,2.511828789977668,2,1,1,0.6070897650280362,2.3755474346308962,0,0,4,0
59.0,19.99,1116.31,39,672,3,-4.042297524031163,-0.7178515268789567,3,-0.8222097140736514,2,1,0,-0.8572540337484265,-5.2577348569664295,1,0,0,0
20.0,20.51,414.18,40,664,1,0.6623079891567157,-0.31445527813403085,3,-0.8706903657927952,0,1,1,-1.3847605244519778,-2.957758287354466,0,0,8,1
33.0,28.6,1003.78,24,583,2,2.3174776259103314,4.104611922328961,10,-0.9409051996242904,1,1,1,0.8121764591570737,-1.1748206870164035,1,0,1,1
61.0,110.27,6549.77,42,565,1,-4.895294920783815,0.33341590855752146,2,2.0410825294554065,3,0,1,0.2989863658478419,-2.736146795224928,1,0,1,0
27.0,33.34,844.2,56,624,2,-3.3981248676911204,-3.0201593101604534,6,-1.1631609641128677,1,1,0,0.2997029602126641,-4.112605750629415,0,0,9,1
10.0,83.75,899.66,75,721,1,-0.2754234974460555,-7.739086963330286,10,0.8341046566485392,0,1,0,-2.469766321507475,2.6460012192142455,0,1,6,0
72.0,19.99,1389.96,32,414,4,4.428443442043144,9.494993528489672,1,3.642311395792052,1,1,0,-0.5443259765026652,-2.773111704389404,1,0,10,0
33.0,23.17,811.2,32,500,0,10.784083016729763,9.713228794812972,3,-1.1408374677893591,3,0,1,-0.3641497203402548,3.0956579216290603,0,0,10,0
50.0,40.01,1913.28,33,599,0,3.050401178756726,-1.1059619859250538,2,2.268180951637778,2,0,1,0.6993671272171202,-1.0581542984294101,1,0,4,0
3.0,91.58,285.65,33,689,1,2.115797551724715,0.7131138254065734,5,-3.5641981891498866,0,1,1,-0.23003513079300109,0.7105748043387317,0,0,2,0
43.0,134.07,5961.54,39,688,1,-7.494028356813075,0.732677661104844,2,4.018146065730531,0,0,0,0.4193911406487868,-3.9773641042577244,1,0,2,0
30.0,66.21,2102.84,39,500,3,6.420296053453873,5.166860865372018,5,2.3334344002595717,2,1,1,1.5302566961290138,6.402836698606107,0,0,2,0
4.0,81.04,297.69,49,700,3,-1.3550756374423065,2.5438383434152936,2,-2.4510604983406163,0,0,0,-0.8529980375287805,0.3581763147279489,0,0,1,1
41.0,94.19,3681.0,26,653,4,-3.636175374829824,4.000825119590623,3,-0.15207134761368624,1,0,0,-0.2577647558690908,-2.14635809558396,1,0,2,1
1.0,93.73,100.71,57,743,1,3.2650626564859064,-5.019902255742101,6,-0.035941486990780924,3,1,1,-1.2661353783467437,2.506785607841318,1,1,5,0
1.0,67.2,71.02,18,850,2,0.06899293519323524,-2.2061687869326017,2,-3.436668895666167,1,1,1,-0.194081813636885,-1.7989342484717177,0,1,3,1
32.0,89.06,2770.51,24,797,2,-3.547146395614841,2.0287561683240494,5,1.7329863552101217,2,1,0,-1.1333038823686166,-6.5183429959611825,1,0,0,0
57.0,79.25,4772.33,48,604,2,-1.895731404447717,-2.849169647216451,2,1.6489020119181519,2,0,0,-1.240295122419853,2.0340300315212376,0,1,3,0
32.0,85.68,2801.57,51,542,1,5.575932910523949,2.2874762454258475,11,-0.22429510960755883,2,1,0,-0.13504709723691996,6.179880773358332,0,1,3,0
29.0,104.32,3007.45,27,613,0,0.45507818991961413,5.361157282058538,1,0.16664107283649443,1,1,1,0.23843602452533633,-0.23907371679697154,0,0,1,0
72.0,42.13,2818.6,40,419,0,0.3767023422548489,5.9953141674289885,3,2.54427566078731,1,0,1,-0.8612886835399552,-3.9609366937467145,1,0,5,0
72.0,44.28,3458.91,18,522,1,7.321390335874527,6.782303442106396,2,-1.1307685571250707,3,1,0,1.2074589597172318,0.857147977095248,1,1,8,0
72.0,31.53,2089.35,36,534,1,2.9295251380761678,4.111212355117647,4,1.5512240453824426,0,0,0,1.2817046637016662,-2.322356549920611,1,0,7,0
26.0,19.99,486.54,29,636,3,3.18045616696873,4.617986934438804,8,0.33564098599525993,1,0,1,-1.1460688336896994,-2.4768455192646948,0,0,1,1
15.0,71.38,1039.69,27,685,1,7.2337166478852994,3.0270641952114716,3,-2.657155718993517,3,1,1,0.40241989458628113,3.6368110916531444,0,1,4,0
32.0,104.39,3634.58,18,751,4,-3.5881771774102917,6.735340401361062,2,2.272900885938379,2,1,0,0.8883975829358929,-5.428349887856388,1,0,2,0
1.0,81.33,83.33,51,739,3,7.180325427469749,-2.2362972060975856,4,1.847701834870175,3,0,1,1.5708837879747057,3.053640874331086,0,1,3,0
35.0,103.69,3346.54,36,573,3,-2.9197666292901374,-2.86596679773047,4,-5.009562546131359,2,0,0,-1.5868594331320756,3.8164210316018665,0,0,8,1
23.0,54.94,1161.42,25,633,2,5.559633262161453,8.264168989087901,2,0.6503539352798126,3,1,1,-0.6388511185090853,0.2638268583909718,1,0,7,0
13.0,74.34,870.86,59,831,3,-1.3142100260502736,-1.495745516212282,10,5.306821642567619,0,0,1,-0.9823496614536448,-5.498013149358683,0,0,1,1
72.0,96.51,6723.29,28,534,3,-5.8856862668423915,5.665850656703288,6,4.795503976231656,1,1,0,-0.783386427401483,-5.389925876540113,1,0,4,0
17.0,90.05,1505.01,45,508,1,11.910424329742117,1.140639159570126,1,-3.700149795948168,2,0,1,0.6056892211503977,12.376421305046826,0,1,4,0
72.0,90.28,5873.53,23,575,3,-5.3023567373526,-1.732714094375359,4,3.82998568541488,1,0,0,-0.754840452994235,-4.607838955879116,1,1,5,1
27.0,101.79,2841.44,39,809,2,-4.161406547742701,-2.6485516754472602,6,-0.35256564268671436,0,1,0,-0.09243403323239652,-2.1252049800612562,1,1,3,1
38.0,124.11,4644.05,35,753,1,-6.903293481568848,0.354814862436033,2,3.951438967519738,1,0,0,0.9024201663736414,-5.3604183885637555,1,0,2,0
64.0,53.82,3158.83,44,539,4,-0.9410862188451624,1.4873803469300095,1,0.45317554529046916,0,0,0,-1.0674049275649549,1.0362175609494555,0,0,0,0
39.0,70.1,2542.51,25,611,0,6.2593508728844345,4.222808500582777,6,-1.944308332914492,2,1,1,-0.008896768364370401,3.5605203857508014,1,1,6,0
64.0,108.66,7418.65,26,701,2,-4.814988128940685,-1.9609485697610827,1,0.8230420717314423,1,1,0,-1.943197567685856,-2.3822034367413445,1,1,1,1
10.0,57.54,528.74,27,584,0,9.600011687486367,10.228903691725819,2,-1.1762391348508605,4,1,1,1.5263784790289523,5.0066251111531335,0,0,9,0
24.0,57.2,1419.88,47,599,0,5.484270300623775,-0.13210252223518973,7,2.5221117519341125,1,0,1,0.4182601362991932,4.3661638502248055,0,1,4,0
1.0,147.98,146.37,41,817,1,-1.4099270434458744,-1.0405240621910912,8,-1.0450172671874096,2,1,1,-1.8256662667115886,2.125704770276391,1,1,5,0
65.0,100.81,5938.48,48,557,2,-6.378831611812418,-4.619652991799727,7,-1.0818736515085194,2,1,0,-1.373691731766982,-2.5546638973278526,1,1,6,1
33.0,67.36,2403.17,18,442,0,8.529984851914964,11.13780172134641,1,0.00246341292627561,5,0,1,-0.8439293555622702,6.002251815984901,0,0,2,0
21.0,89.74,1840.49,34,622,2,-4.423054577522071,-0.18171192167704175,4,-3.0380294564612824,2,0,0,0.027986708818024297,-0.9235200226191926,1,0,9,1
22.0,84.24,1741.42,63,640,1,4.921977133875897,-2.9846535145342585,4,-1.1643483443543157,2,1,1,1.7791213573739344,6.364720566448152,0,1,4,0
10.0,117.39,1131.8,26,702,0,-2.2154659230178115,3.243339179400019,4,-1.187853046365781,1,1,1,-1.055427784777432,-1.4703595142104715,0,0,2,0
31.0,101.17,2913.91,43,558,2,2.581787716881999,2.5147731014064747,2,-0.3717138718615779,2,1,1,1.4550276076515718,4.47082965329491,0,0,3,0
46.0,79.57,3310.46,44,480,2,4.234248581670854,5.155856313668513,1,-0.3191586134201999,2,0,0,0.47847589489370784,5.6136341384411015,0,1,4,0
22.0,79.86,1824.74,80,731,2,-0.5490893582942987,-9.328732179692851,4,-0.19707111857212267,2,1,0,-1.2437726829274458,2.2379061396207844,1,1,1,0
41.0,49.27,1970.25,59,732,3,-1.5009561019804891,-9.010101329713885,2,-0.20293233372298303,3,0,0,-1.2844615662544334,-0.4745852921893731,1,1,4,0
72.0,19.99,1384.91,41,566,2,-2.5478718760125934,-0.8539783382280268,8,0.6803097931321789,3,1,0,-0.5012804876013561,-3.316696790842434,1,0,3,0
15.0,26.32,429.27,31,850,3,-0.49380166012204746,-4.745377004470923,0,-0.1305067647348157,0,1,1,-0.3737315312206301,-4.774590609860197,0,1,2,1
43.0,57.99,2521.37,40,529,0,5.098380717183654,2.417903184042626,2,0.7042208625069858,0,1,1,1.3924987464018186,5.280672250707189,0,0,1,0
72.0,88.91,6917.91,65,505,2,-9.606848011501365,-6.226713404423441,1,2.29898005659906,4,1,0,1.0803346372375657,-7.004485296854454,1,1,4,1
1.0,80.16,82.83,40,806,2,-2.6279569801828586,2.3344401150267267,1,1.5450115771397617,3,1,0,-0.24205266038797055,-4.441435298432533,1,0,2,1
33.0,76.5,2611.3,47,564,2,4.6558764765347505,0.8419039990024311,2,2.0154209165534964,0,0,1,-1.0304348427163827,5.857115055350342,0,1,1,0
16.0,84.05,1449.35,67,709,0,2.6829895162979374,-6.367445302669018,3,-0.8341683530890226,2,1,1,2.2459380089186176,4.449430278221687,0,1,1,0
33.0,52.96,1779.01,53,737,3,-3.4587925194034486,-2.1382516060594576,6,1.3150752657991396,2,1,0,-1.6648364179318464,-4.5222136655808605,0,0,3,1
72.0,57.93,4059.5,42,608,4,-3.5018533489244166,-6.801313212715799,2,2.6233145891994005,0,1,0,0.2859660184438835,-3.7203433789033205,1,1,8,1
47.0,86.17,4166.93,41,583,5,0.9205440733956622,4.1538796464062875,1,2.5115920403487406,1,0,0,0.8118480412706127,1.125234273420209,1,0,5,0
22.0,109.27,2223.4,24,754,6,-4.096861159802598,3.9320544099722063,3,2.610637965687051,1,0,1,0.9800025893061792,-5.101686997872821,1,0,1,0
1.0,128.44,131.2,75,836,3,2.268378134929673,-7.699890681496837,2,-2.313523473918694,3,0,1,-0.3509830918613299,3.666022133398863,1,1,2,0
1.0,98.31,98.92,56,669,4,5.401217980724048,0.1945521654470233,1,0.612383658761737,3,0,1,-0.2484659429913832,5.3556700012941105,0,1,1,0
72.0,67.75,5335.79,33,630,1,-4.622046559405488,-3.4147817276906665,3,3.7955276080401386,2,1,0,-0.31733974567077156,-3.1913538695725614,1,1,0,1
4.0,149.99,543.21,52,670,0,-6.756174519327688,-3.096360124154552,1,-3.3885066193802023,1,0,0,2.115411240055891,-2.700695514878171,1,0,8,1
20.0,51.26,1015.97,39,669,5,4.1235406330616815,-0.8176596488630047,4,-0.005555613436714069,4,1,1,-0.25117765840622375,-1.4389944117558775,1,1,2,0
40.0,100.61,4044.72,27,774,0,-5.469661545875451,-0.9512940006597721,2,0.6724663259519849,1,1,0,-0.7126956980008263,-3.4205832847906845,1,0,2,1
26.0,120.72,3159.05,50,691,2,-5.290015746527228,-2.252342334349785,0,-1.2975400967401345,0,1,0,1.917048096587345,-2.314123579003384,1,1,4,1
1.0,93.12,87.1,33,609,1,7.450149823509003,3.9117360612475736,10,-0.6891909775034356,5,0,1,-0.45746944417738145,6.320016594544128,0,1,2,0
39.0,141.68,5884.04,52,648,3,-6.870028980206837,2.670354755088894,3,5.716320552958794,1,1,0,0.49792203113932987,-1.6400995953723227,1,0,0,0
45.0,34.75,1563.84,36,714,2,-0.3472341088557482,-4.156643020592826,1,1.6658219451334229,1,1,1,1.0292704807519366,-3.305763766428364,1,0,4,0
14.0,75.0,1084.68,59,646,1,3.728709978427532,-1.3249906234092161,4,1.457220648381418,2,0,1,-0.6978102057767962,3.40604478924071,0,1,3,0
63.0,68.75,3981.48,43,469,2,1.5676511939658162,7.7594524233784465,2,3.6318683808490846,1,0,0,0.2925566571351415,-0.3590502075714412,1,0,7,0
51.0,73.09,3864.84,22,684,1,0.5119134676180864,4.143745925428758,12,1.7968578184539201,2,0,0,1.7006255387482647,-2.370485992213447,1,0,4,0
44.0,67.65,3125.72,18,773,0,-3.2773408964653936,5.9625363122828965,6,1.4302648553610915,2,0,0,-0.06157976455470421,-8.35345787257737,1,0,3,0
31.0,46.46,1519.38,37,602,1,1.1004510671941887,3.1867027258041554,2,-0.43407992941672535,3,1,0,-0.9081070107775138,-0.7572572289252995,0,0,2,1
67.0,92.77,5922.55,35,587,2,-7.8713212387358125,1.2731297657008198,6,-1.9026791746462495,4,1,0,-0.8214902830030635,-2.534769600806791,1,0,2,1
69.0,84.43,6334.97,59,512,2,-0.8936284889603694,-2.1612090576517597,5,1.4435995783240947,1,0,0,-1.076530780292379,4.972660127037191,0,1,2,0
25.0,146.79,3500.09,27,724,2,-3.6865462428775846,-1.687024617237721,0,-1.9151830584046143,1,1,0,-1.2848738794877368,2.0809713548123248,1,1,5,1
47.0,78.06,3992.68,40,517,2,3.638055549271743,2.2002784391612247,2,0.787603867620923,1,0,0,-0.30424265710992027,5.010025986186961,0,1,0,0
43.0,73.12,3289.57,37,631,1,-2.6280001110742828,1.1252007470595402,2,-0.743683405367468,1,0,0,2.4546735905545773,-1.0335181530080546,0,0,4,1
56.0,79.88,4274.7,30,559,1,3.4998524301539913,2.380401403232498,2,-0.29605992833287276,0,0,1,0.5527623360908271,2.750204113909627,0,1,4,0
7.0,98.97,702.89,56,748,2,1.0652655277210845,-8.121245522359244,2,1.3957545190416867,0,0,1,0.9351398991450147,3.38725262981545,0,1,8,0
34.0,35.85,1114.58,32,636,3,2.9483553264698594,-0.22024621942375971,2,1.5848221270457872,3,0,1,0.3181493107012616,-1.1463905205704354,1,0,4,1
72.0,67.17,5263.33,36,538,2,0.9281246003020348,1.2979556295535375,2,1.050740511684837,1,0,0,-0.33348311143790765,-0.5657367990781491,1,1,4,0
39.0,95.44,3803.79,39,384,1,10.241236255133597,8.250398369049208,6,0.04976594590988159,1,0,1,0.4820037233651092,12.795546555656564,0,1,7,0
14.0,73.38,1077.6,18,678,2,3.170518115682964,6.574231678167392,3,-1.3331613686364165,2,0,1,0.9235036801650806,-0.91517001649659,0,0,3,0
42.0,85.99,3930.3,51,670,2,-1.0240279614519041,-7.079209417864791,2,2.6314773408373857,2,1,1,0.3472932627698585,2.65854495091497,0,1,7,0
26.0,86.11,2060.92,35,650,3,1.0829242459454702,4.157177235912134,5,1.474631348790313,2,1,1,-0.3696020320607774,-0.6263886017577164,1,0,2,0
23.0,147.52,3570.1,74,440,2,-0.1190061585968225,-0.810423018397992,4,1.4481135405256134,4,0,1,0.21502346087196758,8.711150456899567,0,0,1,0
41.0,48.2,2067.97,68,672,2,0.6817422696464475,-6.112506886308259,4,1.7992091863292656,1,1,0,-0.4176353444278857,0.05953200451456346,0,1,1,0
47.0,99.29,4535.3,48,547,3,2.7095893755357343,-1.5329706740794002,3,-0.733424496223133,2,1,1,0.8471436955146044,8.483718447359328,0,1,1,0
57.0,73.96,4246.99,37,509,2,-5.84938385717457,-3.6497966100425923,10,-3.0757359122294914,1,1,0,1.1655911351700439,-1.2635651618061339,1,0,10,1
44.0,107.5,4678.41,30,646,1,-1.7497072434021976,2.6819852985899133,4,1.330419929643642,0,1,1,0.6879416563003564,-1.0928085777583996,1,0,1,0
40.0,92.62,3863.18,34,708,1,-8.41678577303549,5.217042694405483,2,5.175431942952339,1,0,0,-0.8997014889873488,-9.904065238272775,1,0,0,0
59.0,66.24,3712.95,32,743,1,-1.1560706601148525,-0.16627392719959042,4,1.0444861114735828,2,1,0,-0.23437754515514747,-0.4899305601807068,0,1,4,1
1.0,63.32,57.7,41,746,4,2.8128874708723686,2.7277371506557,4,1.410481034316747,4,1,1,-0.4450099479656698,-0.8187718179617458,1,0,0,1
20.0,52.94,1144.37,42,643,4,5.30516468067902,0.3929675983198053,4,-2.2223326594226935,2,0,1,0.8108443442587571,2.154888045819699,1,0,3,0
24.0,85.46,1899.73,21,537,2,6.710235322164253,6.583350013348259,2,0.16122810830734524,3,0,1,-0.4205470087022417,6.197914090629674,0,0,0,0
20.0,61.33,1268.73,53,698,2,0.8148743827179159,-3.6782526729819787,3,-0.15513506356052142,2,0,0,-2.1550813083120484,-0.48792554268862176,1,1,4,0
26.0,74.94,2041.24,52,647,2,4.659995059433302,-1.901128880138821,4,-0.4627151078746431,0,0,1,-0.4361881916452537,4.3443337241446125,0,1,3,0
42.0,52.66,2323.11,38,594,1,-0.47406862747225076,2.884501075591603,8,-1.414124512595397,1,1,0,0.439243180738455,-0.17198776575220157,0,0,2,1
1.0,77.68,83.65,80,822,2,5.9488339085058035,-8.994264406742554,1,-1.8377978716627443,3,1,0,0.2723275345295084,2.6505281847486883,1,1,0,0
56.0,83.24,4946.09,50,658,0,-6.864127997070819,-3.0418093095769314,3,-0.9787339506762861,2,1,0,-0.8035780474499442,-1.5851889472335707,1,1,0,1
15.0,132.35,2171.51,45,609,1,-0.7353064316032215,4.714707162331507,12,1.4364488361030097,0,1,1,-0.09709139655443595,3.4399497415460365,0,0,2,0
37.0,20.3,743.65,42,635,2,2.9611706416716745,-0.692013732504521,6,2.7608603951274633,1,0,1,-0.30982164832548637,-1.2565426210946415,0,0,5,0
23.0,94.12,2028.38,72,688,1,-0.3075548373038613,-7.27572087647158,2,2.6614080905645268,2,1,1,-0.31550255768053953,4.1483725151131745,0,1,6,0
62.0,19.99,1360.46,38,612,3,2.7394286108993438,-2.2446425834708434,1,1.1407963761005901,0,1,1,-0.3122221395527313,-2.4130835532590593,1,0,0,0
63.0,79.95,5507.96,36,599,4,-3.279904913117491,-2.273135269537773,6,0.9914242348615148,1,1,1,0.12080025774301993,-1.8454860754288713,1,0,1,1
8.0,93.29,756.67,30,850,1,-3.6763660699977936,-0.10206048396671055,3,0.7930964255033238,2,1,0,0.3878016111642588,-3.6519904125150497,0,1,3,1
1.0,114.83,110.55,22,759,1,8.078865212941919,4.016932198755396,9,-5.818209643826846,3,1,1,0.660572889123552,7.628032111344002,0,0,0,0
14.0,71.37,1072.89,41,673,1,3.4365610444236045,-1.0655530052542792,3,1.2410785347682165,2,0,1,-0.84601819940258,2.217948608443072,0,1,4,0
22.0,149.99,3069.32,25,674,2,-5.252176778623506,3.6872973448867317,3,1.5863085475397194,0,1,1,-0.7700700598288903,-1.3132085684936683,1,0,3,0
16.0,72.6,1094.52,30,850,1,-1.69854192051212,-4.227851973541008,9,-0.6540572552556077,2,0,1,-0.8131142592429942,-3.1613717806829285,1,1,4,1
26.0,149.99,4110.67,59,598,4,-6.704933750498098,0.10994805038012617,10,3.310856845844097,1,0,1,0.3161626127570429,-0.663021324146249,1,0,4,0
72.0,19.99,1572.4,38,454,4,-0.13867754549925548,-0.3075220959071647,5,-1.4097270765291792,0,1,0,-0.3832323378122168,-0.852282265146226,1,0,5,1
56.0,34.31,1990.85,18,537,3,13.413842002932048,7.196089421473261,3,-2.881432462016307,4,1,1,1.4277235047826202,5.761993787262998,0,1,10,0
1.0,85.63,79.48,69,787,1,0.2746360014626103,-7.595520904869728,6,0.4047279901016373,2,1,0,0.7725966587853844,1.2241385994337535,1,1,9,0
69.0,49.28,3721.13,44,485,1,0.6980108258787112,1.2925281489114266,2,1.2788057676608893,0,1,0,0.2608554071705581,-0.5621619893148162,1,0,1,1
72.0,59.69,4484.56,33,537,3,4.653954022305714,8.804229993401517,7,4.593305765742638,4,1,0,0.021446100165412398,1.7531382243324658,1,1,10,0
39.0,53.27,2179.29,46,682,3,-0.7982770477788711,-1.730413163278156,9,2.5234576979693686,0,0,1,0.5799288639075155,-3.217999320606906,1,0,1,1
45.0,33.76,1629.48,18,488,5,9.492734031207224,10.717201532466824,8,-1.4289394518662406,3,0,1,0.28933543987683663,2.810176297812356,1,0,9,0
40.0,19.99,767.53,21,635,2,4.638220521274017,6.3171909658771295,10,1.4779489557665493,2,1,1,-0.3936187716761473,-1.907983743564348,0,0,1,1
68.0,91.33,6370.68,51,436,3,2.9491182326526815,1.7160836715694967,1,1.1395051511480583,2,1,1,0.4461895118397861,5.5066975180841515,1,1,5,0
12.0,123.16,1561.77,29,850,1,-4.018352364965829,-0.10625274415871923,5,0.14286380161227785,1,1,0,0.43246120729580656,-3.5581414472440014,1,1,0,1
1.0,86.31,88.41,41,689,2,5.66382119210062,2.102142350442965,1,-2.6969998891671256,5,0,1,0.5010944716047825,3.214312503851693,1,1,1,0
33.0,75.14,2311.8,50,634,4,0.8839167585453676,-2.3260880860798068,17,0.5615066363499017,1,0,0,0.169030851467291,1.960501265171187,0,1,3,0
48.0,133.63,5876.95,40,646,1,-7.671451234371901,6.324867906778309,4,7.425968518240805,2,0,0,-1.832651736086326,-5.276248877096845,1,0,1,0
33.0,76.6,2529.81,21,592,1,5.111225402196398,3.398980771212674,1,-3.244728811262694,2,1,1,1.126343440160244,1.3827555891426087,0,0,1,0
67.0,75.97,4913.06,40,523,1,-0.41632432719978996,2.0625661350275073,8,2.079645298701636,1,1,1,0.5053435085020188,-1.5211887382009177,1,0,2,0
72.0,35.5,2769.29,36,470,1,0.9540759311052025,3.3935626083782315,5,1.8583477022054455,0,0,0,1.705246784980668,1.0522803430837864,0,0,0,0
66.0,50.52,3413.87,22,525,0,4.966575614970257,6.073523868614045,9,-0.018724597912251006,1,0,1,-1.053666826306729,0.03314177405214399,0,0,6,0
42.0,31.07,1318.94,31,537,1,7.245078064009183,6.768041870994985,1,0.7723007355468161,1,1,1,-0.3274264604072413,1.7723477985626945,0,0,6,0
70.0,19.99,1397.33,18,368,0,9.007599173236933,13.506283913690918,1,1.8289442987927496,4,0,1,0.22528671962509728,1.8715908066093223,0,0,3,0
45.0,53.24,2607.34,53,721,2,-2.4239324493841035,-3.522756228439457,6,2.246564135881279,1,0,0,1.084348498056386,-3.2549249560729683,1,1,2,1
32.0,56.33,1921.67,50,617,0,2.2453680479602482,0.6275705408945493,3,1.4356477686706477,1,0,0,1.3546755090843718,1.7897958326544594,0,1,1,0
63.0,84.84,5487.01,37,687,2,-3.6172236902895576,1.2698376562418088,1,3.4061253492688293,0,0,0,2.1370608746793778,-3.8111362429914815,1,1,2,1
19.0,112.41,2243.67,36,837,1,-3.233268894927478,0.43673467172667013,8,0.33381106177143705,0,0,0,-0.19565407843172974,-2.7743292835925115,1,1,2,1
72.0,85.29,5940.86,37,564,1,-1.7995912759381159,1.458996962887657,0,2.7742089442546223,1,0,0,0.570314065644888,-1.6449221576151474,1,1,3,0
25.0,35.24,841.48,27,698,2,4.368748246884901,4.03949624304156,4,2.9846625619402656,3,0,1,1.3812743849454565,-2.920451287455356,0,0,1,1
72.0,45.36,3440.28,43,403,2,2.6441555641473404,6.518877245241585,4,3.0883057129776668,2,0,0,0.11885287712778729,0.502150887848723,1,0,9,0
1.0,94.59,97.14,75,823,0,1.6887071695511027,-8.86557125178958,3,0.6759266359750521,3,0,1,0.5902236705937242,1.8079392934909326,1,1,9,0
65.0,139.92,9786.02,27,667,4,-4.0161503482243734,-0.16292325301235275,0,2.7775928905798706,1,0,0,-0.7967413068494787,0.4141465081848924,1,1,0,1
72.0,29.7,2207.91,23,423,2,5.092113777750058,7.113303649401114,2,1.5233742044764396,0,1,1,1.4237182287397188,3.082035955618264,0,0,3,0
9.0,81.39,688.85,54,661,1,3.3646490240273117,0.4092031012749727,5,0.813333094755848,2,1,0,-0.2044058424486472,3.1459720862721072,0,1,1,0
10.0,105.48,1144.46,56,552,1,7.733407326590306,3.5176899245494866,9,-1.824472481708563,1,1,1,0.3021588855601929,10.096435740412533,0,1,7,0
1.0,71.27,73.72,44,720,5,5.443263156156871,1.5398835656186252,4,-0.272944047143049,5,1,1,-1.3371184422429074,1.4229486652179544,1,0,2,0
56.0,83.14,4886.56,67,620,0,0.7618276473435097,-7.9808605724046116,2,1.863194587710968,5,1,1,-0.7777033833651592,4.9356074122436695,0,1,0,0
72.0,19.99,1540.57,49,479,1,1.839824433804449,-4.524107663869989,0,2.5102661352151934,0,0,0,1.5207778250278445,-0.6121650323437037,1,1,3,1
25.0,64.12,1531.65,37,609,0,5.0318621608964165,3.3493276344768868,7,-0.5514835191996178,1,0,1,-0.35548231033477723,2.0820524270893657,0,0,4,0
1.0,100.58,107.19,22,656,2,6.822979801576344,5.856513933893996,2,-3.6769217226808775,3,1,1,-1.589025515516977,5.602761227014346,0,0,2,0
1.0,108.61,113.09,59,692,3,6.18724916862784,-1.0237742273537656,1,1.762621822793211,5,1,1,-0.3788004875838295,5.740289182240668,0,1,5,0
40.0,79.49,2981.35,34,660,2,-0.6873091158055804,4.705486043145857,10,1.9210367372372859,0,1,0,-2.1935490995770213,-1.9214758775885135,1,0,4,0
25.0,105.09,2630.75,19,703,2,-3.470564969484772,5.605780678031609,2,-0.686909044343038,4,0,0,-0.20063692981370962,-1.1813719285842164,1,0,3,1
23.0,58.81,1223.33,18,597,4,4.983818595744942,6.450101843145262,7,-0.3699519476919312,4,1,1,-0.6018949954416841,1.076236939031701,1,0,1,0
47.0,135.24,6062.63,43,725,1,-5.383690204110486,-0.5533465975626365,1,4.362602642463545,1,0,0,-2.1559747782914633,-1.1783026837257444,1,1,0,0
1.0,91.73,93.9,66,758,0,0.23730240221134183,-8.100288421742086,6,1.3967146231360124,0,1,1,-0.7158321275777658,3.0723403815252004,0,1,8,0
72.0,30.32,2075.34,29,446,3,-0.0003702811291335673,-1.7522694250683553,3,2.0295158613111393,1,0,0,0.913584509421567,-0.8590231187239257,0,1,2,1
26.0,59.53,1629.67,38,499,1,10.53212285109169,5.598919731837924,4,-0.5153117238496013,3,1,1,0.9021456794326984,6.610450688844174,0,1,5,0
42.0,108.65,4836.59,36,691,0,-3.1266076556427747,2.3490521291955075,7,1.9985236066651972,1,1,0,2.925024115440914,-2.472119777807374,1,1,1,0
28.0,84.85,2525.76,18,753,1,0.5673990639233759,6.255895563255401,7,-0.5943475943693887,4,1,0,0.1282045246270535,-3.613398035411589,1,0,2,0
25.0,82.03,2116.51,18,761,1,-4.003649101161244,3.059133632380761,13,-1.0246313288087987,0,1,1,-1.0341618149155483,-7.3389575490540055,1,0,2,0
47.0,90.57,4138.73,19,641,2,-0.19407324957176045,6.484938306805093,4,0.6623664677040979,1,0,0,-0.5132927818871604,-0.49055947628454155,0,0,4,1
29.0,72.71,2103.09,66,663,3,2.604737945518008,-7.97969179615702,3,2.492319991497072,2,0,1,0.2851061089985153,4.269247247218207,0,1,6,0
28.0,43.79,1248.18,47,708,4,-0.37184126207789103,-3.8129340255243713,0,1.7060316035333927,1,1,1,0.9733042962434966,-1.8996467231233436,0,0,7,0
12.0,57.82,737.21,50,680,1,4.664063393037441,-1.297502409191746,2,-0.6154653222495573,2,0,1,2.39284733359862,1.8179364077886737,1,1,0,0
46.0,62.65,2899.94,40,454,1,6.194875827746864,6.720593627659076,5,0.306001921430347,2,1,0,1.053716390548826,6.598234015510963,0,0,4,0
1.0,144.56,131.93,45,732,2,2.1911892810949665,-1.3641438527847523,2,0.29210692664151827,4,0,1,-0.6047690426952168,6.109910343850519,1,1,1,0
57.0,40.2,2106.29,34,501,1,4.011597818196721,5.867612508456683,0,1.06451963548284,0,0,1,1.9184767815032624,0.5856460052314937,0,0,5,1
36.0,125.99,4148.54,29,664,1,-2.9391487757869457,1.8349571546671846,1,-0.0011569222363086995,1,1,0,-2.1843553540313527,0.3153068241607672,1,1,2,1
36.0,82.0,3118.58,45,695,2,0.2191848721412624,-0.18803829167687552,8,3.743079541129239,1,1,1,-1.0155297700628478,-2.4295787939844256,1,1,1,1
56.0,53.81,3013.71,54,645,2,-0.35897020228001586,-5.179026296266399,3,1.8188995562317507,2,0,0,0.4111582515323666,-0.6276820329897591,1,1,2,0
72.0,80.76,6146.74,43,661,3,-8.54913750525563,-4.925249299527662,2,2.3526600274425853,4,0,0,0.2817267442627531,-5.584314386980029,1,1,2,1
42.0,36.71,1671.16,42,648,0,2.020878352011045,0.11935213891394957,8,0.07387342020327059,0,1,1,-0.07994059082306082,-1.3109067727696289,1,0,2,1
70.0,28.69,1834.33,38,615,1,-0.8548845479214326,-2.8056765112059865,12,3.2728469105304847,1,1,1,-0.615927430865905,-2.40114943590995,0,0,5,0
16.0,52.29,843.73,20,662,0,3.4096964782243324,8.463867178314946,4,1.1878717250892175,0,0,1,0.7000185398935235,-2.4262408097204964,0,0,5,1
57.0,102.48,5993.78,34,640,1,-5.166573811191501,-3.276178514463465,1,-1.036931003359208,2,0,0,-0.8053232260246339,-1.5658101312234738,1,1,4,1
1.0,88.81,84.42,80,850,2,-2.5829362857749363,-13.228546428125464,2,-0.5221901509585637,1,0,1,0.3791149252985256,-0.9735018511931621,1,1,10,0
67.0,74.98,4525.31,41,522,1,-1.4744440568242516,-3.460626647200907,0,-0.4326264604508864,1,1,0,-0.7502528579744698,1.1091131241557646,1,1,4,1
66.0,19.99,1270.72,18,486,1,5.002184044607441,4.614724761555643,3,-1.237288333590158,1,0,0,-1.0027130471203818,0.2274985184056244,0,0,3,1
28.0,57.59,1711.35,45,683,2,0.5188217322397178,-2.2135852305729826,5,3.3715851467578717,0,0,1,-0.6404992938350329,0.06023773900060551,0,0,7,0
38.0,74.72,2913.17,51,566,1,2.145283177015139,-0.7285566633009469,1,1.1510870861727671,3,0,0,1.6464343525539906,2.9363874230698173,0,1,4,0
51.0,56.86,2715.25,27,641,2,3.85373625180254,3.5553183253124043,11,0.5402772135343499,2,0,0,0.5295676212387059,-0.6301185948160671,1,1,5,0
3.0,102.25,314.53,22,783,1,-0.44536082022072226,7.184928982690339,1,0.31554119961356075,1,1,1,-0.30480501730734894,-1.0677330356823602,0,0,4,0
1.0,117.9,128.25,55,630,0,3.6271964114312967,1.8445856472121152,4,-0.6463265401528483,1,0,1,0.34465640017353383,7.948708583272609,0,0,2,0
72.0,85.86,5802.88,19,563,1,-4.3446803091708865,1.8895194046835275,3,1.2216014483654296,0,1,0,0.11602191222892805,-1.7385240071388135,1,1,0,1
3.0,57.37,167.4,71,801,3,-1.809561797083795,-7.577143532191942,3,0.1813471362166249,2,1,0,0.048478061684763527,-2.633735984771306,1,1,7,0
33.0,97.29,2950.46,22,786,0,-3.1985615502429585,3.0554674495207954,15,3.5022892346000596,3,1,1,0.5529997237845039,-4.568567488018575,1,0,1,1
1.0,81.91,76.58,71,751,2,4.463751686092935,-6.158261946293951,8,0.02960094990363682,0,0,1,-0.546968862079366,3.8429225024242863,0,1,1,0
72.0,94.94,7395.46,25,699,2,-6.815305511599127,0.4444723794501818,2,3.269913699382029,3,1,0,-0.07032164767244498,-5.282342299939698,1,0,1,1
30.0,71.01,2214.93,38,643,2,4.317274170930993,1.1377476464701655,4,-0.5241377631803655,0,0,1,-0.9584148758864497,2.1390642092018624,0,1,3,0
42.0,130.68,6033.62,53,558,2,-1.5715136798689688,-5.786816901174052,4,-0.22401861760555308,3,0,1,0.0560833975868275,3.501343728416182,1,1,5,0
18.0,124.61,2347.29,51,733,0,-3.1981500629502593,-0.305097493159178,4,2.6420659105041913,0,1,1,-0.4441040625264002,0.1370703902486666,1,1,0,0
54.0,97.2,5120.32,34,606,1,-5.821822941559075,6.919471199866523,7,4.382271649727824,0,0,0,0.3869996159642586,-5.9445181393126605,1,0,3,0
72.0,19.99,1544.89,32,560,2,-0.43686191074095604,-2.7733733099068814,5,1.7131036033563816,0,1,0,-1.6786437861039023,-3.2108607423068896,1,0,5,1
39.0,95.86,3744.31,41,687,2,-4.010883730738001,-0.12125390214432667,8,-0.26008288521062095,2,1,0,0.02469219132633291,-1.8123076713658892,0,0,1,1
36.0,94.95,3398.77,44,579,2,3.2416798383515477,0.2843963805569561,7,-0.19789387765648303,0,1,1,-0.09031317866474657,3.823359764868757,1,1,2,0
62.0,83.95,5272.75,45,575,2,0.21131106469507469,3.1945453173511615,1,2.942054052364793,1,1,0,1.09797414910295,0.48498084989074297,1,1,6,0
50.0,31.16,1417.28,57,729,1,-2.758473120790109,-7.4970637863755325,16,1.8225088777500407,0,1,0,0.21841038574197344,-4.4497916820962,1,1,6,0
22.0,99.01,2250.05,29,754,1,-5.1785310580438315,5.517207177235177,1,4.398607632751605,3,0,0,1.46027775231479,-8.362007529610946,1,0,1,0
16.0,127.58,2095.24,28,750,1,-3.886877871459695,3.0414436283033037,7,-1.530440947028306,1,1,1,-0.29682600714087676,-0.2645166727213733,0,0,1,1
38.0,115.33,4436.3,59,575,4,2.580688354762034,-2.897366255690795,2,1.2317091517189753,0,0,1,1.0363718004539404,6.091608875752078,1,1,1,0
3.0,97.14,291.02,33,665,1,2.598548644138334,5.768375852649085,1,-0.5514670645599319,2,1,1,1.130510868463719,2.039563035268526,0,0,3,0
49.0,72.5,3308.54,32,761,1,-5.34251419155491,-3.4788815831186293,2,-0.21450552581039484,2,0,0,0.460076756574814,-5.15439454460087,1,0,3,1
71.0,39.09,2923.17,33,350,1,9.839982118909493,5.95120375283209,2,-1.8701521915557437,0,1,1,-0.9227861500347239,5.226287666159002,0,0,8,0
72.0,53.19,3901.55,34,601,2,0.1151565257074433,-3.292631843770786,1,-0.5855769807894409,3,0,1,-1.0804780505901634,1.6981988253183293,1,1,1,1
64.0,96.04,6245.49,49,404,1,2.5884176764991658,1.9180738751614894,5,0.6592767422993655,1,1,1,-0.13917608592319347,3.7605001826984377,1,1,2,0
44.0,59.69,2495.97,18,668,2,-0.118827443977505,9.757166766663678,2,-0.059926380254936795,3,0,0,1.6447184116639788,-7.052873498345304,1,0,4,0
17.0,124.76,2302.68,38,557,1,-2.7131391433167744,5.393178108346376,0,0.2044574343564094,0,1,1,0.037897689047287235,-0.7165281682133591,1,0,2,0
5.0,97.72,471.88,57,834,0,-3.9534936124320232,1.7271346318698364,1,2.4166929477096635,0,0,0,-1.577179328000215,-3.9861008807894702,1,0,4,1
34.0,137.65,4798.21,50,532,2,-2.2805564644037593,-3.327092517238494,1,-4.7787656715989755,1,1,0,0.5498827042303723,4.288776411274628,1,1,4,1
72.0,44.29,3170.18,25,576,2,2.622874135100894,7.522408386360636,1,3.804856740484832,2,1,0,1.2577922875431953,-1.7898361736293675,1,0,10,0
72.0,77.66,5906.13,18,523,1,-1.9004517411074857,6.473923654683657,6,-0.6072006892540934,0,1,0,-0.35577370324217833,-0.7962160401273648,1,0,3,1
49.0,67.11,3308.92,61,620,2,1.1560053016687013,-4.877579585811741,7,1.2114916759359493,2,1,0,1.868682723345007,2.7916504951553525,0,1,0,0
72.0,19.99,1319.98,24,590,2,0.15146073918719985,0.2702692898249041,2,4.065269568420664,1,1,1,-1.810378303801762,-5.938579184149769,1,0,4,0
1.0,149.99,137.75,45,826,1,-1.7451144959517217,0.2243839242130507,4,-6.34141189871178,3,1,0,0.899502376795174,2.4116485013053293,1,1,4,1
5.0,44.18,209.77,62,850,1,-2.45479491174519,-12.589236128002534,1,-1.4484136552802096,1,0,1,-0.6472118540715098,-5.751016852168443,1,1,5,0
44.0,68.18,2975.69,18,636,0,1.1820049957862646,10.630884781016132,2,1.7622613718271412,4,1,0,0.6170802261915842,-4.306700798728771,1,0,6,0
34.0,80.3,2541.7,31,780,1,-3.5101876841442228,0.8309434905963489,5,1.33689612064978,0,1,0,0.09615514167015778,-5.3164625780717225,1,0,1,0
72.0,114.23,8873.95,55,477,3,-1.1389209360502368,-1.32536860306573,0,2.4998289485687386,1,1,0,-0.5209851764112728,2.8325279507875427,1,1,2,0
1.0,92.36,96.72,37,828,1,1.146616491550075,-1.0683723168011885,2,-3.101310539194424,0,1,1,-0.37004187476443245,1.4714493700384221,1,1,1,1
2.0,92.11,180.63,40,628,1,6.2659521568048335,3.833425100645276,1,-1.8385977764965378,1,1,1,-0.5568571250719805,6.810433331632731,0,0,4,0
46.0,19.99,877.9,41,769,1,-0.682905851257551,-9.039635375643172,5,-1.7594793980309886,2,1,1,-0.9639215521263523,-5.435391994938643,1,0,4,1
72.0,21.14,1619.69,57,548,0,3.9505969700845283,-2.4390447197329186,0,1.006612762863187,3,1,0,-2.359644335987048,0.6860574035132606,1,1,7,0
32.0,66.47,2090.61,62,728,1,-0.7992828711997818,-6.3080840772576146,4,2.4313544274049277,1,0,0,-0.012331535204843206,-1.0439631127644755,1,1,3,1
65.0,83.75,5428.45,27,622,2,-4.999398137588975,-3.4666629638035578,6,-2.2955262437751442,3,1,0,-0.2892925756501449,-1.0343388660697035,1,0,5,1
1.0,81.25,77.85,37,850,2,-0.3123453496456067,-2.2228771689757454,5,-2.0813420209418334,1,0,1,-1.608655048101528,-1.9498061328249503,0,1,2,1
46.0,81.35,3587.84,50,677,4,-2.0092466693026836,-5.4383346676611195,7,1.3938354903890366,1,1,0,-0.8057054920501321,-0.1287385993027265,1,1,4,0
45.0,97.96,4042.08,31,612,2,1.6088139241868333,2.658011243333305,0,1.643949221378883,1,0,1,0.037292963969605686,0.9118140955945351,1,1,2,0
46.0,62.16,2862.37,27,480,1,7.171397984941037,5.281987382177365,1,1.1284843077957014,2,0,1,-0.9207362567547793,6.285363823438664,0,0,1,0
38.0,64.96,2361.4,53,654,1,1.0045138364116726,-4.5347473013458925,8,3.0588243562888557,1,1,1,-1.5042819845467386,1.4939884553635263,0,1,5,0
20.0,100.64,1840.97,23,739,2,-5.355931085710538,5.137837482446006,3,1.9728791477647034,1,0,1,-1.4245294462448341,-7.063819946251225,1,0,1,0
57.0,47.59,2946.3,47,560,1,1.926432240851676,-2.2764940418083905,0,3.949225256510674,2,1,0,1.322179032479,-0.0539088095000443,0,1,7,0
72.0,105.88,7478.29,33,536,4,-2.001548988538457,2.3266475439104877,5,3.0256649809181693,2,0,0,-1.3628826232751212,-1.6180892650360053,1,1,2,0
16.0,146.3,2273.75,25,717,1,-8.758549511003691,1.0634852370049601,3,-3.189538289092353,2,1,0,0.9540039216399434,-1.8875008077512334,0,0,8,1
6.0,58.07,329.83,66,725,2,0.9966375052976897,-4.4809088802085935,1,-1.8307968699788262,3,0,0,0.3441953333681468,0.03504527458355483,1,1,3,0
22.0,92.44,2013.36,19,708,0,0.9945577408742823,10.55807577233288,4,0.394021857381289,2,0,0,-1.5820934411275622,0.10053551742199143,0,0,8,1
35.0,60.03,1962.75,66,661,4,-0.7940387741343364,-5.789573825739215,4,3.659597066744181,2,0,0,-1.8336008619132829,2.652060223868728,0,1,8,0
71.0,91.96,6613.65,33,691,1,-5.870397281654613,-3.006803579170239,4,1.767493263297407,1,0,0,-0.39239836466526634,-3.4304279416671966,1,1,3,1
1.0,149.99,162.07,59,693,0,-3.660754586345649,-1.744352389910743,1,1.7278450972773345,1,0,1,-1.1131548525778139,4.647673788371829,1,1,6,1
32.0,61.86,1815.63,18,820,2,1.534435193359424,5.0843518344273395,3,-1.3783282839604878,3,1,0,-0.8680049900031637,-4.938266761885253,1,0,3,0
17.0,76.96,1269.29,24,850,4,-2.695712640279582,-3.4711757428309076,14,-1.3742066381391602,0,0,1,0.4430209996413356,-3.201501814108711,1,1,4,1
18.0,127.37,2367.08,44,639,1,-1.1067381996920624,2.6459387982301803,0,2.3141075361934362,0,0,1,0.7642135509851079,2.3463291711146277,1,0,0,0
24.0,53.95,1350.01,48,681,3,3.4323182425793166,-2.9289125670707716,4,0.7642451092262667,1,1,1,-0.7284192501652228,0.19711426101257662,1,1,2,0
14.0,103.95,1322.25,59,661,0,2.6850006218755382,-3.785432221063355,6,0.07287126591063975,1,1,1,-0.7811939160900758,7.696576680218741,0,1,2,0
65.0,82.87,5744.0,47,591,0,2.516389445764006,-3.0465286066256736,1,0.8896331761418378,0,1,0,0.4313533369795894,2.513536805032604,1,1,2,0
40.0,66.98,2924.13,19,674,1,1.3453244137066038,7.39325806890109,0,1.6646695280684831,3,1,0,0.32715418494883614,-3.3030516353440924,1,0,5,0
53.0,66.73,3598.39,42,584,0,3.865107181908291,2.706957620148014,5,1.7162262269559978,1,0,0,0.17718777857668064,1.8597302958609796,1,1,6,0
16.0,56.09,952.96,67,685,2,3.1704777412935172,-5.247998574106671,2,-0.2255185983082323,1,1,0,0.6973629454761451,1.4797057823119182,1,1,2,0
1.0,149.99,138.44,26,850,1,-0.38182851626784264,3.338046639375233,4,-1.5473013156755968,2,1,0,1.1907091042532743,3.2576307286723356,0,1,4,1
72.0,62.84,4282.26,26,358,1,4.995394063231284,7.537648110843053,10,0.676488112105564,2,0,1,-0.4888460054301172,8.0688573297913,0,0,6,0
60.0,19.99,1089.53,29,508,1,10.355819538380704,6.451217963833397,2,-1.0716208265765204,3,0,1,-0.840584165780716,1.66848155930535,1,0,10,0
67.0,119.48,7783.13,41,585,0,-4.002956081784974,-3.0568516123909655,4,2.7977607005753944,1,0,0,-0.30685399670780866,-0.9347113659199554,1,1,2,1
12.0,149.99,1877.98,18,784,1,-1.8669633634567764,4.256989442567227,3,-1.2214602299867594,1,1,1,-1.2241890109255422,3.772661526771895,0,1,1,1
72.0,56.61,4151.3,36,561,1,6.877981955870243,3.60486586744015,0,1.4676462287768035,3,1,0,0.436760173521961,3.7271035884632635,1,1,9,0
14.0,99.53,1449.39,21,799,2,-6.52041682294169,5.2143477347230265,5,2.1776929815944066,1,0,1,-0.45132970598986094,-8.940373464019624,1,0,2,0
36.0,34.12,1119.7,18,634,1,7.473434685981638,7.586111414959373,2,-0.5900385091125603,3,1,1,-2.4490271529084455,0.052187013048346276,1,0,8,0
52.0,60.38,3099.36,39,652,1,-3.1463094624915615,-0.1162386338203588,1,0.9202021017890132,1,0,0,-1.197865305414835,-3.4150598692442267,1,0,2,1
57.0,62.07,3492.22,18,521,1,0.4679735203290518,6.386743600280724,5,-2.3755230907248444,2,0,0,0.7972883993212229,1.1200243140578752,0,0,1,1
53.0,42.49,2307.44,36,531,0,2.769739222450843,3.1403504543793987,4,1.5695191556294337,3,0,0,-0.036643005341920935,0.20226892202388733,0,0,2,0
47.0,82.12,3549.39,19,629,3,2.1825404710593395,6.200726272516845,1,-0.7170640085645118,2,0,0,-0.6742512389484298,-0.2413622600803405,1,1,5,0
42.0,95.61,4024.71,28,706,1,-4.791411845393516,5.582697893540763,3,4.882946402476725,2,1,0,0.8165942591073551,-6.644639928187117,1,0,2,0
31.0,97.69,2983.92,39,517,0,0.009997352427501207,3.66005794034295,2,-1.0932996909648,1,1,1,0.08229483722006367,-0.18547313423849598,1,0,1,0
1.0,145.81,154.96,49,830,2,-0.19426260014465907,0.32159732295938354,6,-2.752902013937981,3,0,0,-1.687007631104038,1.913010239405571,1,1,1,1
38.0,122.95,5068.6,38,731,1,-4.853001703047178,-2.028403632629768,2,-0.7752406992395244,1,1,0,0.14632066077053082,-1.8838161021975282,1,1,1,1
61.0,86.63,5590.48,29,640,0,-6.4016440709174125,-3.8260656111825155,4,-1.7219939241368798,3,1,0,-0.26141738106523305,-3.0864095240980167,1,0,6,1
37.0,56.84,2267.1,48,595,1,3.7150719885319994,0.9304901253263671,0,3.0989570100432218,0,0,1,1.212136100765841,2.9412949046134655,0,1,1,0
61.0,61.8,3413.59,22,556,3,-0.20584764067375905,1.5439620957887994,3,-0.15053140352661198,2,0,0,-0.8381519538718012,-0.043349166241420246,1,1,5,1
1.0,129.04,135.58,33,750,1,3.781966654257069,3.2129886692043166,0,-2.1858906509022913,2,0,1,0.11718285173949959,6.373668296402743,0,0,1,0
42.0,95.15,4153.25,59,641,2,0.7185122755964022,-7.232370466795418,5,1.4119721633721205,0,0,0,0.42033710958502324,3.003262343489733,1,1,5,0
13.0,65.52,767.62,67,816,1,-2.876723371721054,-8.83508459122073,5,-0.45037185456782225,1,0,0,-1.0975692739413523,-2.2148703853712073,1,1,5,0
8.0,124.77,917.28,42,850,1,-2.4154325477944436,1.3473005771909061,2,3.2113692977183046,3,1,0,1.6016340025198668,-1.6886634429600138,1,1,3,1
43.0,59.89,2349.95,42,750,0,-1.4298483832135545,-2.8907327232552116,4,-0.5609310138574346,2,1,1,1.5175825421457454,-2.831272900716959,1,1,3,1
30.0,138.83,4381.83,40,659,2,-4.798847727434859,0.8658283218561128,7,-2.2142473817443884,2,0,0,0.4750483465209157,0.6492861632574508,1,0,0,1
45.0,37.73,1741.3,44,670,1,1.691466350230225,-3.635453850560267,6,-0.5216432689870837,1,1,1,0.8416205155569154,-2.49563186586387,1,1,0,0
14.0,116.29,1672.79,22,679,1,1.1848272072841703,3.3365798099617177,5,-1.4757402471849126,2,1,1,-0.7673430397164287,1.009158992409467,1,0,1,0
18.0,136.69,2415.61,21,747,1,-3.130571860927151,0.6355673088103119,2,-1.3900839204239697,2,0,0,0.8735165303215324,1.5353362989224697,1,1,5,1
65.0,32.44,2129.6,38,589,0,-0.03847710606900975,0.4509824917736306,5,0.9492213740890831,2,1,0,-0.6986291231802848,-1.790978149510609,0,0,1,1
1.0,137.3,141.97,26,797,1,-4.963494246107226,5.614757154030695,6,1.9905314862359034,3,0,1,0.7615535310712026,-4.28790417218324,1,0,3,0
28.0,92.29,2456.59,52,708,2,-3.7291858641355757,-1.042792684391318,8,0.5569908821400396,1,1,0,1.9901842184694132,-2.09484284630331,1,0,1,1
44.0,84.53,3833.91,31,622,7,0.7682875194119396,1.1570705329271074,7,-1.2640581230768535,1,0,1,0.08309878855740405,0.0012467503759691428,0,0,1,0
72.0,77.71,5038.96,37,643,2,-7.125514509190122,-3.6280609692474615,6,1.9547136807960896,4,1,0,-0.12540815829933297,-4.667741286939849,1,1,3,1
28.0,108.21,3322.09,54,667,0,-5.355667918560415,-5.183098114111811,7,-2.1713583007526864,1,1,0,-1.1990277583713362,-3.9826083304793976,1,0,5,1
16.0,99.37,1622.29,46,614,2,3.49221433619925,2.9594108250502016,10,0.5150544909908504,1,1,1,-0.7439649318792142,4.295593513387103,0,1,3,0
36.0,83.76,3092.32,55,644,0,0.16715758625499455,-4.737176209476334,5,2.8777572914754774,0,0,1,1.7541848268487505,2.8126305277791905,0,1,7,0
56.0,71.7,4386.71,25,725,0,-5.671806697890241,-2.563166972283451,7,-0.094701601497588,2,0,0,-0.14010270856050913,-4.8168337182122025,1,0,4,1
12.0,69.76,847.93,32,692,1,2.979238765145346,4.654850702509675,0,0.3811586343657054,3,1,1,-0.10138357051481206,-1.1997143362206584,1,0,2,0
1.0,123.74,132.19,60,739,3,6.338756139883854,-1.2236703899784886,4,-0.23188619438425484,4,1,1,1.7475744113362388,7.526463841583153,0,1,3,1
52.0,66.19,3276.93,40,666,0,-4.010399900578752,-5.8311699497587215,6,-2.4112215050655323,3,1,1,-0.7724347265631596,-2.9862388986465915,1,0,4,1
26.0,50.77,1320.3,22,803,0,1.2163844076484176,-3.04827479967609,1,-2.4260798434312174,1,0,1,1.2154672559569202,0.10953032571187916,1,1,1,1
52.0,19.99,1011.05,39,666,0,2.478373238584547,-2.4968061574522,4,0.8510666855505652,2,1,1,0.8493103065034997,-3.0419648840805746,1,0,1,0
1.0,97.88,93.51,65,699,2,1.8039356828822348,-3.179926292237391,2,-0.40927931333580225,2,1,0,0.5723805078948601,3.5078834209296654,1,1,2,0
35.0,47.27,1522.36,33,682,0,3.4794571231844227,1.4392028131895234,2,3.3965420883411945,3,1,1,1.2803211798582255,-1.609527202002611,1,0,0,1
39.0,51.43,1899.55,46,659,3,0.19992234013169138,-2.385351560064159,2,0.410614748612718,1,1,0,1.8477259542083446,-1.0697795796520553,1,1,2,0
19.0,138.24,2595.91,34,701,3,-3.427922611435446,-0.29376954196315797,1,-2.2562557263617746,0,0,0,1.1899497244917934,1.3372620130751705,1,1,3,1
1.0,99.89,97.37,50,850,1,-1.6605749914862984,-3.3615648040739616,6,0.6771669355286879,2,1,0,0.4191242468395281,-5.707469697631645,1,1,3,1
49.0,52.77,2506.82,41,509,1,4.704083854722601,5.164221189631493,1,0.25883713661827357,1,0,0,0.2678592666467479,3.433563384680247,0,0,4,1
72.0,19.99,1521.01,20,506,0,4.405420677105123,5.8234215505129665,4,1.3445390472114553,1,0,1,1.3215497051568867,0.05334736567495997,0,0,4,0
38.0,75.77,2595.75,51,598,4,2.2112061803294276,-2.0165154363762285,6,-0.9113859962079632,2,1,1,-0.981913357428135,5.442503206439525,0,1,1,0
67.0,70.65,4793.92,26,505,4,-1.983174909397693,8.114652465537738,1,2.317895145966591,0,1,0,-1.1526208745614355,-5.872194055955149,1,0,3,0
31.0,99.4,3090.12,45,732,0,1.447340841611514,-0.7000752281624106,1,2.4000968762336434,3,0,0,-0.10227991918262092,1.3850372097853763,1,1,2,0
49.0,104.56,5002.53,33,598,4,-3.6452357309149117,-3.458955513565358,4,-2.9222709290452507,1,0,0,-0.6218458401166121,0.9224131136944643,1,1,7,1
72.0,68.28,4693.57,29,600,3,-7.8269964051179866,-5.740279074838998,4,-0.6002173289454258,3,1,0,-1.9832508403266977,-4.4924464717504975,1,0,9,1
57.0,64.75,3374.43,59,591,2,1.1170307925191696,-6.393041740404294,4,3.546007471178861,2,0,1,1.4187844708700117,2.6916277201043033,0,1,5,0
15.0,70.32,967.22,54,618,0,3.233407470209196,-0.4154649900279114,6,1.6410818205730024,4,1,0,0.8048966267165222,2.2727316584107227,0,1,5,0
53.0,20.2,982.87,28,649,1,1.191755367890924,-0.7384998438186835,4,0.34961219135804344,0,0,1,-0.8402155693912503,-3.0862877658534744,1,0,1,0
1.0,99.37,101.41,64,794,0,2.2061018784213138,-4.03995791116158,2,-3.053582809259285,4,1,0,0.9383378726575418,2.1178814326969486,1,1,1,0
29.0,149.99,3970.87,44,699,1,-7.51806003408041,-0.14426188448246402,1,3.2392266882755205,1,0,0,0.26204431513470366,-2.34336206873364,1,1,4,0
37.0,52.98,2150.07,36,611,2,5.587092462817904,4.024447198069597,0,0.26912261995835096,3,1,1,-1.8601102205572537,1.4209979133520403,1,1,6,0
43.0,87.93,3962.84,72,639,1,1.5912450955599529,-8.787992160356678,6,2.7067984230708726,2,1,1,-0.5221748753932661,4.645397063702435,0,1,4,0
41.0,79.6,3478.81,46,570,3,3.5540335806681007,-1.0534181604418462,0,2.702640431930457,0,0,1,0.7891131929305609,5.234211927394668,0,1,3,0
65.0,37.34,2668.37,34,582,4,-0.8409994968762305,-1.1043745325403025,6,1.0625542893250421,1,0,0,-0.2222640176576017,-0.2708674981466697,0,0,4,0
72.0,40.49,3185.61,52,479,1,1.9113393212325083,0.7215633981693385,4,2.046867161916051,1,1,0,0.8095298121235575,1.5178508570150742,0,1,0,0
10.0,68.05,637.32,23,593,4,10.232246462687169,6.857713990626259,1,-3.1603513985063274,3,1,1,-1.7477889195976268,5.217197206124063,0,0,5,0
1.0,61.56,56.5,33,579,1,9.738019657706785,8.123315673761201,1,-2.7881742221611225,5,0,1,-0.5073074320201736,5.283121791798871,1,0,5,0
39.0,90.5,3630.42,29,575,2,1.8767783428781697,4.187359340322976,2,-1.752723308461837,0,0,1,0.946075106325476,1.1068684975120262,0,0,2,0
1.0,92.2,97.22,48,651,2,9.45388383660683,2.4452524148430568,5,1.3601272937048137,5,1,1,0.14431241142479675,6.410438195723118,0,1,3,0
39.0,57.99,2120.67,36,589,1,3.4336878636347152,1.357475061081386,3,0.7363330138917229,0,1,1,-0.8000530770848547,2.782739186409415,0,0,0,0
31.0,98.91,2912.51,42,382,2,8.885025807161721,4.984742146389691,0,-2.079915429474997,0,1,1,-1.862690190186579,9.816124182450714,0,0,4,0
34.0,63.19,2192.62,53,574,0,7.728299723874086,0.2178905347644564,0,-0.5695820809661948,1,1,1,1.6311575320720548,4.29771083775236,1,1,6,0
8.0,120.74,1033.37,39,712,2,-3.7690006309287782,3.049462247790231,6,1.43537033685613,1,1,1,0.6367269809196806,-2.1994914909786836,1,0,1,0
31.0,120.04,3434.02,41,793,5,-0.41612176109252397,-0.5107535921743765,2,1.380339120517724,2,0,0,-0.07088996846337901,0.6935562360583832,1,1,4,1
1.0,130.61,121.45,57,739,5,-4.527993942454643,1.2255746570796036,2,3.8428121429020754,1,0,1,0.6830619862467773,-1.028399345003205,1,0,1,0
14.0,76.92,1054.0,53,729,2,0.5270843258380652,-4.105936167380591,4,-1.4626541761015117,1,1,1,-0.9798742474989713,0.47388326114260415,1,1,1,0
43.0,23.32,941.53,35,556,1,6.554245698055364,3.414809787803202,2,0.3589185696022402,1,1,1,-0.5958726134386154,1.6455779341365468,0,0,3,0
9.0,95.21,889.73,77,675,4,0.3769848868746178,-2.985246018297697,7,-1.5202122064762982,1,1,0,1.496448746707028,3.6900593848156733,1,1,1,0
38.0,39.97,1445.58,29,850,1,-4.78970472689292,-5.282703724189917,2,1.054767969254974,1,0,0,0.7272374348353673,-9.569347044345916,1,0,3,1
50.0,85.55,4196.51,47,418,2,5.494344498208117,5.186802655601259,2,1.4137007858942048,1,0,0,-0.5872845179950738,9.3987731466269,0,1,1,0
1.0,149.99,156.65,20,809,2,-1.0759128705660324,4.641413279508844,12,-1.5466404599320946,3,1,1,-0.687446672489098,2.1379696976796074,0,0,2,0
49.0,37.59,1908.22,26,810,2,-2.397147402080646,-4.233204187500528,5,-1.9500840979576197,4,1,0,-0.4446964643687037,-3.820280170896036,0,0,1,1
59.0,68.86,4032.79,22,684,0,-1.7465358935870627,-1.3892297263645217,4,-1.2038689249314463,4,0,1,-0.10105124462759285,0.26573595482185497,0,0,1,1
51.0,72.93,3471.07,31,536,3,2.2784091457848454,5.036318540770059,1,-0.07071941570549989,0,1,1,2.433387009629314,0.6782619492694647,1,0,5,0
43.0,26.01,1064.15,26,636,2,10.996300820956748,4.541782509513938,4,-0.6251709311937473,3,1,1,-0.5801542319466332,3.6273213400500826,0,1,10,0
19.0,102.02,2052.55,44,637,4,4.942154624572357,1.014656186922857,6,-0.8571897167398811,0,1,1,1.2150696452682175,6.883021135564974,0,1,4,0
2.0,63.71,114.98,62,620,2,6.21807575293371,0.5292246185815752,2,-0.7270935559395212,3,1,0,2.2329571767549248,4.608323584701891,0,1,0,0
37.0,44.44,1528.74,19,592,2,6.0936350441882805,8.35724208374977,11,-1.860447824398502,2,1,1,-0.5519221295534523,-0.27036388995730576,0,0,7,0
15.0,81.05,1313.82,64,784,3,-3.402930703017103,-4.8242001952120095,1,3.425767033039297,0,0,1,-0.8378320715064946,-4.499616195187934,1,0,1,1
63.0,40.41,2651.18,53,641,1,-1.8003439680086106,-5.5774007506515915,1,2.0152632163779107,2,0,0,0.11023066925219568,-1.8461432505143265,1,1,4,0
42.0,60.75,2682.57,48,596,3,-2.8914956462618173,-2.4196683662992426,2,-1.959658122185406,0,1,0,0.26433289458018655,-0.35510430656887143,1,0,5,1
37.0,42.12,1430.53,28,591,0,3.9799460231336163,3.7868048352878394,1,2.227670423751356,3,0,1,1.1208382090753797,-0.5757199458580972,0,0,2,0
22.0,103.36,2441.41,36,766,1,-0.23256782194268527,-0.4083541205354526,8,0.21999840243830104,1,0,0,1.6500700798527534,-0.10734204254213267,1,1,0,0
1.0,119.58,118.9,44,653,2,6.3183760867604075,1.3080433407463257,0,-3.469422939410015,1,0,1,-0.7536557228231546,8.51268450462179,0,1,0,0
34.0,100.43,3175.81,80,657,0,-1.0490843221468824,-8.253993622507855,5,1.0685938953810052,1,0,0,0.08297316923325669,4.1044898724657415,0,1,3,0
1.0,104.42,104.98,70,767,2,3.6176665204925293,-7.0222441223802345,0,0.41832371166808824,2,1,1,0.9269745367948587,3.985226504876685,0,1,5,0
15.0,55.58,818.37,22,521,5,12.052205148868836,9.28969097451583,1,0.052434631391543696,5,0,1,-1.6382570399036545,5.055253805484314,0,0,5,0
20.0,65.93,1332.51,41,638,0,5.1592498757362195,-0.4028929840263993,1,0.3856390990222109,3,1,1,0.11829569414533575,2.452310348411615,1,1,2,0
72.0,26.53,1937.8,24,461,1,-0.13766232632252087,1.8547289373291496,1,0.7977440411408245,0,1,0,-0.0016403135369192428,-0.8678126756551142,1,0,0,1
4.0,106.05,450.43,77,738,2,0.35913696945785367,-6.752625842942348,4,-1.7511262420373983,2,0,0,-1.103936605632928,2.286894213507693,1,1,1,0
54.0,19.99,1178.92,36,644,0,1.3012990934013609,0.03503202379309245,1,-0.9408743123243267,0,1,0,0.23775963293911542,-4.397706049395597,1,0,3,0
52.0,48.13,2687.4,40,567,3,0.8990447882435532,0.14842019235292267,5,-0.30128864457467597,1,0,0,0.574214450031961,0.41268530652424035,1,0,2,1
9.0,68.58,640.99,25,623,2,7.715936759759102,4.330379450100841,2,0.039501167629109046,5,1,1,0.6965451291541062,2.378423596773569,1,0,0,0
31.0,82.13,2300.85,38,570,4,6.222661395294188,1.6901064645441175,1,0.6398651362101224,2,1,1,1.8742189060437724,4.953078072934603,0,1,1,0
65.0,95.16,6050.71,33,608,1,-6.826373835490468,-1.1785423655317815,0,-0.7378134154078894,1,1,0,0.43970538346180044,-2.284511414369411,1,0,5,1
12.0,89.86,1150.46,21,670,3,-1.0972341139100747,5.702799164211149,5,-0.3015820135658881,1,1,1,-0.5653998008280477,-4.506082690237865,1,0,2,0
50.0,86.29,4338.64,26,850,0,-6.0583314317367405,0.396960197850198,1,3.6080908911623264,2,0,0,1.8522266297139711,-8.444319648809946,1,1,1,0
22.0,74.67,1510.68,34,618,1,2.7892022506237923,3.0471071906458387,1,-0.8569150689822599,2,1,1,-1.0506007312633636,3.2224923256425195,0,0,0,0
72.0,84.43,6112.07,39,400,3,2.807765825836096,6.490376089130105,8,1.8222416203037772,1,0,0,-1.1005843427632995,2.5373553416962005,1,0,7,0
60.0,29.52,1879.26,23,618,1,4.876639599968898,6.315991858401987,6,0.911429861136789,2,0,0,-2.78519878195651,-2.2684198343731152,1,0,8,0
18.0,80.93,1542.97,75,734,1,-2.697189572669333,-6.497997814559267,2,-0.2316726968130215,3,0,0,-0.028375202157023733,2.482107701756938,0,1,2,0
43.0,56.64,2224.4,38,554,2,8.365656245058814,3.3192686479536566,1,-0.5287078798068862,1,1,1,1.3610618706981006,5.007884038618487,0,1,7,0
37.0,83.8,2943.78,35,650,1,-2.7999849607911496,1.4403802337348317,4,-1.180538658880172,1,0,0,0.6927813385261014,-1.0152807014441065,0,0,2,1
1.0,116.18,112.82,31,804,2,0.22079183734296684,-0.3090040718954931,0,-1.6550125281462549,2,0,1,-0.8809535224428744,0.805750349741588,1,1,2,0
18.0,134.62,2600.22,33,605,0,0.3265104697420755,4.187984454084232,5,0.5436382487592945,2,0,1,1.8665893450677227,2.7074500161031994,1,0,0,0
18.0,122.48,2169.27,42,705,0,-6.298720930742223,2.0757111234684964,5,2.6422220205600295,0,0,1,0.552369285173602,-4.622258888434936,1,0,3,0
1.0,94.38,86.97,68,719,0,5.177559554550393,-3.267436564396804,4,0.5102310218042968,2,0,1,-1.2207017159476223,6.580948835865673,0,1,4,0
18.0,84.01,1499.6,46,796,2,-0.5448224230770325,-4.904324921441095,2,-1.6937774747127494,1,1,1,-0.42995292074240277,-2.5146890943431224,1,1,1,1
47.0,95.57,4489.14,23,658,2,-2.979936215917336,4.323229726771803,3,2.670004175279074,1,0,1,2.602061583522535,-4.817404229285025,1,0,1,0
72.0,82.22,5597.78,23,545,2,-1.4626165801979016,1.2255918241555182,1,0.3697076728771322,2,0,0,-1.4172353109902913,0.3529414593643317,1,1,1,1
72.0,77.23,5858.91,44,476,2,-5.683574318385872,5.4782745488423235,12,5.138547634538189,2,0,0,2.019714649831828,-6.308153615494989,1,0,3,0
58.0,29.15,1563.41,31,638,2,-0.2946998942737231,4.895655826762489,1,1.2821734838912815,0,1,0,0.21538401092286283,-2.644885810066285,0,0,3,1
23.0,85.41,1810.55,33,825,1,-1.7404066126120272,-0.5550493990563572,2,-1.3345828791259349,2,0,1,0.5096007147206664,-2.8856597450155403,1,0,4,1
59.0,36.74,1964.52,39,660,3,-1.015655204716584,-4.379872279237575,4,2.411905330968327,1,1,0,0.3337540569591102,-3.855593067513921,1,1,6,0
36.0,147.09,4852.63,20,527,3,-0.9742515443302333,0.4739878285027541,9,-5.185691539707157,0,0,1,1.376898263013181,8.487951472761937,0,1,6,1
52.0,72.81,3494.36,61,584,2,-0.9108005822434417,-2.6615406067908034,1,0.27723285140103615,1,1,0,0.1890943411137453,2.7826676035720253,0,1,1,0
18.0,119.18,2304.74,18,745,3,-7.620882977658728,10.4003693393163,8,4.3263317560807115,4,0,0,-1.7808082201469158,-9.03954120107298,1,0,0,0
46.0,48.9,2294.06,39,560,4,1.910597677421256,-0.02320881417321271,6,0.2419086562333771,1,1,1,0.4325921280298246,0.07066400396826572,0,0,4,1
39.0,103.61,3924.56,46,663,2,-4.276865351982012,2.44464840042222,7,3.8272418423617878,0,1,0,-0.9767405431771368,-2.825309755235612,1,0,2,0
72.0,109.31,7542.17,33,524,0,-3.8877742422573314,1.1963784390689016,10,2.48074516792736,1,0,1,-1.4644182463060453,-2.2610222398956554,1,0,1,0
19.0,71.4,1291.57,44,614,2,4.986323762012849,2.6638934841842463,1,-1.4086863430003622,1,1,1,-0.26081666410775783,3.3650309999276904,0,0,4,0
1.0,101.93,108.79,62,850,1,3.2387374102445485,-6.689011828856989,6,-1.0721764143322536,5,0,1,0.28914618757591604,1.1731316076532632,1,1,8,0
68.0,85.98,5936.58,18,604,2,-4.854891435236885,2.062022181365336,8,-0.566292054293401,1,1,0,-0.11574850515321156,-1.575244347141146,1,0,2,1
9.0,148.8,1286.8,44,686,2,-4.402197896476934,1.4799142669264769,3,1.635815317298281,0,0,1,1.998336979330371,-0.13014403860985269,1,0,3,0
11.0,108.74,1188.96,45,681,1,3.3684626222026495,-2.861120345777527,5,-0.4549330912662638,1,1,1,-1.4275932282498294,5.009459032511506,1,1,2,0
